gridid,glat,glon
PH012801000,18.453,120.910
PH012802000,18.267,120.610
PH012803000,17.906,120.500
PH012804000,18.490,120.750
PH012805000,18.038,120.580
PH012807000,18.219,120.860
PH012808000,18.011,120.500
PH012820000,18.146,120.590
PH012901000,16.893,120.570
PH012809000,18.077,120.720
PH101314000,8.374,124.890
PH101315000,7.812,124.960
PH101316000,7.805,124.800
PH101317000,7.713,125.160
PH071225000,9.693,124.340
PH012810000,18.477,120.830
PH012811000,17.967,120.650
PH012812000,18.195,120.570
PH103508000,8.089,123.890
PH103509000,7.954,123.760
PH103510000,8.168,124.150
PH103511000,8.013,123.920
PH103512000,8.115,123.970
PH103513000,8.122,124.160
PH103514000,8.021,124.050
PH071232000,9.753,123.850
PH012813000,18.025,120.690
PH012814000,17.982,120.780
PH012815000,18.563,120.860
PH012816000,18.085,120.510
PH012817000,18.371,120.630
PH012908000,16.990,120.700
PH012818000,18.180,120.750
PH012819000,17.948,120.540
PH012821000,18.135,120.640
PH012823000,18.329,120.780
PH104302000,8.746,124.840
PH012822000,18.101,120.790
PH153827000,6.890,124.390
PH012902000,17.246,120.490
PH012911000,17.259,120.530
PH012912000,17.683,120.450
PH071218000,9.962,124.200
PH071219000,9.610,123.830
PH012903000,17.598,120.450
PH012904000,17.314,120.510
PH012905000,17.788,120.490
PH012906000,17.193,120.460
PH012907000,17.535,120.390
PH071220000,9.650,124.150
PH071221000,9.739,124.380
PH071222000,9.663,124.280
PH012909000,17.188,120.510
PH012910000,17.152,120.610
PH071223000,9.775,124.440
PH071224000,10.001,124.090
PH012913000,17.440,120.550
PH012914000,17.447,120.500
PH012915000,17.123,120.710
PH071226000,10.127,124.180
PH071227000,9.608,124.100
PH071228000,9.611,124.010
PH104319000,8.887,124.970
PH012916000,17.120,120.540
PH012917000,17.240,120.600
PH012918000,17.325,120.450
PH012919000,17.619,120.400
PH012920000,17.733,120.470
PH012921000,17.612,120.360
PH012922000,17.518,120.440
PH012923000,17.586,120.350
PH025012000,16.183,120.900
PH012924000,17.056,120.480
PH071229000,9.644,124.040
PH071230000,9.819,123.820
PH071231000,9.905,124.510
PH012925000,17.126,120.470
PH012926000,17.367,120.490
PH012927000,17.273,120.440
PH012928000,17.644,120.420
PH012929000,17.056,120.600
PH012930000,17.859,120.480
PH012932000,16.979,120.550
PH012933000,16.938,120.460
PH012934000,17.563,120.380
PH013301000,16.326,120.370
PH013302000,16.410,120.400
PH013303000,16.744,120.370
PH071233000,9.579,123.770
PH071234000,9.846,124.350
PH071235000,10.104,124.560
PH012931000,16.779,120.550
PH031402000,14.828,120.900
PH013304000,16.609,120.470
PH013305000,16.806,120.400
PH013306000,16.880,120.430
PH013307000,16.513,120.340
PH015540000,15.865,120.570
PH031413000,14.878,121.180
PH013308000,16.532,120.470
PH013309000,16.440,120.370
PH013310000,16.839,120.370
PH013311000,16.526,120.410
PH104217000,8.266,123.610
PH104301000,8.488,124.430
PH013312000,16.313,120.480
PH013313000,16.245,120.450
PH013314000,16.608,120.350
PH013315000,16.684,120.470
PH013316000,16.670,120.370
PH013317000,16.273,120.390
PH013318000,16.750,120.490
PH104303000,8.936,124.870
PH104304000,8.919,124.790
PH104305000,8.373,124.600
PH104306000,8.669,124.990
PH104307000,8.514,124.490
PH104308000,8.776,125.100
PH104309000,8.560,124.400
PH104310000,8.483,124.340
PH104311000,8.655,124.770
PH104312000,8.954,124.820
PH104313000,8.808,124.820
PH104314000,8.592,124.440
PH104315000,8.530,124.370
PH104316000,8.341,124.290
PH104317000,8.971,125.200
PH104318000,8.365,124.350
PH013319000,16.847,120.490
PH104320000,8.419,124.340
PH104321000,8.427,124.500
PH104322000,8.861,124.830
PH104323000,8.927,124.810
PH104324000,8.535,124.790
PH104325000,8.960,124.900
PH104326000,8.576,124.790
PH112301000,7.633,125.790
PH112303000,7.372,125.670
PH013320000,16.344,120.420
PH015501000,16.102,119.800
PH015502000,15.837,120.210
PH015503000,16.152,119.970
PH015504000,15.837,120.520
PH015505000,16.293,119.970
PH037707000,15.773,121.400
PH015506000,15.996,120.650
PH015507000,15.890,120.690
PH015508000,16.209,119.850
PH015509000,15.866,120.390
PH042117000,14.414,120.860
PH015510000,15.797,120.510
PH015511000,15.789,120.440
PH045634000,13.810,122.090
PH015512000,16.058,120.590
PH015513000,16.006,120.280
PH015514000,16.323,119.870
PH015515000,15.922,120.170
PH015516000,16.028,119.840
PH015517000,15.993,120.360
PH015518000,16.054,120.340
PH015519000,15.947,119.890
PH015520000,15.865,120.000
PH015521000,15.998,120.110
PH015522000,16.003,120.220
PH015523000,16.013,119.980
PH015524000,15.909,120.450
PH015525000,16.031,120.500
PH015526000,16.062,120.400
PH015527000,15.736,120.280
PH015545000,15.825,120.350
PH015546000,15.970,120.560
PH054110000,12.226,123.310
PH015528000,16.020,120.450
PH140125000,17.832,120.900
PH015529000,16.048,120.830
PH021512000,17.548,121.690
PH021513000,18.052,121.880
PH021514000,18.251,122.120
PH015530000,16.113,120.520
PH015531000,15.869,120.630
PH015532000,15.908,120.320
PH015533000,16.145,120.430
PH034913000,15.541,121.180
PH034914000,15.532,120.760
PH034915000,15.671,121.010
PH015534000,16.086,120.450
PH015535000,16.104,120.670
PH034917000,15.733,120.890
PH071241000,9.691,123.990
PH015536000,16.124,120.770
PH015537000,15.985,120.820
PH015538000,15.988,120.420
PH015539000,15.963,120.700
PH035422000,14.885,120.620
PH082619000,11.158,125.620
PH015541000,16.168,120.550
PH015542000,16.087,120.050
PH021515000,17.747,121.750
PH021516000,18.154,121.850
PH015543000,16.013,120.740
PH015544000,15.902,120.810
PH060614000,10.898,122.170
PH060615000,11.589,122.110
PH082621000,12.218,125.450
PH015547000,15.908,120.560
PH015548000,16.043,120.540
PH020901000,20.459,121.990
PH020902000,20.769,121.840
PH020903000,20.379,121.930
PH020904000,20.405,121.950
PH020905000,20.311,121.850
PH020906000,20.369,121.950
PH021501000,18.391,121.430
PH086410000,10.068,125.000
PH021502000,17.916,121.670
PH021503000,18.200,121.540
PH021504000,17.812,121.690
PH021505000,18.535,121.520
PH021506000,17.923,121.970
PH021507000,18.351,121.500
PH021508000,18.243,121.800
PH021509000,19.187,121.650
PH072242000,10.647,124.330
PH072243000,10.980,123.930
PH072244000,11.218,123.820
PH021510000,18.270,121.680
PH021511000,18.575,121.090
PH023101000,16.815,121.670
PH021517000,18.059,121.540
PH021518000,18.445,121.320
PH021519000,17.684,121.960
PH036901000,15.735,120.610
PH021520000,17.774,121.510
PH021521000,17.914,121.390
PH021522000,18.539,121.210
PH021523000,18.393,122.220
PH021524000,18.533,121.000
PH021525000,18.216,121.900
PH023103000,16.984,121.640
PH036902000,15.245,120.460
PH118604000,6.493,125.460
PH021526000,17.913,121.530
PH141107000,16.619,120.840
PH124702000,7.313,124.760
PH021527000,17.664,121.640
PH060616000,10.772,122.070
PH060617000,11.313,122.080
PH097341000,7.519,123.170
PH021528000,17.679,121.500
PH098309000,7.842,122.710
PH021529000,17.610,121.740
PH060618000,11.030,122.200
PH101312000,8.160,125.180
PH101313000,8.526,124.950
PH023102000,16.780,121.800
PH063007000,10.909,122.720
PH063008000,11.087,122.870
PH063009000,11.402,123.100
PH063010000,11.208,122.570
PH103507000,8.147,124.080
PH023104000,16.902,121.960
PH023107000,16.935,121.660
PH023108000,16.878,121.820
PH023105000,17.063,121.710
PH043418000,14.375,121.530
PH023106000,17.386,121.880
PH043419000,14.252,121.440
PH043420000,14.388,121.440
PH023109000,16.723,121.430
PH023110000,16.687,122.260
PH023111000,17.242,122.310
PH023116000,16.968,121.720
PH023117000,17.432,122.140
PH043421000,14.423,121.480
PH023112000,16.643,121.770
PH023113000,17.074,121.800
PH023114000,17.150,122.020
PH023115000,16.547,121.820
PH142709000,16.861,121.100
PH023118000,17.270,121.740
PH023127000,16.466,121.770
PH142710000,16.697,120.950
PH023119000,17.210,121.620
PH023120000,16.978,121.880
PH023121000,17.009,122.420
PH023122000,17.310,121.610
PH023123000,17.156,121.730
PH023124000,16.789,121.520
PH023125000,17.001,121.770
PH023126000,17.123,121.610
PH142711000,16.676,121.050
PH143201000,17.537,121.160
PH023128000,16.676,121.960
PH023129000,16.742,121.620
PH023130000,17.034,121.620
PH023131000,16.903,122.150
PH023136000,17.370,121.730
PH023132000,16.875,121.580
PH023133000,17.475,121.930
PH071236000,9.911,124.090
PH023134000,17.470,121.700
PH023137000,17.292,121.920
PH025001000,16.544,121.050
PH025002000,16.237,121.020
PH025003000,16.598,121.260
PH023135000,16.678,121.550
PH025011000,16.479,121.290
PH025004000,16.389,121.090
PH025005000,16.477,121.140
PH025013000,16.545,121.170
PH025014000,16.605,121.150
PH025015000,15.909,121.320
PH025701000,16.414,121.580
PH025006000,16.642,121.350
PH025007000,16.205,121.230
PH025008000,16.118,121.180
PH031403000,14.961,120.880
PH025009000,16.329,121.340
PH025010000,16.400,120.920
PH031414000,14.720,120.920
PH031415000,14.881,120.940
PH031416000,14.810,120.780
PH031417000,14.888,120.860
PH025702000,16.442,121.490
PH031421000,15.180,121.010
PH031422000,14.993,120.960
PH031423000,14.839,120.980
PH031424000,15.070,121.190
PH034901000,15.506,120.860
PH034902000,15.658,121.220
PH034903000,15.492,120.990
PH034904000,15.235,120.840
PH034905000,16.015,121.020
PH034906000,15.786,120.700
PH034907000,15.498,121.280
PH034908000,15.285,121.000
PH034909000,15.591,121.050
PH034910000,15.327,121.210
PH034911000,15.656,120.750
PH034912000,15.381,120.870
PH025703000,16.550,121.450
PH025704000,16.354,121.780
PH025705000,16.548,121.570
PH025706000,16.132,121.520
PH030801000,14.722,120.480
PH030802000,14.589,120.410
PH030803000,14.668,120.480
PH030804000,14.877,120.420
PH030805000,14.817,120.420
PH030806000,14.538,120.560
PH030807000,14.475,120.500
PH030808000,14.705,120.320
PH030809000,14.790,120.480
PH030810000,14.590,120.530
PH030811000,14.630,120.510
PH030812000,14.760,120.490
PH031401000,14.930,121.000
PH031404000,14.799,120.930
PH031405000,14.768,120.870
PH031406000,14.931,120.920
PH031407000,14.902,120.760
PH031408000,14.844,120.880
PH031409000,14.817,120.730
PH031410000,14.833,120.820
PH031411000,14.773,120.970
PH031412000,14.752,120.960
PH031418000,14.922,120.830
PH031419000,15.062,120.990
PH031420000,14.816,121.080
PH034916000,15.854,120.900
PH034918000,15.717,120.660
PH034919000,15.493,121.110
PH034920000,15.823,121.150
PH034921000,15.376,121.020
PH034922000,15.567,120.820
PH034923000,15.686,121.110
PH034924000,15.328,120.800
PH034925000,15.271,120.910
PH034926000,15.786,121.000
PH034927000,15.360,120.940
PH034928000,15.432,120.960
PH034929000,15.622,120.870
PH034930000,15.621,120.930
PH034931000,15.763,120.810
PH034932000,15.445,120.790
PH035401000,15.165,120.550
PH035402000,14.958,120.780
PH035403000,15.180,120.760
PH035404000,15.037,120.620
PH035405000,15.104,120.870
PH035406000,14.978,120.480
PH035407000,14.986,120.590
PH035408000,14.899,120.560
PH035409000,15.217,120.550
PH035410000,14.871,120.660
PH035411000,15.234,120.670
PH035412000,14.848,120.680
PH035413000,15.102,120.690
PH035414000,14.960,120.690
PH035415000,15.099,120.470
PH035416000,15.068,120.650
PH035417000,15.034,120.810
PH035418000,15.002,120.790
PH035419000,15.106,120.750
PH036904000,15.334,120.440
PH036905000,15.336,120.660
PH035420000,15.017,120.590
PH071239000,9.721,124.050
PH035421000,15.000,120.710
PH036903000,15.683,120.410
PH036906000,15.595,120.560
PH036907000,15.446,120.710
PH143211000,17.505,121.570
PH143213000,17.410,121.430
PH036908000,15.559,120.310
PH036911000,15.622,120.640
PH143214000,17.279,121.270
PH036909000,15.735,120.540
PH036910000,15.664,120.540
PH036914000,15.815,120.590
PH144408000,17.187,121.020
PH036912000,15.674,120.630
PH036913000,15.666,120.320
PH037708000,15.612,121.450
PH041001000,13.968,120.920
PH036915000,15.581,120.440
PH071202000,9.892,124.420
PH036916000,15.481,120.590
PH036917000,15.572,120.680
PH071203000,9.768,124.550
PH036918000,15.437,120.330
PH037101000,15.238,120.190
PH037102000,15.161,120.110
PH037103000,15.631,120.080
PH041018000,13.976,121.100
PH041019000,14.119,120.680
PH071211000,9.828,124.480
PH037104000,14.928,120.200
PH037105000,15.368,120.030
PH037106000,15.538,120.050
PH037107000,14.827,120.300
PH037108000,15.447,120.050
PH037109000,14.879,120.100
PH037110000,15.074,120.110
PH037111000,15.020,120.290
PH042101000,14.118,120.840
PH037112000,15.010,120.110
PH037113000,15.759,120.030
PH037114000,14.877,120.270
PH037701000,15.745,121.570
PH037702000,16.241,122.050
PH037703000,16.400,122.090
PH037704000,16.186,121.880
PH037705000,15.269,121.370
PH037706000,15.997,121.620
PH041002000,13.866,121.010
PH041003000,13.966,120.730
PH041004000,14.012,121.100
PH041005000,13.710,121.100
PH041006000,13.801,120.970
PH041007000,13.977,120.820
PH041008000,13.864,120.650
PH041009000,13.906,121.050
PH041010000,13.819,121.140
PH041011000,14.051,120.900
PH041012000,13.955,120.880
PH041013000,13.993,120.640
PH041014000,13.940,121.170
PH041015000,13.666,121.260
PH041016000,13.730,120.910
PH041017000,14.033,121.140
PH112305000,7.837,125.570
PH041020000,13.874,121.240
PH041021000,13.805,121.270
PH112411000,6.644,125.340
PH112412000,6.905,125.390
PH041022000,13.878,121.090
PH041023000,13.758,121.390
PH041024000,13.835,120.940
PH042114000,14.130,120.890
PH042115000,14.293,120.790
PH042116000,14.436,120.880
PH041025000,13.962,120.970
PH041026000,13.818,121.030
PH042118000,14.215,120.980
PH045615000,14.013,121.400
PH045616000,13.697,122.220
PH045617000,14.882,121.460
PH045618000,13.908,122.420
PH045619000,13.877,122.120
PH041027000,13.878,120.970
PH041028000,14.076,121.180
PH041029000,13.887,120.930
PH041030000,14.093,121.010
PH041031000,14.094,121.090
PH041032000,13.753,121.220
PH041033000,13.648,120.890
PH043408000,14.481,121.470
PH043409000,14.333,121.530
PH045620000,14.676,121.580
PH045621000,14.701,122.370
PH045622000,13.837,122.290
PH045623000,14.111,121.570
PH045624000,13.937,121.610
PH045625000,13.760,122.180
PH045627000,14.232,121.700
PH045628000,13.525,122.450
PH045629000,13.927,121.840
PH045630000,13.982,121.720
PH045631000,14.973,121.880
PH045632000,14.796,122.180
PH045633000,14.178,121.950
PH041034000,14.028,120.730
PH042102000,14.178,120.920
PH042103000,14.415,120.970
PH042104000,14.302,121.030
PH042105000,14.434,120.740
PH042106000,14.313,120.960
PH042107000,14.179,120.800
PH042108000,14.322,120.900
PH042109000,14.396,120.930
PH042110000,14.191,120.870
PH042111000,14.437,120.900
PH042112000,14.162,120.740
PH042113000,14.231,120.720
PH045635000,13.941,122.010
PH045636000,14.738,121.950
PH045637000,14.055,122.120
PH045638000,14.513,121.580
PH112414000,6.579,125.300
PH112501000,7.568,126.430
PH112502000,7.050,126.020
PH112503000,7.917,126.270
PH112504000,7.360,126.430
PH112505000,7.758,126.340
PH112506000,6.539,126.130
PH112507000,7.074,126.150
PH112508000,7.209,126.430
PH112509000,6.831,126.220
PH112510000,6.792,126.120
PH112511000,7.081,126.370
PH042119000,14.116,120.950
PH042120000,14.348,120.830
PH042121000,14.264,120.670
PH042122000,14.276,120.860
PH042123000,14.310,121.010
PH050507000,13.249,123.370
PH050508000,13.184,123.490
PH050509000,13.304,123.730
PH050510000,13.383,123.650
PH050511000,13.086,123.870
PH050512000,13.167,123.400
PH050513000,13.063,123.460
PH050514000,13.324,123.490
PH050515000,13.234,124.060
PH050516000,13.244,123.750
PH050517000,13.333,123.690
PH050518000,13.462,123.610
PH051601000,13.990,122.970
PH051602000,14.268,122.490
PH051603000,14.106,122.940
PH051604000,14.015,122.870
PH051605000,14.263,122.650
PH051606000,14.136,122.690
PH051607000,13.974,123.040
PH051608000,14.254,122.770
PH043401000,14.043,121.240
PH043402000,14.145,121.260
PH043403000,14.307,121.060
PH043404000,14.239,121.110
PH043405000,14.187,121.120
PH051717000,13.822,123.510
PH051718000,13.665,122.970
PH051719000,13.853,122.890
PH051720000,13.672,123.160
PH043406000,14.133,121.290
PH043407000,14.246,121.550
PH051727000,13.555,122.990
PH051728000,13.589,123.290
PH051729000,13.747,123.720
PH051730000,13.865,122.770
PH051731000,13.561,123.510
PH043410000,14.142,121.430
PH051732000,13.524,123.120
PH051733000,13.692,123.550
PH051734000,13.794,122.960
PH051735000,14.016,123.290
PH071240000,9.780,124.280
PH043411000,14.153,121.220
PH043412000,14.188,121.520
PH043413000,14.298,121.510
PH043414000,14.430,121.400
PH052009000,13.704,124.250
PH052010000,13.847,124.310
PH052011000,13.601,124.190
PH054101000,12.439,123.340
PH054102000,12.424,123.480
PH054103000,12.021,123.230
PH054104000,12.400,123.760
PH054105000,12.001,123.950
PH054106000,12.019,123.750
PH054107000,12.868,123.220
PH054108000,12.154,123.850
PH054109000,11.812,124.010
PH043415000,14.207,121.430
PH043417000,14.134,121.400
PH043416000,14.139,121.480
PH054111000,12.337,123.560
PH054112000,12.203,123.520
PH054113000,12.274,123.660
PH054114000,12.630,123.630
PH054115000,12.098,123.890
PH054116000,11.856,124.030
PH054117000,11.928,123.890
PH054118000,12.479,123.720
PH054119000,12.557,123.690
PH054120000,13.058,123.020
PH054121000,12.171,123.760
PH056202000,12.833,124.110
PH056203000,12.684,123.920
PH056204000,12.757,124.100
PH056205000,12.859,124.040
PH056206000,12.950,123.810
PH056207000,12.971,123.570
PH056208000,12.925,124.100
PH043422000,14.231,121.360
PH043423000,14.095,121.400
PH043424000,14.050,121.330
PH043425000,14.349,121.040
PH071242000,9.666,123.870
PH071243000,10.117,124.270
PH043426000,14.261,121.400
PH072245000,9.443,123.320
PH072246000,10.025,123.570
PH043427000,14.511,121.420
PH043428000,14.272,121.090
PH072247000,10.761,123.960
PH072248000,10.931,124.000
PH072249000,10.839,123.900
PH072250000,10.284,123.820
PH072251000,10.359,123.690
PH072252000,10.692,123.850
PH072253000,10.662,124.480
PH076101000,9.261,123.630
PH076102000,9.240,123.600
PH076103000,9.140,123.600
PH076104000,9.178,123.650
PH076105000,9.153,123.520
PH076106000,9.193,123.530
PH082601000,12.247,125.310
PH082602000,11.197,125.360
PH082603000,11.404,125.390
PH082604000,11.588,125.330
PH082605000,11.968,125.320
PH082606000,12.065,125.330
PH082607000,11.274,125.470
PH082608000,11.163,125.450
PH082609000,10.854,125.730
PH082610000,11.323,125.580
PH043429000,14.477,121.490
PH082611000,12.277,125.210
PH082612000,11.197,125.280
PH082613000,11.352,125.440
PH082614000,12.124,125.190
PH082615000,11.464,125.360
PH082616000,11.090,125.700
PH082617000,12.163,125.380
PH082618000,11.178,125.500
PH043430000,14.205,121.330
PH045601000,13.884,121.920
PH045602000,14.118,122.020
PH045603000,13.985,121.880
PH045605000,13.740,122.430
PH045606000,14.916,121.980
PH045607000,14.054,122.280
PH045608000,13.935,121.420
PH045610000,13.644,122.310
PH082620000,11.732,125.370
PH045639000,14.184,121.630
PH045640000,13.340,122.640
PH045641000,13.901,121.290
PH045642000,13.295,122.570
PH045644000,13.556,122.530
PH045645000,13.929,121.500
PH045646000,14.027,122.530
PH045647000,14.037,121.610
PH045648000,13.939,121.330
PH045649000,13.861,122.000
PH082622000,11.796,125.370
PH082623000,11.872,125.340
PH083701000,10.644,125.050
PH045801000,14.540,121.160
PH045802000,14.656,121.230
PH045803000,14.575,121.270
PH045804000,14.457,121.200
PH045805000,14.587,121.110
PH045806000,14.406,121.230
PH045807000,14.339,121.330
PH045808000,14.773,121.210
PH045809000,14.534,121.230
PH045810000,14.454,121.340
PH045811000,14.683,121.160
PH045812000,14.604,121.350
PH045813000,14.555,121.130
PH045814000,14.561,121.210
PH050501000,13.286,123.840
PH084810000,12.301,125.020
PH084811000,12.535,124.360
PH084812000,12.440,125.200
PH084813000,12.412,124.770
PH084814000,12.514,125.140
PH084815000,12.459,124.930
PH084816000,12.509,124.430
PH084817000,12.410,124.260
PH084818000,12.350,124.390
PH084819000,12.493,124.480
PH084820000,12.463,124.870
PH084821000,12.340,124.060
PH050502000,13.140,123.630
PH050503000,13.115,123.680
PH050504000,13.173,123.570
PH050505000,13.049,123.580
PH050506000,13.099,123.750
PH051609000,14.081,122.860
PH051610000,14.151,122.380
PH051611000,14.141,122.920
PH051612000,14.253,122.900
PH051701000,13.482,123.360
PH051702000,13.348,123.250
PH051703000,13.320,123.310
PH051704000,13.684,123.200
PH084822000,12.281,124.860
PH084823000,12.431,124.400
PH084824000,12.314,124.640
PH086001000,11.928,124.310
PH086002000,11.390,125.150
PH086003000,12.191,124.580
PH086004000,11.605,125.080
PH086005000,11.838,124.880
PH086006000,11.630,124.780
PH051705000,13.430,123.510
PH051706000,13.456,123.260
PH051707000,13.741,123.070
PH051708000,13.710,123.270
PH086007000,12.070,124.820
PH051709000,13.624,123.150
PH051710000,13.644,123.130
PH051711000,13.798,123.830
PH051712000,13.949,122.680
PH051713000,13.602,123.130
PH051714000,13.866,123.630
PH051715000,13.730,123.430
PH051716000,13.451,123.430
PH051721000,13.595,123.190
PH051722000,13.515,123.190
PH051723000,13.396,123.340
PH051724000,13.643,123.250
PH051725000,13.581,123.380
PH086008000,11.720,125.180
PH086009000,11.851,124.970
PH086010000,11.206,125.210
PH051726000,13.589,123.070
PH051736000,13.626,123.460
PH051737000,13.867,123.350
PH052001000,13.962,124.260
PH052002000,13.694,124.360
PH052003000,13.605,124.300
PH052004000,13.873,124.180
PH052005000,13.785,124.350
PH052006000,14.031,124.190
PH052007000,13.910,124.290
PH052008000,13.662,124.110
PH056209000,12.712,124.020
PH056210000,12.811,123.970
PH056211000,12.809,123.880
PH056212000,12.589,124.030
PH056213000,12.952,123.690
PH056214000,13.036,124.150
PH056215000,12.657,124.080
PH056216000,13.018,123.990
PH060401000,11.514,122.460
PH060402000,11.527,122.370
PH060408000,11.678,122.310
PH060403000,11.599,122.320
PH060404000,11.569,122.480
PH060405000,11.832,121.910
PH060406000,11.745,122.160
PH060407000,11.694,122.370
PH060409000,11.416,122.290
PH060410000,11.466,122.220
PH060411000,11.710,122.270
PH060412000,11.894,121.940
PH060413000,11.605,122.220
PH060414000,11.844,122.030
PH060415000,11.635,122.410
PH060416000,11.718,122.330
PH060417000,11.741,122.230
PH060601000,10.447,121.960
PH060602000,11.254,122.120
PH060603000,10.849,121.980
PH060604000,11.094,122.130
PH060605000,11.971,121.440
PH060606000,11.423,122.100
PH060607000,10.521,121.970
PH060608000,10.666,122.010
PH060609000,11.156,122.110
PH060610000,11.787,121.950
PH060611000,11.742,122.090
PH060612000,10.923,122.030
PH060613000,10.772,121.950
PH086011000,12.194,125.010
PH086012000,11.899,125.010
PH061901000,11.311,122.760
PH061902000,11.375,122.700
PH086013000,11.545,125.040
PH086014000,12.070,125.050
PH086015000,11.697,125.020
PH086016000,12.058,124.710
PH086017000,11.434,125.000
PH086018000,11.926,124.430
PH086019000,11.509,124.840
PH061903000,11.312,122.610
PH061904000,11.249,122.740
PH061905000,11.520,122.680
PH061906000,11.367,122.400
PH086025000,11.983,124.900
PH086026000,11.964,124.750
PH086401000,10.289,125.230
PH086402000,10.382,124.920
PH086403000,10.385,125.150
PH086404000,10.345,125.230
PH086405000,10.329,125.060
PH086406000,10.133,125.160
PH086407000,10.183,124.860
PH086408000,10.091,124.950
PH086409000,10.166,124.960
PH061907000,11.353,122.840
PH061908000,11.431,122.580
PH061909000,11.535,122.830
PH086411000,9.975,125.240
PH086412000,10.317,125.110
PH086413000,10.069,125.160
PH086414000,10.272,125.190
PH086415000,9.990,125.250
PH086416000,10.514,125.120
PH086417000,10.449,124.990
PH086418000,10.275,124.950
PH086419000,9.931,125.070
PH087801000,11.635,124.400
PH087802000,11.505,124.480
PH087803000,11.505,124.560
PH087804000,11.562,124.550
PH087805000,11.636,124.500
PH087806000,11.676,124.420
PH087807000,11.789,124.320
PH087808000,11.570,124.430
PH097201000,8.593,123.440
PH097202000,8.505,123.340
PH097203000,8.399,123.270
PH061910000,11.442,122.770
PH061911000,11.462,123.010
PH061912000,11.438,122.860
PH061913000,11.419,122.940
PH061914000,11.556,122.740
PH061915000,11.500,122.580
PH061916000,11.429,122.660
PH061917000,11.257,122.410
PH063001000,11.145,122.990
PH063002000,10.854,122.380
PH063003000,11.002,122.730
PH063004000,10.991,122.530
PH063005000,11.455,123.080
PH063006000,11.040,122.790
PH063012000,10.881,122.490
PH063013000,11.151,122.490
PH063014000,11.520,123.180
PH063015000,11.217,123.110
PH063016000,11.012,122.660
PH063017000,11.056,122.580
PH063018000,10.835,122.710
PH063019000,11.453,123.130
PH063020000,10.693,122.310
PH063021000,10.754,122.240
PH063022000,10.723,122.550
PH063023000,10.996,122.420
PH063025000,11.109,122.390
PH063026000,10.790,122.590
PH063027000,11.229,122.910
PH063028000,10.825,122.340
PH063029000,10.926,122.390
PH063030000,10.685,122.180
PH063031000,10.930,122.580
PH063032000,10.872,122.570
PH063034000,10.725,122.460
PH063035000,11.167,122.660
PH140114000,17.327,120.680
PH063036000,10.770,122.530
PH063037000,10.930,122.630
PH063038000,11.327,123.070
PH118201000,7.689,126.150
PH063039000,11.105,122.710
PH063040000,10.596,122.070
PH071212000,9.836,124.190
PH071213000,9.849,124.030
PH071214000,9.945,124.040
PH118202000,7.863,125.800
PH118203000,7.300,125.930
PH118204000,7.404,125.940
PH063041000,10.785,122.470
PH063042000,11.153,122.820
PH071215000,9.689,123.930
PH071216000,9.719,123.900
PH071217000,9.907,124.270
PH063043000,10.823,122.540
PH063044000,11.302,122.990
PH063045000,10.715,122.370
PH063046000,10.801,122.280
PH063047000,10.827,122.620
PH067901000,10.689,122.660
PH067902000,10.607,122.570
PH067903000,10.468,122.540
PH067904000,10.594,122.670
PH067905000,10.514,122.610
PH071201000,9.637,123.960
PH071204000,9.790,123.910
PH071205000,9.636,123.910
PH071206000,9.766,123.990
PH071207000,9.804,124.120
PH071208000,9.706,124.110
PH071209000,10.046,124.160
PH071210000,9.883,123.880
PH071237000,9.855,123.950
PH071238000,9.979,124.330
PH071244000,10.045,124.320
PH071245000,9.926,123.970
PH071246000,9.998,124.450
PH071247000,9.664,124.210
PH071248000,10.129,124.370
PH072201000,9.965,123.440
PH072202000,9.711,123.460
PH072203000,9.744,123.380
PH072204000,10.194,123.570
PH072205000,9.918,123.540
PH072206000,10.580,123.790
PH072207000,9.850,123.410
PH072208000,10.483,123.770
PH072209000,11.188,123.720
PH072210000,10.113,123.530
PH072211000,11.019,123.990
PH072212000,9.641,123.440
PH072213000,10.849,123.990
PH072214000,10.119,123.630
PH072215000,10.599,123.970
PH072216000,10.670,123.970
PH072217000,10.379,123.860
PH072218000,10.472,123.970
PH072219000,10.396,123.950
PH072220000,10.259,123.950
PH072221000,11.227,124.020
PH072222000,9.800,123.480
PH072223000,10.540,123.940
PH072224000,10.041,123.470
PH072225000,9.579,123.340
PH072226000,10.287,123.990
PH072227000,10.420,123.970
PH072228000,11.266,123.730
PH072229000,9.656,123.360
PH072230000,10.345,123.940
PH072231000,11.143,123.970
PH072232000,10.277,123.780
PH072233000,9.938,123.420
PH072234000,10.243,123.720
PH072235000,9.539,123.400
PH072236000,10.770,124.530
PH072237000,10.266,123.610
PH072238000,10.672,124.430
PH072239000,9.994,123.450
PH072240000,9.508,123.320
PH072241000,10.185,123.670
PH083702000,11.220,124.860
PH083703000,10.924,124.710
PH083705000,11.386,124.900
PH083706000,11.306,124.770
PH083707000,10.335,124.840
PH083708000,10.675,124.830
PH083710000,10.935,124.830
PH083713000,11.478,124.370
PH083714000,11.288,124.580
PH083715000,11.254,124.690
PH083717000,11.069,124.870
PH083718000,10.965,125.000
PH083719000,10.415,124.820
PH083720000,10.457,124.760
PH083721000,10.515,124.810
PH083722000,10.922,124.450
PH083723000,11.160,124.760
PH083724000,10.748,124.910
PH118205000,7.338,126.160
PH083725000,10.971,124.950
PH083726000,11.182,124.600
PH083728000,10.885,124.910
PH083729000,11.341,124.490
PH083730000,10.825,124.930
PH083731000,10.582,124.960
PH083733000,11.136,124.460
PH083734000,10.260,124.820
PH083735000,10.882,124.980
PH083736000,10.957,124.500
PH083738000,11.054,124.650
PH083739000,11.159,124.970
PH083740000,11.029,124.420
PH083741000,11.124,124.880
PH083742000,11.433,124.350
PH083743000,11.321,124.840
PH083744000,11.183,124.920
PH083745000,11.320,124.410
PH083746000,11.038,124.950
PH083747000,11.271,124.950
PH083748000,11.084,124.990
PH083749000,11.035,125.020
PH118206000,7.505,125.930
PH083750000,11.254,124.750
PH083751000,11.214,124.430
PH084801000,12.512,124.300
PH084802000,12.659,124.390
PH084803000,12.439,124.530
PH084804000,12.428,124.160
PH084805000,12.424,124.620
PH084806000,12.391,125.090
PH084807000,12.387,125.260
PH084808000,12.539,125.020
PH084809000,12.312,125.280
PH086020000,11.909,124.780
PH086021000,11.539,124.940
PH086022000,11.874,125.120
PH086023000,11.661,124.850
PH086024000,12.062,124.190
PH097204000,8.460,123.520
PH097205000,8.036,122.530
PH097206000,8.083,122.670
PH097207000,8.462,123.100
PH097208000,8.381,123.510
PH097209000,8.418,123.450
PH097210000,8.454,123.390
PH097211000,8.423,123.180
PH097212000,8.554,123.530
PH097213000,8.074,122.790
PH097214000,8.289,123.380
PH118210000,7.523,126.180
PH118211000,7.202,126.040
PH118601000,6.142,125.630
PH118602000,5.846,125.520
PH118603000,6.319,125.540
PH097215000,8.156,123.120
PH097216000,7.306,122.070
PH097217000,8.604,123.480
PH097218000,8.193,123.020
PH097219000,7.685,122.220
PH097220000,7.543,122.190
PH097221000,7.960,122.680
PH097222000,8.395,123.050
PH097223000,7.949,122.360
PH097224000,7.820,122.250
PH097225000,7.993,122.830
PH097226000,8.055,122.940
PH097227000,7.952,122.530
PH097302000,7.949,123.580
PH097303000,7.899,123.030
PH097305000,7.530,123.310
PH097306000,7.627,123.340
PH097307000,7.774,123.380
PH118605000,5.418,125.420
PH124701000,7.475,124.580
PH097308000,8.162,123.280
PH097311000,7.775,123.130
PH097312000,7.909,123.420
PH097313000,7.684,123.190
PH097318000,8.028,123.250
PH097315000,8.154,123.420
PH097317000,7.575,123.180
PH097319000,8.166,123.480
PH097322000,7.885,123.340
PH097323000,8.019,123.450
PH097324000,7.691,123.260
PH097325000,7.679,123.420
PH097327000,7.420,123.410
PH097328000,8.062,123.550
PH097330000,7.908,123.530
PH097332000,7.156,122.140
PH126315000,6.572,124.760
PH126316000,6.138,124.870
PH097333000,7.892,123.150
PH126318000,6.457,124.660
PH126319000,6.244,124.590
PH126501000,6.469,124.510
PH097337000,8.215,123.530
PH097338000,7.447,123.330
PH097340000,8.035,123.370
PH097343000,7.749,123.310
PH098304000,7.645,122.930
PH098305000,7.782,122.570
PH098306000,7.862,122.820
PH098307000,7.390,122.890
PH098308000,7.620,123.000
PH097344000,7.843,123.250
PH098301000,7.520,122.920
PH098302000,7.754,123.040
PH098303000,7.786,122.950
PH098310000,7.337,122.820
PH098311000,7.588,122.840
PH098312000,7.702,122.430
PH098313000,7.735,122.870
PH098314000,7.367,122.850
PH098315000,7.845,122.510
PH098316000,7.568,122.370
PH099701000,6.651,121.980
PH101301000,8.246,124.700
PH101302000,7.459,124.960
PH101303000,7.596,125.010
PH101304000,7.692,124.920
PH101305000,8.393,125.120
PH101306000,7.540,124.870
PH101307000,7.780,124.730
PH101308000,7.521,125.000
PH101309000,7.566,125.150
PH101310000,8.062,124.980
PH101311000,8.333,124.750
PH101318000,7.813,125.350
PH101319000,8.286,124.930
PH101320000,8.056,124.690
PH101321000,7.912,125.080
PH101322000,8.073,125.320
PH101801000,9.169,124.670
PH101802000,9.120,124.770
PH101803000,9.168,124.760
PH101804000,9.220,124.710
PH101805000,9.128,124.730
PH103501000,8.151,124.020
PH103502000,8.117,124.220
PH103503000,7.979,123.820
PH103504000,8.231,124.370
PH103505000,7.893,123.730
PH103506000,7.794,123.740
PH103515000,7.791,123.930
PH103516000,8.050,124.160
PH103517000,8.096,124.120
PH103518000,7.904,123.890
PH103519000,7.835,123.840
PH103520000,8.159,124.310
PH103521000,8.029,123.980
PH103522000,7.981,123.890
PH103523000,8.088,124.280
PH104201000,8.394,123.760
PH104202000,8.616,123.610
PH104203000,8.081,123.590
PH104204000,8.521,123.640
PH104205000,8.210,123.770
PH104206000,8.410,123.590
PH104207000,8.331,123.760
PH104208000,8.498,123.700
PH104209000,8.451,123.730
PH104210000,8.156,123.770
PH104211000,8.362,123.790
PH104212000,8.588,123.690
PH104213000,8.513,123.580
PH104214000,8.295,123.750
PH104215000,8.105,123.680
PH104216000,8.250,123.750
PH112314000,7.602,125.850
PH112315000,7.330,125.600
PH112317000,7.051,125.730
PH126502000,6.637,125.010
PH140115000,17.586,121.020
PH112318000,7.511,125.630
PH112319000,7.431,125.790
PH112322000,7.687,125.490
PH140116000,17.414,120.710
PH112323000,7.440,125.680
PH112324000,7.749,125.700
PH112401000,6.856,125.220
PH112402000,7.264,125.410
PH112403000,6.839,125.310
PH112404000,6.693,125.300
PH112406000,6.531,125.200
PH112407000,6.756,125.110
PH112408000,6.537,125.370
PH133902000,14.601,120.970
PH112410000,6.661,125.160
PH118207000,7.865,126.070
PH133903000,14.599,120.980
PH118208000,7.742,125.960
PH118209000,7.549,126.000
PH133904000,14.599,120.960
PH124703000,7.173,124.850
PH124704000,7.037,125.060
PH133909000,14.590,120.970
PH124705000,7.288,124.540
PH124706000,7.132,125.170
PH124707000,6.932,125.110
PH124708000,7.200,124.950
PH124709000,7.152,124.520
PH140102000,17.379,120.860
PH124710000,6.941,124.900
PH140103000,17.524,120.720
PH124711000,7.308,124.430
PH124712000,7.054,124.640
PH124713000,7.303,125.000
PH124714000,6.817,124.950
PH124715000,7.264,125.060
PH124716000,7.483,124.710
PH124717000,7.169,124.620
PH124718000,7.353,125.170
PH140104000,17.437,120.840
PH140105000,17.450,120.950
PH126302000,6.407,124.790
PH126303000,6.131,125.130
PH140117000,17.537,120.660
PH126306000,6.479,124.880
PH126311000,6.531,124.670
PH126312000,6.261,125.080
PH126313000,6.337,124.710
PH126314000,6.470,125.010
PH126317000,6.350,124.980
PH140118000,17.539,120.570
PH126503000,6.710,124.460
PH126504000,6.612,124.440
PH126505000,6.510,124.160
PH126506000,6.670,124.160
PH126507000,6.603,124.870
PH126508000,6.791,124.630
PH126509000,6.293,124.250
PH126510000,6.718,124.730
PH126511000,6.656,124.670
PH126512000,6.430,124.340
PH128001000,6.168,125.350
PH128002000,5.785,125.340
PH128003000,6.009,124.700
PH128004000,5.939,124.960
PH128005000,6.118,124.470
PH128006000,6.000,125.390
PH128007000,6.363,125.300
PH129804000,7.209,124.230
PH133901000,14.619,120.960
PH133905000,14.621,120.980
PH133906000,14.605,121.000
PH133907000,14.596,120.990
PH140106000,17.745,120.620
PH140107000,17.647,120.720
PH133908000,14.584,120.980
PH133910000,14.568,120.990
PH133911000,14.585,120.990
PH133912000,14.590,121.000
PH133913000,14.589,120.960
PH133914000,14.578,121.000
PH140109000,17.697,120.970
PH137401000,14.583,121.040
PH137402000,14.647,121.100
PH137403000,14.579,121.080
PH137404000,14.680,121.060
PH137405000,14.602,121.030
PH137501000,14.730,121.030
PH137502000,14.674,120.950
PH137503000,14.675,120.930
PH137504000,14.710,120.970
PH137601000,14.441,120.990
PH137602000,14.553,121.030
PH137603000,14.402,121.030
PH137604000,14.484,121.010
PH137605000,14.531,121.000
PH137606000,14.545,121.060
PH137607000,14.517,121.060
PH140101000,17.611,120.600
PH140108000,17.665,120.650
PH140110000,17.636,120.780
PH140111000,17.780,120.710
PH140112000,17.611,120.530
PH140113000,17.573,120.870
PH140119000,17.376,120.580
PH140120000,17.483,120.790
PH140121000,17.475,120.610
PH140122000,17.706,120.750
PH140123000,17.522,120.510
PH140124000,17.607,120.670
PH140126000,17.255,120.800
PH141108000,16.607,120.590
PH140127000,17.394,120.630
PH141112000,16.499,120.510
PH141113000,16.321,120.550
PH141101000,16.593,120.710
PH153836000,7.001,124.480
PH141102000,16.400,120.590
PH141103000,16.810,120.680
PH141104000,16.461,120.800
PH141105000,16.745,120.840
PH141109000,16.702,120.670
PH141106000,16.317,120.700
PH142702000,16.872,120.980
PH141114000,16.506,120.630
PH141110000,16.463,120.590
PH141111000,16.856,120.790
PH142703000,16.775,121.080
PH142704000,16.785,121.210
PH160210000,9.259,125.640
PH160211000,9.214,125.550
PH142707000,16.959,121.490
PH142701000,16.928,121.100
PH142705000,16.693,121.190
PH142706000,16.901,121.240
PH142708000,16.939,121.360
PH143215000,17.261,121.110
PH144401000,17.074,121.130
PH143206000,17.354,121.170
PH143208000,17.353,121.050
PH160212000,9.065,125.650
PH143209000,17.575,121.370
PH166711000,9.507,125.680
PH166714000,9.562,125.500
PH166715000,9.566,125.430
PH166716000,9.855,126.080
PH166717000,9.639,125.580
PH144409000,17.094,120.900
PH166718000,9.939,126.000
PH166719000,9.714,125.410
PH166720000,9.934,126.070
PH166721000,10.014,126.050
PH144404000,17.093,120.980
PH144405000,17.123,121.280
PH144402000,16.929,120.870
PH144403000,17.120,120.830
PH150706000,6.524,122.150
PH148101000,18.297,121.060
PH148102000,17.758,121.250
PH148103000,18.134,121.410
PH166722000,9.647,125.490
PH166723000,9.656,125.940
PH166724000,9.776,125.540
PH166725000,9.707,125.590
PH175319000,10.455,119.190
PH153820000,6.921,124.510
PH144406000,17.181,121.450
PH144407000,16.962,120.920
PH175904000,12.612,122.060
PH144410000,16.989,120.810
PH148107000,18.269,121.440
PH150702000,6.641,122.090
PH150703000,6.620,121.860
PH150704000,6.516,121.900
PH150705000,6.488,122.010
PH148104000,17.994,121.150
PH150707000,6.602,122.200
PH150708000,6.644,122.190
PH150709000,6.485,122.170
PH150710000,6.636,122.270
PH150711000,6.508,122.100
PH150712000,6.675,121.590
PH150713000,6.321,121.980
PH166727000,9.574,125.560
PH166801000,8.524,126.120
PH166802000,8.952,126.250
PH166803000,8.183,126.280
PH166804000,8.895,126.270
PH166805000,9.300,125.870
PH166806000,9.183,125.890
PH166807000,9.387,125.870
PH166808000,9.210,126.140
PH166809000,8.392,126.300
PH166810000,9.161,126.010
PH166811000,8.694,126.070
PH166812000,8.064,126.370
PH166813000,9.241,125.880
PH166814000,8.825,126.200
PH166815000,8.754,126.190
PH184506000,9.765,122.620
PH148105000,18.305,121.300
PH148106000,18.145,121.310
PH175205000,13.354,121.180
PH175206000,12.933,121.370
PH175207000,12.542,121.350
PH175208000,13.229,121.180
PH175209000,13.019,121.410
PH175210000,13.132,121.440
PH153601000,7.888,124.120
PH153602000,7.538,124.140
PH153603000,7.921,124.180
PH175211000,13.461,120.930
PH175212000,12.620,121.450
PH175213000,13.384,120.940
PH175214000,13.054,121.330
PH175215000,13.143,121.240
PH175301000,9.508,118.440
PH175302000,11.254,120.920
PH175303000,10.579,119.910
PH175304000,8.067,117.100
PH175305000,8.566,117.420
PH175306000,8.851,117.810
PH175307000,12.173,119.950
PH175308000,9.583,121.170
PH175309000,12.053,120.170
PH175310000,10.919,120.930
PH175311000,10.524,119.660
PH175312000,11.195,119.450
PH175313000,11.428,119.810
PH175314000,10.887,121.050
PH175315000,9.277,118.290
PH175316000,9.914,118.780
PH175317000,9.253,118.030
PH175318000,10.332,119.290
PH153604000,7.777,124.190
PH175320000,10.822,119.460
PH153605000,7.795,124.150
PH175321000,11.053,114.280
PH175322000,11.834,119.970
PH175323000,8.832,117.560
PH175324000,9.065,118.010
PH175901000,12.301,122.050
PH175902000,12.939,122.070
PH175903000,12.418,122.640
PH153606000,8.003,124.450
PH153607000,7.674,124.360
PH175905000,12.926,121.700
PH175906000,12.806,122.050
PH175907000,12.268,122.000
PH175908000,12.472,122.520
PH175909000,12.400,122.010
PH175910000,12.549,122.280
PH175911000,12.554,122.100
PH175912000,12.540,122.040
PH175913000,12.382,122.550
PH175914000,12.064,121.930
PH175915000,12.165,122.000
PH175916000,12.327,121.950
PH175917000,12.406,122.080
PH184501000,10.647,122.990
PH184502000,10.500,122.980
PH184503000,10.133,122.990
PH184504000,10.852,123.250
PH184505000,10.639,123.400
PH153609000,7.807,124.100
PH153622000,7.832,124.350
PH153610000,8.066,124.370
PH153623000,7.798,124.040
PH153611000,7.785,124.470
PH153640000,7.718,124.250
PH153612000,7.750,124.230
PH153613000,7.919,124.070
PH153614000,7.872,124.030
PH153615000,7.627,124.070
PH153616000,7.962,124.220
PH153617000,8.021,124.290
PH153641000,7.729,124.210
PH153801000,6.786,124.420
PH153618000,7.793,124.360
PH153619000,7.918,124.360
PH153620000,7.751,124.120
PH184507000,9.908,122.550
PH184508000,10.843,123.050
PH184509000,10.802,123.470
PH184510000,10.060,122.920
PH184511000,10.269,122.900
PH184512000,9.585,122.570
PH184513000,9.830,122.720
PH184514000,10.206,123.030
PH184515000,9.856,122.820
PH184516000,10.414,122.980
PH153821000,7.036,124.360
PH153621000,7.992,124.160
PH184611000,10.194,123.220
PH184612000,10.011,123.120
PH184613000,10.074,123.150
PH184614000,9.699,122.920
PH184615000,9.702,123.060
PH153823000,6.785,124.770
PH153824000,7.300,124.270
PH153624000,7.996,124.350
PH160208000,9.028,125.540
PH160209000,8.928,125.330
PH153625000,8.042,124.240
PH175203000,12.702,121.400
PH175204000,12.373,121.310
PH153626000,7.872,124.330
PH153627000,7.898,124.340
PH153806000,7.037,124.470
PH153807000,7.095,124.230
PH184610000,9.303,123.280
PH153628000,7.731,124.160
PH153629000,7.905,124.140
PH153630000,7.647,124.700
PH153631000,7.631,124.180
PH153632000,7.718,124.070
PH153633000,7.951,124.390
PH153634000,7.910,124.490
PH153635000,7.700,123.970
PH153636000,7.773,124.280
PH153637000,7.759,124.590
PH153638000,8.092,124.460
PH153639000,7.488,124.180
PH153802000,7.505,124.420
PH153803000,6.697,124.800
PH153808000,6.892,124.460
PH153805000,6.743,124.900
PH153809000,7.478,124.240
PH153810000,6.969,124.730
PH153811000,7.362,124.250
PH153812000,7.254,124.310
PH153813000,6.916,124.630
PH153814000,7.119,124.360
PH153815000,6.960,124.110
PH153816000,6.946,124.300
PH153817000,6.822,124.220
PH153819000,6.841,124.740
PH153818000,7.480,124.320
PH153822000,7.063,124.760
PH153825000,6.930,124.360
PH153826000,6.955,124.430
PH153828000,6.818,124.530
PH153829000,6.919,124.560
PH153830000,6.913,124.010
PH153831000,7.010,124.350
PH153832000,6.655,124.840
PH153833000,6.752,124.800
PH153834000,7.169,124.420
PH153835000,6.855,124.400
PH153837000,6.955,124.500
PH156601000,5.994,120.960
PH156602000,6.053,121.000
PH156603000,5.912,121.280
PH156604000,5.966,121.320
PH156605000,5.949,121.010
PH156606000,6.228,120.910
PH156607000,5.982,121.230
PH156608000,6.221,120.470
PH156609000,5.936,120.920
PH156610000,5.818,121.160
PH156611000,6.049,121.080
PH156612000,5.537,120.860
PH156613000,5.961,121.090
PH156614000,5.711,120.960
PH156615000,6.049,121.740
PH156616000,5.966,121.180
PH156617000,5.686,120.830
PH156618000,5.558,120.700
PH156619000,5.989,121.390
PH157001000,5.140,120.000
PH157002000,5.089,119.810
PH157003000,7.009,118.470
PH157004000,4.865,119.820
PH157005000,4.749,119.400
PH157006000,5.280,120.560
PH157007000,5.222,120.240
PH157008000,6.159,118.210
PH157009000,5.261,120.090
PH157010000,5.090,120.220
PH157011000,4.781,119.470
PH160201000,8.845,125.370
PH160202000,8.903,125.570
PH160203000,9.144,125.650
PH160204000,8.953,125.250
PH160205000,9.346,125.600
PH160206000,9.412,125.630
PH160207000,8.735,125.500
PH160301000,8.759,125.790
PH160302000,8.194,126.030
PH160303000,8.611,125.460
PH160304000,8.257,125.600
PH160305000,8.098,125.660
PH160306000,8.647,125.900
PH160307000,8.333,126.030
PH160308000,8.471,125.940
PH160309000,8.432,125.520
PH160310000,8.005,126.010
PH160311000,8.403,125.790
PH160312000,8.068,126.140
PH160313000,8.037,125.900
PH160314000,8.969,125.770
PH166701000,9.485,125.600
PH166702000,9.573,125.620
PH166704000,10.000,126.070
PH166706000,9.475,125.780
PH166707000,9.750,126.040
PH166708000,9.858,125.990
PH166710000,9.788,126.130
PH166816000,8.928,125.980
PH166817000,8.415,126.180
PH166818000,8.949,126.140
PH166819000,9.074,126.120
PH168501000,10.090,125.550
PH168502000,10.028,125.650
PH168503000,9.974,125.600
PH168504000,10.190,125.560
PH168505000,10.367,125.610
PH168506000,10.018,125.600
PH168507000,10.282,125.580
PH174001000,13.395,121.910
PH174002000,13.255,121.970
PH174003000,13.324,121.880
PH174004000,13.496,121.890
PH174005000,13.462,122.030
PH174006000,13.327,122.050
PH175101000,13.397,120.720
PH175102000,12.627,120.990
PH175103000,13.745,120.270
PH175104000,13.811,120.130
PH175105000,12.337,121.180
PH175106000,13.241,120.680
PH175107000,13.415,120.470
PH175108000,12.557,121.060
PH175109000,12.889,121.030
PH175110000,12.455,121.130
PH175111000,13.116,120.840
PH175201000,13.305,120.980
PH175202000,12.829,121.350
PH184517000,10.343,123.070
PH184518000,10.914,123.140
PH184519000,10.271,123.110
PH184520000,10.579,123.100
PH184521000,10.356,122.920
PH184522000,10.520,122.810
PH184523000,10.851,123.390
PH184524000,10.489,123.300
PH184525000,10.418,122.870
PH184526000,10.767,123.080
PH184527000,9.749,122.470
PH184528000,10.701,123.080
PH184529000,10.726,123.440
PH184530000,10.462,122.850
PH184531000,10.850,123.110
PH184532000,10.589,123.250
PH184601000,9.429,123.170
PH184602000,9.850,123.030
PH184603000,9.249,123.260
PH184604000,9.591,123.020
PH184605000,9.456,122.660
PH184606000,9.509,122.810
PH184607000,9.761,123.070
PH184608000,10.377,123.200
PH184609000,9.204,123.220
PH184616000,9.428,123.040
PH184617000,9.404,123.210
PH184618000,9.297,122.940
PH184619000,9.147,123.030
PH184620000,9.351,123.160
PH184621000,9.505,123.040
PH184622000,9.944,123.070
PH184623000,9.291,123.160
PH184624000,10.343,123.290
PH184625000,9.162,123.160
PH012806000,18.480,120.640
