"","GEN_mun_code","impact","impact_threshold_passed","WEA_dist_track.x"
"1","PH023122000",0.755337695848324,1,1.92937571480987
"2","PH023121000",1.64538046344982,1,7.16827177325517
"3","PH023137000",0.560741438321694,1,8.71643603311306
"4","PH023119000",1.05304798951039,1,9.28245177283876
"5","PH143208000",0.30403939089273,1,9.91488042181008
"6","PH143213000",0.722922001255493,1,10.8905946276882
"7","PH140105000",0.438557966750637,1,11.7154102785146
"8","PH143214000",0.543127681475933,1,12.1869948790107
"9","PH023118000",0.762815430117357,1,13.581966255707
"10","PH023136000",0.800863341641077,1,14.9510827341606
"11","PH143201000",0.367008891412543,1,15.0232711033359
"12","PH023114000",0.467722288092621,1,15.0441461729059
"13","PH143206000",0.3471425855546,1,15.219722525999
"14","PH140115000",0.351603344267455,1,16.6293743535467
"15","PH023123000",0.877355769195884,1,18.3623768731745
"16","PH023106000",0.538055172071013,1,18.5786571073883
"17","PH023113000",0.670335309134759,1,18.7689281375246
"18","PH023126000",0.691676902936871,1,18.9554109788411
"19","PH023111000",1.14032558159559,1,19.0914015307392
"20","PH143215000",0.410945529129726,1,20.7910098010425
"21","PH144406000",1.8575626735001,1,21.4981940053432
"22","PH023134000",1.01600574854096,1,21.671199670321
"23","PH140102000",0.475784445801142,1,22.3522117091216
"24","PH140104000",0.405896173570515,1,23.3658881967364
"25","PH143209000",0.2911573599911,1,23.3697488383062
"26","PH143211000",0.412733565010381,1,24.0453331027415
"27","PH140113000",0.543538817752636,1,24.9157461490372
"28","PH023105000",0.788297256978445,1,25.8301359623347
"29","PH023120000",0.665003997809424,1,26.8854253079325
"30","PH023131000",0.625830313473301,1,27.057868790391
"31","PH023125000",0.718335808310512,1,27.4268827901612
"32","PH144405000",1.99426134932859,1,27.8832717265869
"33","PH144408000",1.81251955405946,1,28.6537646984841
"34","PH023133000",0.528501769935784,1,28.783841806208
"35","PH023130000",0.911622324782496,1,28.8624529369348
"36","PH140120000",0.55136350547289,1,29.0357232118066
"37","PH021512000",0.730922172489767,1,29.4717837142559
"38","PH140109000",0.492064974075433,1,29.9955864216394
"39","PH023117000",1.1378170419387,1,31.9380385868288
"40","PH023116000",0.961974668254081,1,33.2842998476192
"41","PH023103000",0.642406421363634,1,34.5288500560565
"42","PH140126000",0.28425797533538,1,34.5583411378787
"43","PH023104000",0.760846886197298,1,34.5845132083947
"44","PH140110000",0.454443825651456,1,36.7636939107431
"45","PH140103000",0.54209613520714,1,37.2444784328368
"46","PH140116000",0.331865331822139,1,37.2954592047426
"47","PH021529000",0.360736622826172,1,37.6956757768045
"48","PH023108000",0.415351491519312,1,38.7103239377802
"49","PH021528000",0.64801591593058,1,38.7347215695975
"50","PH144401000",0.602194986596369,1,39.4234450733943
"51","PH142707000",0.3390352389207,1,39.4948931909424
"52","PH144404000",0.750205935776635,1,39.7214500135069
"53","PH023107000",0.678863902662415,1,39.9742928504073
"54","PH148102000",2.14586073819594,1,40.5894544534094
"55","PH021527000",0.883375061848996,1,41.3629649575836
"56","PH144409000",1.67446797073958,1,42.261765712362
"57","PH140114000",0.324635535823145,1,42.3315203577198
"58","PH140107000",0.46277150686627,1,42.7207835844981
"59","PH144403000",0.660431852047792,1,43.3453326768383
"60","PH140117000",1.31106653699447,1,43.7741228633681
"61","PH140122000",1.09503800693236,1,44.1429275600988
"62","PH140124000",0.34502044545666,1,45.3074772559629
"63","PH140127000",0.285359810975863,1,45.9741675299698
"64","PH023110000",1.32874959761012,1,46.5804880843024
"65","PH140125000",0.30965922093562,1,46.6590977477972
"66","PH023132000",0.501823591531983,1,46.701460446057
"67","PH142708000",0.317119887048766,1,47.7405065338304
"68","PH140121000",0.29645188728873,1,47.9268192797585
"69","PH021520000",0.727815840826228,1,48.8216350241241
"70","PH023102000",0.604795169677683,1,49.8258257050664
"71","PH140108000",0.476944840586866,1,50.1192911795596
"72","PH023101000",0.534159548977364,1,50.7108443209374
"73","PH012915000",0.480528438509884,1,51.3932537206816
"74","PH140119000",0.619132814479178,1,51.5012864689307
"75","PH021519000",0.79879907986165,1,52.2650657608446
"76","PH140101000",0.444851816574723,1,52.3423878240298
"77","PH021515000",0.719822502487601,1,52.5205036457212
"78","PH140111000",0.461084638193943,1,52.8977408657165
"79","PH142706000",0.432948886058309,1,52.9430855155825
"80","PH140118000",0.321952475691953,1,53.1394065386123
"81","PH012917000",0.372680335545249,1,53.779466693187
"82","PH012913000",0.533032708602909,1,54.1589932650798
"83","PH142701000",0.89107622332616,1,55.0579342600806
"84","PH144407000",1.32718057929531,1,55.4200960216283
"85","PH023128000",0.617202280528517,1,56.5267279557115
"86","PH144410000",1.92219884237867,1,56.9599178856501
"87","PH023124000",0.596196330381072,1,57.0250398449143
"88","PH140106000",0.501706985524699,1,57.6240936495773
"89","PH012910000",0.416786010834204,1,57.6727388264263
"90","PH021504000",0.702430670316063,1,58.3023980866822
"91","PH140123000",0.313027983119611,1,59.0762550149334
"92","PH140112000",0.417387253602366,1,59.3342250113974
"93","PH012914000",1.05449174479718,1,59.4707480225262
"94","PH012911000",0.507451096603531,1,59.8654935007521
"95","PH012904000",0.431782028401724,1,60.1276665034543
"96","PH023129000",0.679259591980592,1,60.3858649503437
"97","PH144402000",0.675819706755797,1,60.5286055271825
"98","PH021521000",1.07320812480436,1,61.1067100533284
"99","PH012926000",0.847731822171042,1,61.1091770189447
"100","PH142709000",0.325862829537728,1,61.7799298224557
"101","PH148104000",2.03156721326552,1,62.2343064548194
"102","PH012908000",0.351409881014935,1,63.1805916055286
"103","PH142702000",1.19969396601583,1,63.9708609087187
"104","PH021526000",0.817012175238293,1,64.0759452664314
"105","PH012902000",0.550913542775633,1,64.3566086801746
"106","PH012909000",0.434070618779317,1,64.90570727694
"107","PH012929000",0.364401372991116,1,65.0639502987223
"108","PH023112000",0.520530139340511,1,65.4071076813448
"109","PH012916000",0.366340585447285,1,65.848170101516
"110","PH012918000",1.25749125121132,1,66.0855608100494
"111","PH142704000",0.463711672565919,1,66.2349578923076
"112","PH012922000",1.13232303267748,1,66.3745397529048
"113","PH023109000",0.712505234368168,1,66.4478120373932
"114","PH012903000",0.462595453557362,1,67.0517845236228
"115","PH012814000",0.567459904896802,1,67.0879230718011
"116","PH012927000",1.48428885608218,1,68.491341229471
"117","PH023135000",0.369814874076807,1,68.8304289288521
"118","PH012906000",0.887762031866845,1,69.5047376873239
"119","PH021502000",0.523008073792364,1,69.5763161994144
"120","PH012912000",1.25103841107594,1,70.0933058901966
"121","PH012920000",1.03447881771969,1,70.5113383421268
"122","PH141111000",0.457017600551897,1,71.2288744818044
"123","PH142703000",0.475464109150837,1,71.4152435280094
"124","PH012928000",0.977686256506534,1,71.5674922989571
"125","PH012905000",1.14939726002114,1,71.7234967723127
"126","PH012925000",1.23238335414111,1,71.8770686062351
"127","PH012907000",0.880349823324801,1,71.8889549987284
"128","PH012919000",0.672664071216521,1,72.7859731548237
"129","PH012811000",0.416679609318851,1,72.8792113798117
"130","PH012934000",0.939113132795534,1,73.4435378376675
"131","PH012932000",0.385044886021884,1,74.7791428432428
"132","PH012924000",0.697296777902392,1,75.124893820787
"133","PH023115000",0.626940785911812,1,75.2098827549653
"134","PH012813000",0.587706375574737,1,75.8751509976941
"135","PH012921000",1.37184794503991,1,76.6861260055789
"136","PH142705000",0.364486308652838,1,76.695921690438
"137","PH012923000",1.21278198445963,1,77.0648799863224
"138","PH012930000",1.07061400050436,1,77.099298697669
"139","PH025006000",0.655720645816621,1,77.7741957832337
"140","PH012803000",0.960773370946392,1,78.7430217668256
"141","PH012822000",0.426181878696547,1,78.789683820623
"142","PH021506000",0.790364405806453,1,78.7956279516856
"143","PH012819000",0.337324881113051,1,78.8613117194566
"144","PH012809000",0.478310745889779,1,79.3892732654904
"145","PH021517000",0.545566556909312,1,79.9273474766412
"146","PH012901000",0.318192741380422,1,80.2783397840483
"147","PH141105000",0.506744247457142,1,80.9956020096992
"148","PH141103000",0.305875525410019,1,81.096507830989
"149","PH025705000",0.583308817939043,1,82.1151235033076
"150","PH148106000",1.96714471890276,1,82.6701112105824
"151","PH142711000",0.7890967848072,1,82.8297104443827
"152","PH037703000",1.30031674394405,1,83.1737989771309
"153","PH012805000",0.261919691347413,1,83.6539134004197
"154","PH142710000",0.355466232986338,1,83.70580422997
"155","PH025703000",0.551789678921591,1,84.5710878156617
"156","PH023127000",0.436554188486605,1,84.8220659787767
"157","PH012933000",0.919902781174842,1,84.9303962905548
"158","PH148103000",1.8659916652888,1,85.5472141751326
"159","PH025003000",0.453429743845483,1,86.0408208600898
"160","PH012808000",1.20562347861112,1,86.8541336681492
"161","PH025014000",0.456286517444849,1,87.1846577212897
"162","PH012818000",0.35406511669139,1,88.5239719006391
"163","PH021513000",1.00695502884492,1,89.03517355577
"164","PH012807000",0.359976659813497,1,89.1008605444038
"165","PH012821000",0.408981543585957,1,89.1088435681736
"166","PH013319000",0.338263011027687,1,89.7571360409475
"167","PH012931000",0.360126506101774,1,91.5618255326865
"168","PH013306000",0.954278812513788,1,91.6373512748919
"169","PH141109000",0.602844267821663,1,92.1942983598979
"170","PH012816000",1.13324113291703,1,92.3561737931109
"171","PH012820000",0.355543753185697,1,92.9015966865495
"172","PH025013000",0.43766613519957,1,93.2679736560541
"173","PH141107000",0.665211573364927,1,94.5124232241242
"174","PH021503000",0.696116899689703,1,95.1391172853609
"175","PH148101000",1.90361867806929,1,95.2273834902873
"176","PH025701000",0.391467112558446,1,95.5217577368746
"177","PH025702000",0.402072573342652,1,95.682363209123
"178","PH025001000",0.556733422134675,1,96.6386468212847
"179","PH025011000",0.322231803644213,1,97.0083684657643
"180","PH025704000",0.445131260365002,1,97.0334299571407
"181","PH013318000",0.32810271914773,1,98.0009893191962
"182","PH012812000",0.66196753409991,1,98.6452597897997
"183","PH021516000",0.874199382542608,1,99.0199763168884
"184","PH148105000",1.94244491353394,1,99.4253648302117
"185","PH013310000",0.86924307999092,1,99.4282901675222
"186","PH013305000",1.15527663311767,1,99.6740284748305
"187","PH148107000",NA,NA,100.527703022426
"188","PH037702000",NA,NA,101.046518601878
"189","PH025005000",NA,NA,101.324146241116
"190","PH141101000",NA,NA,101.540930813045
"191","PH012823000",NA,NA,103.145607164457
"192","PH012802000",NA,NA,103.520112572572
"193","PH013315000",NA,NA,105.135152060814
"194","PH141108000",NA,NA,105.513866374596
"195","PH021510000",NA,NA,106.830470337753
"196","PH013303000",NA,NA,106.860978529761
"197","PH021525000",NA,NA,107.087688603876
"198","PH021508000",NA,NA,107.54068610277
"199","PH021507000",NA,NA,110.842679992292
"200","PH037704000",NA,NA,110.980052833395
"201","PH025009000",NA,NA,111.252848635809
"202","PH013304000",NA,NA,111.950106104879
"203","PH025004000",NA,NA,112.059442054081
"204","PH141104000",NA,NA,112.610445395671
"205","PH021501000",NA,NA,112.724824475868
"206","PH013316000",NA,NA,112.998160127161
"207","PH012817000",NA,NA,113.045369221224
"208","PH012801000",NA,NA,113.707695091229
"209","PH141114000",NA,NA,113.762630789774
"210","PH021518000",NA,NA,115.047336287507
"211","PH025010000",NA,NA,116.514917052461
"212","PH021514000",NA,NA,117.416377450407
"213","PH012810000",NA,NA,117.809104158516
"214","PH013308000",NA,NA,119.150054364421
"215","PH013314000",NA,NA,119.66947854896
"216","PH141110000",NA,NA,119.877019134714
"217","PH141112000",NA,NA,120.157960285167
"218","PH012804000",NA,NA,121.23927499686
"219","PH021524000",NA,NA,121.664536212567
"220","PH013311000",NA,NA,123.190040397548
"221","PH021522000",NA,NA,123.195182872351
"222","PH012806000",NA,NA,123.857757089816
"223","PH021511000",NA,NA,126.214286485505
"224","PH141102000",NA,NA,126.287094144566
"225","PH012815000",NA,NA,126.620539292805
"226","PH025706000",NA,NA,127.292127991182
"227","PH025007000",NA,NA,127.8881432447
"228","PH013307000",NA,NA,128.68633785598
"229","PH025002000",NA,NA,130.304479361553
"230","PH141106000",NA,NA,130.92588677122
"231","PH021505000",NA,NA,131.104917883707
"232","PH013309000",NA,NA,133.524589029259
"233","PH013302000",NA,NA,134.633592413326
"234","PH021523000",NA,NA,135.266631724179
"235","PH141113000",NA,NA,136.054644516587
"236","PH025008000",NA,NA,138.787398778299
"237","PH037706000",NA,NA,139.073231195689
"238","PH025012000",NA,NA,139.851013029111
"239","PH013320000",NA,NA,139.908201180626
"240","PH013312000",NA,NA,139.998845378068
"241","PH013301000",NA,NA,144.301336081682
"242","PH013313000",NA,NA,148.207681762277
"243","PH013317000",NA,NA,148.377361822513
"244","PH015536000",NA,NA,149.890126041576
"245","PH015541000",NA,NA,151.830235428267
"246","PH034905000",NA,NA,154.306411509386
"247","PH015535000",NA,NA,154.588306600349
"248","PH015529000",NA,NA,156.526685736791
"249","PH025015000",NA,NA,157.262346271826
"250","PH015530000",NA,NA,158.696389834947
"251","PH015533000",NA,NA,159.181742143051
"252","PH015512000",NA,NA,161.959021718845
"253","PH015543000",NA,NA,162.643395729436
"254","PH015537000",NA,NA,163.485007176307
"255","PH015534000",NA,NA,164.309238322277
"256","PH015548000",NA,NA,165.258836888784
"257","PH015506000",NA,NA,166.74861018536
"258","PH037701000",NA,NA,167.627887274851
"259","PH015525000",NA,NA,167.98594209295
"260","PH015526000",NA,NA,168.916936467134
"261","PH015539000",NA,NA,169.007673290471
"262","PH037707000",NA,NA,169.268977773843
"263","PH034920000",NA,NA,171.00618347748
"264","PH015528000",NA,NA,171.085650100101
"265","PH015546000",NA,NA,172.267602138005
"266","PH015518000",NA,NA,172.476677557341
"267","PH015544000",NA,NA,172.558726461717
"268","PH015505000",NA,NA,172.711503355074
"269","PH034916000",NA,NA,174.815120354092
"270","PH015538000",NA,NA,175.605569806293
"271","PH015507000",NA,NA,177.167301647232
"272","PH015517000",NA,NA,177.682709126373
"273","PH015514000",NA,NA,177.68292046416
"274","PH015547000",NA,NA,178.845974242722
"275","PH034926000",NA,NA,179.683407100601
"276","PH015513000",NA,NA,180.143585186516
"277","PH015531000",NA,NA,180.962082651641
"278","PH015524000",NA,NA,182.581899818751
"279","PH015540000",NA,NA,183.115185496932
"280","PH015522000",NA,NA,183.475667475227
"281","PH015503000",NA,NA,184.659747846483
"282","PH037708000",NA,NA,184.97888594531
"283","PH015542000",NA,NA,185.270305152764
"284","PH034902000",NA,NA,186.84112398412
"285","PH034923000",NA,NA,186.845048063835
"286","PH034931000",NA,NA,187.259825185075
"287","PH015504000",NA,NA,187.672867543462
"288","PH036914000",NA,NA,187.877939559443
"289","PH015532000",NA,NA,188.068172926217
"290","PH034917000",NA,NA,188.101607994526
"291","PH034906000",NA,NA,188.253215938406
"292","PH015508000",NA,NA,188.274023877584
"293","PH015509000",NA,NA,189.385013791451
"294","PH015521000",NA,NA,189.947071547809
"295","PH034915000",NA,NA,191.768780290387
"296","PH015510000",NA,NA,192.240251795595
"297","PH015515000",NA,NA,193.957082474695
"298","PH015545000",NA,NA,195.237003081961
"299","PH015511000",NA,NA,195.486822112577
"300","PH036901000",NA,NA,195.944082663905
"301","PH015523000",NA,NA,196.326908698749
"302","PH034918000",NA,NA,196.661992167331
"303","PH036909000",NA,NA,197.906002833536
"304","PH034909000",NA,NA,198.845796663439
"305","PH034930000",NA,NA,199.212786246221
"306","PH015502000",NA,NA,200.30555290162
"307","PH034913000",NA,NA,200.499674372675
"308","PH034911000",NA,NA,200.565931458338
"309","PH034929000",NA,NA,200.60127173184
"310","PH015501000",NA,NA,200.673059670429
"311","PH036912000",NA,NA,202.041046864995
"312","PH034907000",NA,NA,202.373293692535
"313","PH021509000",NA,NA,204.061363411958
"314","PH015516000",NA,NA,204.142002273995
"315","PH036910000",NA,NA,205.507527369521
"316","PH015527000",NA,NA,207.294444291452
"317","PH036911000",NA,NA,207.450821313377
"318","PH034919000",NA,NA,207.517142095587
"319","PH036903000",NA,NA,207.682095530861
"320","PH034922000",NA,NA,207.893348988319
"321","PH015519000",NA,NA,207.946032676709
"322","PH015520000",NA,NA,208.755899477223
"323","PH034903000",NA,NA,211.31295199011
"324","PH036917000",NA,NA,211.830153425534
"325","PH036906000",NA,NA,212.369738487378
"326","PH036913000",NA,NA,212.840206458473
"327","PH034901000",NA,NA,213.388377135194
"328","PH034914000",NA,NA,213.415504320094
"329","PH037113000",NA,NA,217.14859356126
"330","PH036915000",NA,NA,217.427998002612
"331","PH034928000",NA,NA,218.667216241226
"332","PH034932000",NA,NA,221.84232955739
"333","PH034921000",NA,NA,222.673770280437
"334","PH034910000",NA,NA,222.814328720135
"335","PH036916000",NA,NA,223.94027141893
"336","PH037705000",NA,NA,224.095787272956
"337","PH036907000",NA,NA,224.139718473115
"338","PH036908000",NA,NA,224.331279894421
"339","PH034912000",NA,NA,226.69019351112
"340","PH034927000",NA,NA,226.949246181085
"341","PH037103000",NA,NA,227.063300271708
"342","PH034908000",NA,NA,232.99812585308
"343","PH034924000",NA,NA,234.171039541964
"344","PH036918000",NA,NA,236.363600150153
"345","PH034925000",NA,NA,237.36686965625
"346","PH036905000",NA,NA,237.431541577198
"347","PH037106000",NA,NA,237.746393207381
"348","PH045631000",NA,NA,241.021955929055
"349","PH034904000",NA,NA,243.254008980406
"350","PH036904000",NA,NA,243.774732887256
"351","PH031421000",NA,NA,243.95452546341
"352","PH045606000",NA,NA,244.233423978553
"353","PH037108000",NA,NA,246.82885797414
"354","PH035411000",NA,NA,247.965544899193
"355","PH031424000",NA,NA,250.679082643351
"356","PH035403000",NA,NA,251.196604695563
"357","PH045632000",NA,NA,251.296055710668
"358","PH036902000",NA,NA,252.777923857265
"359","PH035409000",NA,NA,253.557559833633
"360","PH045621000",NA,NA,255.62476312088
"361","PH037105000",NA,NA,255.688964003987
"362","PH035405000",NA,NA,256.369819577695
"363","PH031419000",NA,NA,257.196211758581
"364","PH035401000",NA,NA,259.210591919592
"365","PH035419000",NA,NA,259.448878275302
"366","PH035413000",NA,NA,261.504980229559
"367","PH037101000",NA,NA,262.310250204825
"368","PH045617000",NA,NA,262.942536762038
"369","PH052006000",NA,NA,263.777677209498
"370","PH045636000",NA,NA,264.089031287626
"371","PH031422000",NA,NA,265.451902672346
"372","PH035417000",NA,NA,265.798440277404
"373","PH035416000",NA,NA,266.306453329345
"374","PH052001000",NA,NA,267.77868037453
"375","PH035415000",NA,NA,268.28369423556
"376","PH035418000",NA,NA,269.739577767543
"377","PH035404000",NA,NA,270.51838560864
"378","PH031401000",NA,NA,271.157598749224
"379","PH031403000",NA,NA,271.243621544125
"380","PH031413000",NA,NA,271.460975372494
"381","PH052007000",NA,NA,271.805777055829
"382","PH035421000",NA,NA,271.940046041387
"383","PH031406000",NA,NA,273.249902178434
"384","PH037102000",NA,NA,273.405255839365
"385","PH035420000",NA,NA,273.574842467809
"386","PH035402000",NA,NA,274.754291449414
"387","PH035414000",NA,NA,276.786116701584
"388","PH035407000",NA,NA,276.878769557645
"389","PH031418000",NA,NA,276.976618340288
"390","PH052010000",NA,NA,277.233783595501
"391","PH031415000",NA,NA,278.050183143157
"392","PH031417000",NA,NA,279.645385248742
"393","PH052004000",NA,NA,280.367487127874
"394","PH035406000",NA,NA,281.160681163056
"395","PH031420000",NA,NA,281.205815077521
"396","PH031407000",NA,NA,281.306469072796
"397","PH031423000",NA,NA,281.507900758723
"398","PH052005000",NA,NA,281.74716036146
"399","PH037111000",NA,NA,281.84660628049
"400","PH045808000",NA,NA,281.862666816496
"401","PH045620000",NA,NA,281.87945343252
"402","PH037110000",NA,NA,282.428824781914
"403","PH031408000",NA,NA,283.741259127765
"404","PH031402000",NA,NA,284.872579226623
"405","PH031410000",NA,NA,286.754837746708
"406","PH035422000",NA,NA,286.792047914367
"407","PH051612000",NA,NA,286.841542419976
"408","PH035408000",NA,NA,287.082338063715
"409","PH031404000",NA,NA,287.150102740287
"410","PH035410000",NA,NA,287.185566476629
"411","PH031411000",NA,NA,288.899705741902
"412","PH037112000",NA,NA,289.094153855892
"413","PH035412000",NA,NA,289.137060052191
"414","PH052002000",NA,NA,290.398632381798
"415","PH031416000",NA,NA,290.488811880953
"416","PH051608000",NA,NA,291.09468612458
"417","PH031409000",NA,NA,291.246987256856
"418","PH031412000",NA,NA,291.426442570836
"419","PH137501000",NA,NA,291.975294435324
"420","PH031405000",NA,NA,292.173879510243
"421","PH045811000",NA,NA,292.938244545344
"422","PH030804000",NA,NA,293.56943288416
"423","PH051605000",NA,NA,293.6193763337
"424","PH045802000",NA,NA,293.949348735527
"425","PH052009000",NA,NA,294.404273689068
"426","PH037104000",NA,NA,294.521969130486
"427","PH137504000",NA,NA,295.717343579182
"428","PH031414000",NA,NA,295.932418625716
"429","PH045812000",NA,NA,295.988327431494
"430","PH137404000",NA,NA,296.288862657796
"431","PH037114000",NA,NA,297.715579660247
"432","PH051602000",NA,NA,298.162371961269
"433","PH051611000",NA,NA,298.207681397953
"434","PH137402000",NA,NA,298.558041594524
"435","PH045638000",NA,NA,299.122369922962
"436","PH051735000",NA,NA,299.290120677375
"437","PH030805000",NA,NA,300.071008591497
"438","PH137502000",NA,NA,300.117049932565
"439","PH137503000",NA,NA,300.52331148963
"440","PH030809000",NA,NA,301.217488277844
"441","PH051603000",NA,NA,301.38989832658
"442","PH045803000",NA,NA,301.677112270437
"443","PH052003000",NA,NA,302.138228589161
"444","PH037107000",NA,NA,302.181591370064
"445","PH051711000",NA,NA,302.541704638545
"446","PH037109000",NA,NA,303.162659475036
"447","PH051714000",NA,NA,303.192917937193
"448","PH043427000",NA,NA,303.861660299563
"449","PH030812000",NA,NA,304.08147023025
"450","PH045805000",NA,NA,304.678519559709
"451","PH045814000",NA,NA,304.733628763227
"452","PH052008000",NA,NA,304.883525416773
"453","PH137405000",NA,NA,305.540414108799
"454","PH043429000",NA,NA,305.668596020825
"455","PH043408000",NA,NA,305.747283533166
"456","PH051606000",NA,NA,306.02422634874
"457","PH051609000",NA,NA,306.422633197171
"458","PH137403000",NA,NA,306.428141080987
"459","PH045809000",NA,NA,307.155130647136
"460","PH137401000",NA,NA,307.240740910984
"461","PH045813000",NA,NA,307.534911092907
"462","PH052011000",NA,NA,307.536888270177
"463","PH045801000",NA,NA,308.317283849723
"464","PH030801000",NA,NA,308.440728491933
"465","PH137606000",NA,NA,310.667568590405
"466","PH137602000",NA,NA,310.749499141876
"467","PH043421000",NA,NA,311.765521395996
"468","PH051607000",NA,NA,311.988725750721
"469","PH051717000",NA,NA,312.065607627114
"470","PH051729000",NA,NA,312.201223367714
"471","PH045810000",NA,NA,312.298137449943
"472","PH051601000",NA,NA,312.608555422468
"473","PH051737000",NA,NA,312.951614886018
"474","PH043414000",NA,NA,313.129159405087
"475","PH051604000",NA,NA,313.174773955087
"476","PH137607000",NA,NA,313.657436910939
"477","PH051610000",NA,NA,313.878610510645
"478","PH137605000",NA,NA,314.049891376285
"479","PH030803000",NA,NA,314.188443822856
"480","PH030808000",NA,NA,314.745054859524
"481","PH043418000",NA,NA,315.395453924393
"482","PH045804000",NA,NA,316.240760384635
"483","PH043420000",NA,NA,316.574657487186
"484","PH030811000",NA,NA,317.328182860938
"485","PH137604000",NA,NA,318.724777873934
"486","PH043409000",NA,NA,319.853384305701
"487","PH045806000",NA,NA,320.896856114849
"488","PH030810000",NA,NA,321.025973972059
"489","PH045646000",NA,NA,322.543245223141
"490","PH137601000",NA,NA,323.93407704553
"491","PH045633000",NA,NA,324.10567836504
"492","PH043413000",NA,NA,324.217858907722
"493","PH051733000",NA,NA,324.321389045922
"494","PH051715000",NA,NA,324.673764121191
"495","PH030802000",NA,NA,324.82483079065
"496","PH045807000",NA,NA,324.900106924195
"497","PH045627000",NA,NA,325.752111385603
"498","PH030806000",NA,NA,325.772381071751
"499","PH051712000",NA,NA,326.353856107861
"500","PH137603000",NA,NA,326.852337832609
"501","PH042111000",NA,NA,327.028081898755
"502","PH045607000",NA,NA,327.337916875962
"503","PH042103000",NA,NA,327.338253910714
"504","PH042116000",NA,NA,327.643741201182
"505","PH045602000",NA,NA,328.374772702431
"506","PH043407000",NA,NA,328.485436015048
"507","PH051719000",NA,NA,329.832313225463
"508","PH020905000",NA,NA,330.08393189374
"509","PH042117000",NA,NA,330.539561690483
"510","PH042109000",NA,NA,330.663310997097
"511","PH043419000",NA,NA,331.282629002728
"512","PH043426000",NA,NA,331.337266592884
"513","PH042105000",NA,NA,331.774820009636
"514","PH045637000",NA,NA,332.032779959124
"515","PH043425000",NA,NA,332.225981133766
"516","PH051730000",NA,NA,332.248542256227
"517","PH051708000",NA,NA,332.31149373529
"518","PH045639000",NA,NA,332.796383304847
"519","PH051734000",NA,NA,333.691705920522
"520","PH030807000",NA,NA,334.226139683823
"521","PH051736000",NA,NA,334.429436885956
"522","PH043412000",NA,NA,335.599129235611
"523","PH043422000",NA,NA,335.647423551073
"524","PH051707000",NA,NA,335.815980572883
"525","PH043403000",NA,NA,336.154985209467
"526","PH043415000",NA,NA,336.405721692474
"527","PH042123000",NA,NA,337.289222092211
"528","PH051704000",NA,NA,337.47849283817
"529","PH042104000",NA,NA,337.554350515023
"530","PH042120000",NA,NA,338.454776993136
"531","PH042106000",NA,NA,338.50469686683
"532","PH045618000",NA,NA,338.836757999338
"533","PH043428000",NA,NA,339.09020281868
"534","PH020906000",NA,NA,339.090267371509
"535","PH043430000",NA,NA,339.277563887207
"536","PH042108000",NA,NA,339.492538790766
"537","PH051731000",NA,NA,339.525533912325
"538","PH020903000",NA,NA,339.58527635368
"539","PH051720000",NA,NA,340.029297668638
"540","PH051724000",NA,NA,340.063367384943
"541","PH043416000",NA,NA,342.076739936654
"542","PH051725000",NA,NA,342.102156549724
"543","PH043404000",NA,NA,342.118290355993
"544","PH045623000",NA,NA,342.333741322466
"545","PH020904000",NA,NA,342.940600728917
"546","PH043410000",NA,NA,343.392064171306
"547","PH051710000",NA,NA,343.982182418592
"548","PH051728000",NA,NA,344.331749365669
"549","PH043417000",NA,NA,345.062957785967
"550","PH051709000",NA,NA,345.451709400272
"551","PH042115000",NA,NA,345.461999110838
"552","PH042122000",NA,NA,345.46232396164
"553","PH050518000",NA,NA,346.07750016322
"554","PH045603000",NA,NA,346.791179287401
"555","PH051718000",NA,NA,347.101801903294
"556","PH051721000",NA,NA,347.28008406562
"557","PH043405000",NA,NA,347.481386585541
"558","PH045635000",NA,NA,347.520862644551
"559","PH043402000",NA,NA,347.739246316844
"560","PH043411000",NA,NA,348.101630665003
"561","PH043406000",NA,NA,348.147103159396
"562","PH042118000",NA,NA,348.347415948898
"563","PH051713000",NA,NA,348.436915328358
"564","PH045647000",NA,NA,349.174792628476
"565","PH043423000",NA,NA,349.284522026537
"566","PH020901000",NA,NA,349.877585705336
"567","PH045622000",NA,NA,350.157700669325
"568","PH050515000",NA,NA,350.543619120632
"569","PH045619000",NA,NA,351.171787991901
"570","PH045630000",NA,NA,351.816106252722
"571","PH051726000",NA,NA,351.821319179968
"572","PH042121000",NA,NA,352.061628397476
"573","PH050510000",NA,NA,352.654133826979
"574","PH051705000",NA,NA,353.134512881858
"575","PH051701000",NA,NA,353.185421443479
"576","PH051716000",NA,NA,353.893217105844
"577","PH042113000",NA,NA,354.097290627811
"578","PH045629000",NA,NA,354.130969374672
"579","PH042102000",NA,NA,354.138212829266
"580","PH042110000",NA,NA,354.368553988979
"581","PH050501000",NA,NA,354.906201419879
"582","PH051722000",NA,NA,355.666105779958
"583","PH043424000",NA,NA,355.963525228461
"584","PH045605000",NA,NA,356.264202446482
"585","PH050517000",NA,NA,356.320344234033
"586","PH045649000",NA,NA,356.363376833055
"587","PH045601000",NA,NA,356.476339648207
"588","PH051732000",NA,NA,357.045352676946
"589","PH042107000",NA,NA,357.488348525092
"590","PH041028000",NA,NA,357.557132133349
"591","PH050509000",NA,NA,357.627607746572
"592","PH045615000",NA,NA,358.051960968527
"593","PH051727000",NA,NA,358.222335708437
"594","PH041031000",NA,NA,358.306264863473
"595","PH045634000",NA,NA,359.208487590486
"596","PH043401000",NA,NA,359.250548380634
"597","PH051706000",NA,NA,359.404526521989
"598","PH042119000",NA,NA,359.83379011347
"599","PH045624000",NA,NA,359.964461532704
"600","PH042114000",NA,NA,360.196154521327
"601","PH041030000",NA,NA,360.560043196514
"602","PH042112000",NA,NA,360.9397225617
"603","PH045625000",NA,NA,361.800159617549
"604","PH051723000",NA,NA,362.91852118295
"605","PH050516000",NA,NA,363.01539166588
"606","PH042101000",NA,NA,363.076646603406
"607","PH041017000",NA,NA,363.406847970135
"608","PH045645000",NA,NA,363.882022036125
"609","PH050514000",NA,NA,364.942461481129
"610","PH045608000",NA,NA,365.687000799403
"611","PH056214000",NA,NA,366.315799096405
"612","PH041004000",NA,NA,366.931315826478
"613","PH045616000",NA,NA,367.240906071394
"614","PH041019000",NA,NA,367.267370496837
"615","PH045648000",NA,NA,367.945023740998
"616","PH041011000",NA,NA,368.297635678291
"617","PH045610000",NA,NA,370.288314185747
"618","PH041018000",NA,NA,370.760330790763
"619","PH051702000",NA,NA,371.169522435708
"620","PH051703000",NA,NA,371.980086126302
"621","PH041014000",NA,NA,372.367325560268
"622","PH045644000",NA,NA,372.865111018169
"623","PH045641000",NA,NA,373.103612381095
"624","PH050511000",NA,NA,374.035373330471
"625","PH056216000",NA,NA,375.587120095039
"626","PH041034000",NA,NA,375.64155147179
"627","PH041025000",NA,NA,375.76453631792
"628","PH041001000",NA,NA,376.563644733053
"629","PH050507000",NA,NA,377.273457019006
"630","PH041020000",NA,NA,377.384121651811
"631","PH050504000",NA,NA,377.583565004887
"632","PH050506000",NA,NA,377.881328850982
"633","PH045628000",NA,NA,378.529348934409
"634","PH050502000",NA,NA,378.641344578071
"635","PH041007000",NA,NA,378.706462464468
"636","PH041012000",NA,NA,379.157274981219
"637","PH050503000",NA,NA,379.162909868481
"638","PH020902000",NA,NA,379.384750335666
"639","PH050508000",NA,NA,379.587040477543
"640","PH041009000",NA,NA,379.662616925878
"641","PH056208000",NA,NA,379.80054030832
"642","PH041022000",NA,NA,381.487140258631
"643","PH041013000",NA,NA,381.939327259405
"644","PH041003000",NA,NA,382.327354908372
"645","PH084814000",NA,NA,383.205877706722
"646","PH084808000",NA,NA,383.393048643152
"647","PH041021000",NA,NA,383.992633569678
"648","PH050512000",NA,NA,384.73524943276
"649","PH041027000",NA,NA,384.800702760246
"650","PH041029000",NA,NA,384.955733631083
"651","PH041002000",NA,NA,385.019888824892
"652","PH041023000",NA,NA,385.482955594907
"653","PH041010000",NA,NA,386.204293921863
"654","PH056202000",NA,NA,388.584358120768
"655","PH056205000",NA,NA,389.258870768852
"656","PH041026000",NA,NA,389.69237877461
"657","PH084812000",NA,NA,390.008770975797
"658","PH050505000",NA,NA,390.080598498085
"659","PH041024000",NA,NA,390.259024026794
"660","PH056206000",NA,NA,390.513704658753
"661","PH041032000",NA,NA,390.955500815239
"662","PH045640000",NA,NA,392.271434171255
"663","PH084802000",NA,NA,392.919288314651
"664","PH041006000",NA,NA,393.096770328017
"665","PH050513000",NA,NA,393.363368119958
"666","PH084815000",NA,NA,394.44654525005
"667","PH084807000",NA,NA,394.665903775912
"668","PH056213000",NA,NA,395.486002250039
"669","PH041008000",NA,NA,395.498238582113
"670","PH084820000",NA,NA,395.742591910378
"671","PH056204000",NA,NA,396.677729035572
"672","PH056210000",NA,NA,397.337098805251
"673","PH084806000",NA,NA,397.730924473762
"674","PH174005000",NA,NA,398.33864562085
"675","PH056207000",NA,NA,398.509684434184
"676","PH174004000",NA,NA,398.701003380693
"677","PH041005000",NA,NA,399.065502044038
"678","PH045642000",NA,NA,399.258174317901
"679","PH041015000",NA,NA,399.263221457239
"680","PH056211000",NA,NA,401.702495026633
"681","PH041016000",NA,NA,402.38876856961
"682","PH084809000",NA,NA,402.549356303085
"683","PH084813000",NA,NA,404.26153831466
"684","PH056209000",NA,NA,404.934522027225
"685","PH084819000",NA,NA,406.182807940382
"686","PH084816000",NA,NA,406.566587656571
"687","PH084811000",NA,NA,406.868496159108
"688","PH056215000",NA,NA,407.612923618854
"689","PH082611000",NA,NA,407.660768847454
"690","PH084805000",NA,NA,408.070960817763
"691","PH174001000",NA,NA,408.903935481178
"692","PH084810000",NA,NA,409.167616171495
"693","PH082601000",NA,NA,409.199317462373
"694","PH054120000",NA,NA,409.77025677753
"695","PH084803000",NA,NA,409.834988637509
"696","PH082621000",NA,NA,410.426000267323
"697","PH041033000",NA,NA,411.76585942061
"698","PH084801000",NA,NA,411.847487162994
"699","PH174006000",NA,NA,412.003013514833
"700","PH056203000",NA,NA,412.449389804353
"701","PH084822000",NA,NA,415.557557702068
"702","PH084823000",NA,NA,415.837106509557
"703","PH175104000",NA,NA,416.262140941889
"704","PH056212000",NA,NA,416.80597067995
"705","PH174003000",NA,NA,417.393509249534
"706","PH082617000",NA,NA,417.412955008272
"707","PH084824000",NA,NA,418.958634790869
"708","PH175103000",NA,NA,419.173038486604
"709","PH086011000",NA,NA,421.022816707827
"710","PH174002000",NA,NA,422.27274108451
"711","PH054107000",NA,NA,422.667315208199
"712","PH084817000",NA,NA,423.987186493015
"713","PH084818000",NA,NA,424.597218772429
"714","PH082614000",NA,NA,424.811542539409
"715","PH084804000",NA,NA,426.729411564743
"716","PH082606000",NA,NA,428.944381075402
"717","PH175211000",NA,NA,430.863729099374
"718","PH054114000",NA,NA,430.998195175638
"719","PH086014000",NA,NA,433.588894453764
"720","PH086003000",NA,NA,434.015672970984
"721","PH175205000",NA,NA,435.05801614028
"722","PH054119000",NA,NA,435.77796985277
"723","PH175213000",NA,NA,438.816715071433
"724","PH086007000",NA,NA,439.370596252275
"725","PH082605000",NA,NA,439.790188271093
"726","PH084821000",NA,NA,440.288017705518
"727","PH054118000",NA,NA,442.330755458618
"728","PH175101000",NA,NA,443.633034722042
"729","PH086016000",NA,NA,443.883812943472
"730","PH175201000",NA,NA,445.982841236019
"731","PH086025000",NA,NA,446.618048438862
"732","PH054104000",NA,NA,448.441128788278
"733","PH175208000",NA,NA,448.44266326977
"734","PH175107000",NA,NA,448.856827321995
"735","PH082623000",NA,NA,450.097825806879
"736","PH175210000",NA,NA,451.165679896583
"737","PH086026000",NA,NA,452.754991451858
"738","PH175902000",NA,NA,452.83698340613
"739","PH086012000",NA,NA,453.112951067964
"740","PH086022000",NA,NA,453.547942741979
"741","PH175215000",NA,NA,455.744250366002
"742","PH086020000",NA,NA,457.810475487277
"743","PH082622000",NA,NA,458.092291614692
"744","PH054102000",NA,NA,458.503170172091
"745","PH086009000",NA,NA,459.245902816556
"746","PH175106000",NA,NA,461.517732076526
"747","PH086024000",NA,NA,462.545809003961
"748","PH175214000",NA,NA,462.705747105187
"749","PH054101000",NA,NA,462.781944543644
"750","PH086005000",NA,NA,462.823890094046
"751","PH054111000",NA,NA,463.921310719528
"752","PH175209000",NA,NA,464.144563818538
"753","PH082620000",NA,NA,465.167482127772
"754","PH175905000",NA,NA,465.389730016468
"755","PH054113000",NA,NA,465.761415835002
"756","PH086018000",NA,NA,467.226108835293
"757","PH175906000",NA,NA,467.689848605861
"758","PH054108000",NA,NA,468.899825109669
"759","PH086008000",NA,NA,469.343275850662
"760","PH175111000",NA,NA,470.485720432572
"761","PH054121000",NA,NA,471.4599669636
"762","PH086001000",NA,NA,471.509721341472
"763","PH054115000",NA,NA,472.64895741031
"764","PH175206000",NA,NA,474.572954155821
"765","PH086015000",NA,NA,474.933841875014
"766","PH054112000",NA,NA,479.304450848724
"767","PH054105000",NA,NA,479.468654502168
"768","PH082604000",NA,NA,481.602501142233
"769","PH086023000",NA,NA,482.75246281779
"770","PH086004000",NA,NA,483.791356153911
"771","PH087807000",NA,NA,485.626501874964
"772","PH054110000",NA,NA,485.972141333818
"773","PH175202000",NA,NA,486.274461367398
"774","PH054106000",NA,NA,487.182577493218
"775","PH086006000",NA,NA,487.894825391931
"776","PH175910000",NA,NA,487.921881736985
"777","PH175904000",NA,NA,488.080956874309
"778","PH175908000",NA,NA,488.38909863094
"779","PH175109000",NA,NA,489.222576947257
"780","PH054117000",NA,NA,489.621535817463
"781","PH175903000",NA,NA,490.244769874204
"782","PH054116000",NA,NA,490.510266568144
"783","PH086013000",NA,NA,491.144493840509
"784","PH175911000",NA,NA,492.958936333186
"785","PH086021000",NA,NA,493.901847617709
"786","PH087806000",NA,NA,493.911179866294
"787","PH082615000",NA,NA,494.930832715407
"788","PH087805000",NA,NA,495.474313567927
"789","PH054109000",NA,NA,495.871140603716
"790","PH175912000",NA,NA,496.378000070016
"791","PH175913000",NA,NA,496.993220820154
"792","PH175203000",NA,NA,498.276200955561
"793","PH087801000",NA,NA,498.930714151448
"794","PH086019000",NA,NA,499.484716305742
"795","PH082603000",NA,NA,501.218416387273
"796","PH087804000",NA,NA,501.774146594275
"797","PH086017000",NA,NA,504.093460319422
"798","PH087808000",NA,NA,504.784972184262
"799","PH175212000",NA,NA,505.606087800752
"800","PH086002000",NA,NA,506.138862510744
"801","PH082613000",NA,NA,506.444320276382
"802","PH087803000",NA,NA,507.558761393727
"803","PH082610000",NA,NA,508.482370411135
"804","PH175917000",NA,NA,509.362106469239
"805","PH087802000",NA,NA,510.050721090779
"806","PH054103000",NA,NA,510.394310333273
"807","PH083705000",NA,NA,511.465619996165
"808","PH175909000",NA,NA,512.223145931778
"809","PH082607000",NA,NA,514.804093050467
"810","PH083713000",NA,NA,516.549634748612
"811","PH175207000",NA,NA,516.894771826505
"812","PH175102000",NA,NA,518.55583195943
"813","PH083743000",NA,NA,519.910253780625
"814","PH175901000",NA,NA,521.495598366395
"815","PH175916000",NA,NA,521.939767855225
"816","PH083742000",NA,NA,521.990197369855
"817","PH083747000",NA,NA,522.94088183714
"818","PH083706000",NA,NA,523.220311739271
"819","PH175108000",NA,NA,523.837117126428
"820","PH082602000",NA,NA,524.477731891673
"821","PH082618000",NA,NA,525.192182928476
"822","PH086010000",NA,NA,525.458796282661
"823","PH082612000",NA,NA,525.468914388371
"824","PH082619000",NA,NA,526.570523278397
"825","PH175907000",NA,NA,526.582812100779
"826","PH083729000",NA,NA,527.223037793772
"827","PH082608000",NA,NA,527.302040189941
"828","PH083750000",NA,NA,529.353626434816
"829","PH083714000",NA,NA,530.230575489489
"830","PH083702000",NA,NA,530.447247628096
"831","PH083715000",NA,NA,530.884339459079
"832","PH083745000",NA,NA,531.980731641844
"833","PH175110000",NA,NA,532.72537103122
"834","PH083744000",NA,NA,533.182223537694
"835","PH082616000",NA,NA,533.751727449479
"836","PH083739000",NA,NA,534.786669170813
"837","PH175204000",NA,NA,536.177293328102
"838","PH175915000",NA,NA,537.558134716097
"839","PH083723000",NA,NA,539.30426117365
"840","PH083741000",NA,NA,540.475308734806
"841","PH083726000",NA,NA,541.071298955342
"842","PH083748000",NA,NA,542.61256530893
"843","PH083751000",NA,NA,542.637924190478
"844","PH175105000",NA,NA,544.055282561609
"845","PH083717000",NA,NA,546.693055681583
"846","PH083749000",NA,NA,547.425328493866
"847","PH083746000",NA,NA,548.429228103334
"848","PH083733000",NA,NA,550.052039385076
"849","PH175914000",NA,NA,550.527114369034
"850","PH083738000",NA,NA,553.547844562196
"851","PH083718000",NA,NA,555.474346661232
"852","PH072221000",NA,NA,555.692788296183
"853","PH083725000",NA,NA,555.766169977059
"854","PH082609000",NA,NA,559.906650719593
"855","PH083710000",NA,NA,562.180412984368
"856","PH083740000",NA,NA,562.707189503806
"857","PH072228000",NA,NA,563.81444984768
"858","PH063014000",NA,NA,563.825813331374
"859","PH072244000",NA,NA,564.792835599169
"860","PH083735000",NA,NA,564.950700610956
"861","PH083728000",NA,NA,565.972201734144
"862","PH083703000",NA,NA,566.133272083927
"863","PH072231000",NA,NA,566.381086209283
"864","PH083736000",NA,NA,568.08119621246
"865","PH060412000",NA,NA,568.338096867558
"866","PH060414000",NA,NA,570.962778095527
"867","PH083730000",NA,NA,572.148522678486
"868","PH072209000",NA,NA,572.193240385166
"869","PH063019000",NA,NA,572.842138853413
"870","PH083722000",NA,NA,573.277964461993
"871","PH060416000",NA,NA,574.68034151793
"872","PH063005000",NA,NA,574.828286989054
"873","PH060605000",NA,NA,575.352493440101
"874","PH060417000",NA,NA,575.519954165319
"875","PH060405000",NA,NA,575.882859794806
"876","PH060407000",NA,NA,575.983470012761
"877","PH061909000",NA,NA,576.616633370143
"878","PH061911000",NA,NA,577.077932591802
"879","PH060406000",NA,NA,577.32797752487
"880","PH060411000",NA,NA,577.471944730634
"881","PH061914000",NA,NA,577.764280805188
"882","PH072211000",NA,NA,578.509878678332
"883","PH063009000",NA,NA,579.356012720857
"884","PH060610000",NA,NA,579.47430080435
"885","PH060408000",NA,NA,579.576137884493
"886","PH060611000",NA,NA,579.832616549308
"887","PH060415000",NA,NA,580.849781878451
"888","PH083724000",NA,NA,580.972351351853
"889","PH061905000",NA,NA,583.709458841222
"890","PH061913000",NA,NA,584.366035793402
"891","PH072243000",NA,NA,584.886412924734
"892","PH060404000",NA,NA,585.50992688944
"893","PH061912000",NA,NA,585.576583457712
"894","PH072248000",NA,NA,587.323386999731
"895","PH072236000",NA,NA,587.394801570015
"896","PH060403000",NA,NA,587.67532068681
"897","PH063038000",NA,NA,588.316964120115
"898","PH061910000",NA,NA,588.592701623124
"899","PH061915000",NA,NA,589.340081672196
"900","PH083701000",NA,NA,589.879515890255
"901","PH060413000",NA,NA,590.262581872358
"902","PH083708000",NA,NA,590.570379730226
"903","PH060401000",NA,NA,592.004491983684
"904","PH060402000",NA,NA,593.633839471277
"905","PH061916000",NA,NA,593.987626096727
"906","PH063044000",NA,NA,594.330115105127
"907","PH061907000",NA,NA,595.187871637142
"908","PH060615000",NA,NA,595.52573647014
"909","PH072213000",NA,NA,596.277920979279
"910","PH061908000",NA,NA,596.635310720735
"911","PH175307000",NA,NA,597.198633585683
"912","PH063015000",NA,NA,597.710609791038
"913","PH061902000",NA,NA,598.238516302578
"914","PH083731000",NA,NA,598.24288495486
"915","PH072253000",NA,NA,600.396671155302
"916","PH072238000",NA,NA,600.707228350916
"917","PH072249000",NA,NA,600.725361736084
"918","PH061901000",NA,NA,602.660611700955
"919","PH086416000",NA,NA,603.114995155262
"920","PH175309000",NA,NA,603.708711404753
"921","PH060410000",NA,NA,605.021083957028
"922","PH063027000",NA,NA,605.212271888264
"923","PH072242000",NA,NA,606.297036044677
"924","PH072247000",NA,NA,606.606073635593
"925","PH061903000",NA,NA,608.085512241571
"926","PH060409000",NA,NA,608.121042005216
"927","PH083721000",NA,NA,608.474345344362
"928","PH061906000",NA,NA,609.578065655786
"929","PH061904000",NA,NA,609.893385727681
"930","PH063001000",NA,NA,610.379508985876
"931","PH086417000",NA,NA,612.334656775017
"932","PH060606000",NA,NA,613.575258788057
"933","PH168505000",NA,NA,614.571796126139
"934","PH072216000",NA,NA,615.783545520506
"935","PH083720000",NA,NA,615.857518427714
"936","PH063042000",NA,NA,616.731159496885
"937","PH086403000",NA,NA,616.925261441512
"938","PH072252000",NA,NA,617.966771157545
"939","PH083719000",NA,NA,619.21068239658
"940","PH086404000",NA,NA,620.305106547901
"941","PH063010000",NA,NA,620.456338623865
"942","PH061917000",NA,NA,620.920240053312
"943","PH086402000",NA,NA,620.923810434973
"944","PH184523000",NA,NA,621.320459610428
"945","PH063035000",NA,NA,621.4704556955
"946","PH063008000",NA,NA,621.476992736537
"947","PH184509000",NA,NA,622.57903243984
"948","PH072215000",NA,NA,623.244968601102
"949","PH168507000",NA,NA,624.182418099521
"950","PH086405000",NA,NA,624.415789116947
"951","PH086412000",NA,NA,624.996010716806
"952","PH060617000",NA,NA,625.889880551341
"953","PH063039000",NA,NA,626.063282032007
"954","PH086401000",NA,NA,626.500427957019
"955","PH184518000",NA,NA,626.866603589087
"956","PH083707000",NA,NA,627.577025064707
"957","PH184504000",NA,NA,627.887826990835
"958","PH086414000",NA,NA,628.878861505505
"959","PH063013000",NA,NA,629.314750927163
"960","PH063006000",NA,NA,629.618443323561
"961","PH072223000",NA,NA,630.526784172361
"962","PH060602000",NA,NA,630.805218906315
"963","PH184529000",NA,NA,631.63858500877
"964","PH072206000",NA,NA,631.948550394744
"965","PH086418000",NA,NA,632.15052074986
"966","PH175322000",NA,NA,632.999872100681
"967","PH168504000",NA,NA,634.52402823388
"968","PH184531000",NA,NA,634.709159018031
"969","PH063003000",NA,NA,635.971820825054
"970","PH063017000",NA,NA,636.07854027209
"971","PH083734000",NA,NA,636.182211753168
"972","PH072218000",NA,NA,636.61799779612
"973","PH063025000",NA,NA,637.208769438399
"974","PH063016000",NA,NA,637.675527484955
"975","PH184508000",NA,NA,638.24506289183
"976","PH060609000",NA,NA,641.539829579449
"977","PH072227000",NA,NA,642.102990085739
"978","PH184505000",NA,NA,642.265954300158
"979","PH072208000",NA,NA,642.82492511554
"980","PH086407000",NA,NA,643.863189938442
"981","PH086409000",NA,NA,643.968626595795
"982","PH184526000",NA,NA,644.464409853006
"983","PH086406000",NA,NA,644.632022580564
"984","PH063004000",NA,NA,644.699086289019
"985","PH072219000",NA,NA,645.333761957516
"986","PH168501000",NA,NA,645.69877897901
"987","PH063007000",NA,NA,646.008056295426
"988","PH063037000",NA,NA,647.374644704956
"989","PH060604000",NA,NA,647.489097110905
"990","PH063023000",NA,NA,648.092956772648
"991","PH063031000",NA,NA,649.246827749363
"992","PH072217000",NA,NA,650.337176109265
"993","PH072230000",NA,NA,651.063426076165
"994","PH184528000",NA,NA,651.111247160795
"995","PH086413000",NA,NA,651.706339065912
"996","PH060618000",NA,NA,651.988870748122
"997","PH168502000",NA,NA,652.093728037614
"998","PH086408000",NA,NA,652.387085814571
"999","PH168506000",NA,NA,653.431730459239
"1000","PH166721000",NA,NA,653.466345439513
"1001","PH063018000",NA,NA,654.052643531442
"1002","PH086410000",NA,NA,654.108882271221
"1003","PH184532000",NA,NA,654.236040168631
"1004","PH166704000",NA,NA,655.090355860571
"1005","PH072226000",NA,NA,655.476518283663
"1006","PH063032000",NA,NA,655.683658870165
"1007","PH063029000",NA,NA,656.520171641871
"1008","PH063012000",NA,NA,657.70075600053
"1009","PH168503000",NA,NA,658.324810186027
"1010","PH063047000",NA,NA,658.469227960935
"1011","PH071235000",NA,NA,658.801433879563
"1012","PH072251000",NA,NA,658.833542223363
"1013","PH086415000",NA,NA,659.364588530313
"1014","PH072220000",NA,NA,659.800685345078
"1015","PH184501000",NA,NA,660.752943220293
"1016","PH071248000",NA,NA,660.867268431854
"1017","PH086411000",NA,NA,661.137920318373
"1018","PH166718000",NA,NA,661.679240574551
"1019","PH072250000",NA,NA,661.767534255241
"1020","PH063043000",NA,NA,661.935301824684
"1021","PH184524000",NA,NA,662.00039242806
"1022","PH184520000",NA,NA,662.37928660174
"1023","PH166720000",NA,NA,662.433767159341
"1024","PH063026000",NA,NA,663.497200828998
"1025","PH072232000",NA,NA,663.97278137131
"1026","PH063002000",NA,NA,664.475214447276
"1027","PH071243000",NA,NA,664.91829601362
"1028","PH071226000",NA,NA,666.468150876921
"1029","PH060614000",NA,NA,666.971401956938
"1030","PH175302000",NA,NA,667.654680025428
"1031","PH063036000",NA,NA,667.849906624122
"1032","PH086419000",NA,NA,668.170134817893
"1033","PH063041000",NA,NA,668.515500112651
"1034","PH060612000",NA,NA,668.903935234255
"1035","PH063028000",NA,NA,668.912480124482
"1036","PH072234000",NA,NA,669.776277350516
"1037","PH166708000",NA,NA,670.673386043619
"1038","PH067901000",NA,NA,671.171351015549
"1039","PH166716000",NA,NA,671.258648579064
"1040","PH071244000",NA,NA,671.280267347457
"1041","PH072237000",NA,NA,671.64048496724
"1042","PH063022000",NA,NA,672.018620522254
"1043","PH071246000",NA,NA,672.971813563567
"1044","PH063046000",NA,NA,673.540563553529
"1045","PH063034000",NA,NA,675.187755758299
"1046","PH071209000",NA,NA,675.741077924333
"1047","PH184502000",NA,NA,676.018569547371
"1048","PH072241000",NA,NA,677.732733479234
"1049","PH184608000",NA,NA,677.914564580859
"1050","PH071238000",NA,NA,678.130377360826
"1051","PH060603000",NA,NA,678.403939503281
"1052","PH166710000",NA,NA,678.911897846969
"1053","PH063045000",NA,NA,679.487733951986
"1054","PH063021000",NA,NA,679.909846636038
"1055","PH067904000",NA,NA,680.539890239989
"1056","PH166724000",NA,NA,680.661725011389
"1057","PH072204000",NA,NA,680.698831843295
"1058","PH175313000",NA,NA,681.269674215233
"1059","PH071231000",NA,NA,681.614180200763
"1060","PH184522000",NA,NA,681.925985434573
"1061","PH071224000",NA,NA,682.676540462765
"1062","PH166707000",NA,NA,682.81400385127
"1063","PH067902000",NA,NA,683.290687434281
"1064","PH071218000",NA,NA,683.57735877165
"1065","PH060616000",NA,NA,683.699067701099
"1066","PH063020000",NA,NA,683.892455992586
"1067","PH184516000",NA,NA,684.623681946939
"1068","PH071202000",NA,NA,685.210637188416
"1069","PH184530000",NA,NA,685.92811200227
"1070","PH072214000",NA,NA,686.149233118515
"1071","PH184517000",NA,NA,687.459000948664
"1072","PH071217000",NA,NA,687.524312444751
"1073","PH060613000",NA,NA,687.566466876834
"1074","PH166725000",NA,NA,688.066440977161
"1075","PH166719000",NA,NA,688.445133124792
"1076","PH063030000",NA,NA,689.212521524458
"1077","PH184525000",NA,NA,689.416355739416
"1078","PH071214000",NA,NA,690.206673950186
"1079","PH072210000",NA,NA,690.692361022304
"1080","PH071211000",NA,NA,690.693895501399
"1081","PH067905000",NA,NA,691.291119891982
"1082","PH071234000",NA,NA,691.974019677097
"1083","PH071236000",NA,NA,692.298612660225
"1084","PH184519000",NA,NA,692.787745619603
"1085","PH166723000",NA,NA,693.080434603512
"1086","PH184521000",NA,NA,693.303549187031
"1087","PH071245000",NA,NA,694.455467402539
"1088","PH166722000",NA,NA,695.307686353244
"1089","PH184611000",NA,NA,695.524563680314
"1090","PH071203000",NA,NA,695.606205568898
"1091","PH166717000",NA,NA,695.677936536235
"1092","PH060608000",NA,NA,696.889240248606
"1093","PH071212000",NA,NA,697.403416563437
"1094","PH071223000",NA,NA,697.410919845331
"1095","PH072246000",NA,NA,698.259977839141
"1096","PH067903000",NA,NA,698.900737480289
"1097","PH072224000",NA,NA,700.559062737163
"1098","PH071213000",NA,NA,700.764984171741
"1099","PH071240000",NA,NA,700.951335804575
"1100","PH071210000",NA,NA,701.979745507953
"1101","PH063040000",NA,NA,702.324041942387
"1102","PH071237000",NA,NA,702.654647993407
"1103","PH071221000",NA,NA,702.794335369302
"1104","PH166702000",NA,NA,702.832715728121
"1105","PH071207000",NA,NA,702.863790717615
"1106","PH184511000",NA,NA,702.969716501562
"1107","PH166727000",NA,NA,703.008679612867
"1108","PH184514000",NA,NA,703.094641019637
"1109","PH175314000",NA,NA,703.141239459238
"1110","PH175310000",NA,NA,703.207053312872
"1111","PH166714000",NA,NA,704.68968434443
"1112","PH166715000",NA,NA,704.725716071824
"1113","PH072239000",NA,NA,706.230791868125
"1114","PH071225000",NA,NA,708.788381933203
"1115","PH072201000",NA,NA,709.635926227645
"1116","PH166711000",NA,NA,709.949631806243
"1117","PH072205000",NA,NA,710.564988525986
"1118","PH071230000",NA,NA,710.783000635895
"1119","PH071204000",NA,NA,710.863375880205
"1120","PH071206000",NA,NA,710.869414965885
"1121","PH184503000",NA,NA,712.318023188066
"1122","PH166701000",NA,NA,712.709308118396
"1123","PH072233000",NA,NA,713.238345506368
"1124","PH166706000",NA,NA,713.269734142818
"1125","PH071222000",NA,NA,713.588468558195
"1126","PH060607000",NA,NA,713.606442657284
"1127","PH071208000",NA,NA,713.670607761599
"1128","PH071239000",NA,NA,713.839584012437
"1129","PH071247000",NA,NA,715.36142816461
"1130","PH175312000",NA,NA,716.612096310575
"1131","PH071232000",NA,NA,716.766671207239
"1132","PH071220000",NA,NA,718.53959027535
"1133","PH071216000",NA,NA,718.737960298231
"1134","PH071241000",NA,NA,718.877138837741
"1135","PH160206000",NA,NA,720.700859595418
"1136","PH071215000",NA,NA,720.969953106196
"1137","PH060601000",NA,NA,721.809914933897
"1138","PH071229000",NA,NA,722.384509533393
"1139","PH072207000",NA,NA,722.751661471807
"1140","PH184510000",NA,NA,722.977932539874
"1141","PH166807000",NA,NA,722.990513160502
"1142","PH071227000",NA,NA,724.482276746061
"1143","PH072222000",NA,NA,725.17877062631
"1144","PH071242000",NA,NA,725.347569023968
"1145","PH071201000",NA,NA,725.573319547509
"1146","PH071228000",NA,NA,726.819634403893
"1147","PH071205000",NA,NA,727.252736872874
"1148","PH160205000",NA,NA,728.169675517435
"1149","PH071219000",NA,NA,732.606700103416
"1150","PH166805000",NA,NA,732.675310021679
"1151","PH072203000",NA,NA,734.938461936816
"1152","PH072202000",NA,NA,735.222304883548
"1153","PH160210000",NA,NA,737.683149627305
"1154","PH071233000",NA,NA,737.890149096472
"1155","PH184602000",NA,NA,738.996005410415
"1156","PH166813000",NA,NA,739.243052708048
"1157","PH160211000",NA,NA,743.090569633506
"1158","PH166808000",NA,NA,743.248247030228
"1159","PH072212000",NA,NA,743.288496211628
"1160","PH072229000",NA,NA,744.862523999639
"1161","PH166806000",NA,NA,745.70105923756
"1162","PH184607000",NA,NA,746.249569141287
"1163","PH184515000",NA,NA,748.195232855098
"1164","PH166810000",NA,NA,748.290666732578
"1165","PH160203000",NA,NA,750.44124445529
"1166","PH101804000",NA,NA,752.305945641798
"1167","PH072225000",NA,NA,753.647817441696
"1168","PH072235000",NA,NA,755.461817205762
"1169","PH184513000",NA,NA,755.559606118753
"1170","PH184507000",NA,NA,755.702214693838
"1171","PH175320000",NA,NA,756.267815247369
"1172","PH101803000",NA,NA,757.126696878747
"1173","PH166819000",NA,NA,758.297764141359
"1174","PH101801000",NA,NA,758.642442420332
"1175","PH160212000",NA,NA,759.230960098494
"1176","PH072240000",NA,NA,761.811607579518
"1177","PH101805000",NA,NA,762.048989765724
"1178","PH101802000",NA,NA,762.231407025106
"1179","PH160208000",NA,NA,763.8247938524
"1180","PH184604000",NA,NA,765.784018694503
"1181","PH184506000",NA,NA,766.846474609523
"1182","PH072245000",NA,NA,768.56682622312
"1183","PH175303000",NA,NA,769.485674639426
"1184","PH160314000",NA,NA,769.607453076968
"1185","PH166818000",NA,NA,772.282274067996
"1186","PH166802000",NA,NA,772.485399149261
"1187","PH104317000",NA,NA,772.793136514651
"1188","PH166816000",NA,NA,774.168891321282
"1189","PH160204000",NA,NA,774.292313294596
"1190","PH184527000",NA,NA,775.451976552286
"1191","PH184601000",NA,NA,776.037529574684
"1192","PH076101000",NA,NA,776.305454027444
"1193","PH160209000",NA,NA,776.352813910679
"1194","PH160202000",NA,NA,777.578490993675
"1195","PH104325000",NA,NA,777.780099182667
"1196","PH166804000",NA,NA,778.938592622977
"1197","PH076102000",NA,NA,779.554463972049
"1198","PH104312000",NA,NA,779.672916177639
"1199","PH104303000",NA,NA,780.876885973266
"1200","PH175311000",NA,NA,782.545298926399
"1201","PH104323000",NA,NA,782.806707488315
"1202","PH184606000",NA,NA,783.561508294376
"1203","PH104304000",NA,NA,784.011686372899
"1204","PH076104000",NA,NA,784.421815260158
"1205","PH184610000",NA,NA,784.694784243277
"1206","PH104319000",NA,NA,784.843370867341
"1207","PH160201000",NA,NA,785.250215374684
"1208","PH166814000",NA,NA,786.341961001389
"1209","PH076106000",NA,NA,786.952392341207
"1210","PH184512000",NA,NA,787.271023343052
"1211","PH104322000",NA,NA,789.760099935692
"1212","PH076103000",NA,NA,790.133785180735
"1213","PH184603000",NA,NA,791.094548088693
"1214","PH076105000",NA,NA,791.522853980015
"1215","PH160301000",NA,NA,792.953592255085
"1216","PH166815000",NA,NA,794.19048987146
"1217","PH104308000",NA,NA,795.485319698506
"1218","PH104313000",NA,NA,795.756514487988
"1219","PH184605000",NA,NA,795.924521531604
"1220","PH160207000",NA,NA,796.617569743736
"1221","PH184609000",NA,NA,797.340707753626
"1222","PH166811000",NA,NA,800.41339400329
"1223","PH104302000",NA,NA,802.280762335826
"1224","PH175319000",NA,NA,803.513685388161
"1225","PH160306000",NA,NA,805.37105157301
"1226","PH104306000",NA,NA,808.668052497248
"1227","PH160303000",NA,NA,810.6345325222
"1228","PH104311000",NA,NA,813.403638924509
"1229","PH175318000",NA,NA,813.798368062761
"1230","PH166801000",NA,NA,819.489619429521
"1231","PH104326000",NA,NA,821.789670169338
"1232","PH160308000",NA,NA,824.988596149116
"1233","PH101313000",NA,NA,824.99763315343
"1234","PH104324000",NA,NA,826.307881491487
"1235","PH104314000",NA,NA,826.360628981265
"1236","PH160309000",NA,NA,830.201737320647
"1237","PH104309000",NA,NA,830.689423956716
"1238","PH166817000",NA,NA,831.851311783986
"1239","PH160311000",NA,NA,832.580810069377
"1240","PH104307000",NA,NA,833.893543402737
"1241","PH104315000",NA,NA,834.601514681886
"1242","PH166809000",NA,NA,835.029031227157
"1243","PH101305000",NA,NA,837.682178541372
"1244","PH104301000",NA,NA,837.9407280762
"1245","PH175308000",NA,NA,838.937604673217
"1246","PH104310000",NA,NA,840.377034781269
"1247","PH160307000",NA,NA,840.488630546302
"1248","PH101314000",NA,NA,842.602578161901
"1249","PH104321000",NA,NA,843.231151171405
"1250","PH104202000",NA,NA,845.482930762754
"1251","PH104212000",NA,NA,845.985073794191
"1252","PH104305000",NA,NA,847.301883123264
"1253","PH104320000",NA,NA,847.364159374155
"1254","PH101311000",NA,NA,849.191676636422
"1255","PH160304000",NA,NA,849.310802549068
"1256","PH097217000",NA,NA,850.980043088722
"1257","PH101319000",NA,NA,851.785726911566
"1258","PH104318000",NA,NA,853.049126414039
"1259","PH097201000",NA,NA,853.486269904994
"1260","PH097212000",NA,NA,854.649796092904
"1261","PH104204000",NA,NA,854.683322953914
"1262","PH104208000",NA,NA,855.31388728593
"1263","PH160302000",NA,NA,855.959093330973
"1264","PH104316000",NA,NA,856.960391590097
"1265","PH104213000",NA,NA,857.414174000082
"1266","PH166803000",NA,NA,858.14683389149
"1267","PH104209000",NA,NA,859.456981006358
"1268","PH101301000",NA,NA,859.571196945215
"1269","PH101312000",NA,NA,862.904375020984
"1270","PH104201000",NA,NA,864.69796819831
"1271","PH097204000",NA,NA,864.976044226473
"1272","PH097202000",NA,NA,866.215114260955
"1273","PH160305000",NA,NA,866.798804928811
"1274","PH104211000",NA,NA,867.27665053896
"1275","PH103504000",NA,NA,867.279552348839
"1276","PH104206000",NA,NA,868.090392402495
"1277","PH097210000",NA,NA,869.902137424421
"1278","PH160312000",NA,NA,870.296015349625
"1279","PH101322000",NA,NA,871.364038908411
"1280","PH104207000",NA,NA,871.466686127399
"1281","PH097209000",NA,NA,871.721020197086
"1282","PH166812000",NA,NA,871.926346813961
"1283","PH160313000",NA,NA,873.275643610867
"1284","PH175316000",NA,NA,873.438881659128
"1285","PH097208000",NA,NA,873.709251336982
"1286","PH104214000",NA,NA,875.622770198843
"1287","PH101310000",NA,NA,875.926552800733
"1288","PH103520000",NA,NA,876.400368343681
"1289","PH160310000",NA,NA,876.9556667962
"1290","PH103510000",NA,NA,878.969282230798
"1291","PH097207000",NA,NA,879.371319319716
"1292","PH097203000",NA,NA,879.84655313545
"1293","PH104216000",NA,NA,880.45990811498
"1294","PH097211000",NA,NA,880.523204125308
"1295","PH101320000",NA,NA,880.65669136098
"1296","PH153638000",NA,NA,880.721317968195
"1297","PH104217000",NA,NA,882.868365346581
"1298","PH103507000",NA,NA,882.908141962329
"1299","PH103502000",NA,NA,882.934730492253
"1300","PH103513000",NA,NA,883.745108303882
"1301","PH103501000",NA,NA,883.941393618372
"1302","PH104205000",NA,NA,884.195137445285
"1303","PH103523000",NA,NA,884.793139584056
"1304","PH153610000",NA,NA,885.331817350395
"1305","PH103517000",NA,NA,887.502438149006
"1306","PH112503000",NA,NA,887.667881712239
"1307","PH097214000",NA,NA,887.73378657711
"1308","PH097222000",NA,NA,888.258063860354
"1309","PH103512000",NA,NA,889.098846507906
"1310","PH104210000",NA,NA,890.007803439635
"1311","PH153606000",NA,NA,890.670514160603
"1312","PH153625000",NA,NA,890.676835937067
"1313","PH097337000",NA,NA,890.780601589091
"1314","PH101321000",NA,NA,891.402439606364
"1315","PH103516000",NA,NA,891.585522746936
"1316","PH153617000",NA,NA,891.900339403929
"1317","PH118207000",NA,NA,892.669170861356
"1318","PH118202000",NA,NA,892.679233667417
"1319","PH153624000",NA,NA,893.396060799354
"1320","PH103508000",NA,NA,893.979006079305
"1321","PH112305000",NA,NA,896.15335700565
"1322","PH103514000",NA,NA,897.317931490623
"1323","PH153633000",NA,NA,897.52661886921
"1324","PH097319000",NA,NA,897.578060436453
"1325","PH153621000",NA,NA,897.903639743572
"1326","PH104215000",NA,NA,898.054658505201
"1327","PH103521000",NA,NA,898.167410800999
"1328","PH153616000",NA,NA,899.842390907163
"1329","PH101318000",NA,NA,900.027831276874
"1330","PH153634000",NA,NA,900.131304802038
"1331","PH097315000",NA,NA,900.772049548576
"1332","PH103511000",NA,NA,901.421096408416
"1333","PH153619000",NA,NA,901.733361011716
"1334","PH104203000",NA,NA,903.279403598273
"1335","PH101315000",NA,NA,903.830696022046
"1336","PH153627000",NA,NA,904.322985715001
"1337","PH097308000",NA,NA,904.558351309214
"1338","PH153603000",NA,NA,905.194305229416
"1339","PH112324000",NA,NA,905.533621215735
"1340","PH103522000",NA,NA,905.658929280549
"1341","PH112505000",NA,NA,905.741174228484
"1342","PH118208000",NA,NA,906.157391825361
"1343","PH097328000",NA,NA,906.520199749264
"1344","PH101316000",NA,NA,906.689398311253
"1345","PH153626000",NA,NA,907.370035841964
"1346","PH103503000",NA,NA,907.722337555325
"1347","PH153629000",NA,NA,907.834831730872
"1348","PH153613000",NA,NA,907.927894166536
"1349","PH153601000",NA,NA,910.141486425838
"1350","PH101307000",NA,NA,910.462126480529
"1351","PH097218000",NA,NA,910.532541168745
"1352","PH097215000",NA,NA,910.773488917818
"1353","PH153622000",NA,NA,911.348835546554
"1354","PH103509000",NA,NA,912.048258399337
"1355","PH118201000",NA,NA,912.499683446828
"1356","PH101317000",NA,NA,912.670743014907
"1357","PH112322000",NA,NA,913.199269361041
"1358","PH153614000",NA,NA,913.986727078814
"1359","PH103518000",NA,NA,913.991670999796
"1360","PH097323000",NA,NA,914.204419879105
"1361","PH153611000",NA,NA,914.219404395982
"1362","PH153637000",NA,NA,914.985202502349
"1363","PH097340000",NA,NA,915.052920555392
"1364","PH153618000",NA,NA,915.423050226692
"1365","PH101304000",NA,NA,917.594390827147
"1366","PH097302000",NA,NA,917.724798144413
"1367","PH112301000",NA,NA,918.292111134618
"1368","PH153636000",NA,NA,919.219671441176
"1369","PH153609000",NA,NA,919.419719959517
"1370","PH103505000",NA,NA,919.449925581268
"1371","PH153605000",NA,NA,919.599435599154
"1372","PH097318000",NA,NA,919.769282570658
"1373","PH153604000",NA,NA,920.684504349852
"1374","PH112314000",NA,NA,921.69987545161
"1375","PH153623000",NA,NA,921.793396148528
"1376","PH103519000",NA,NA,922.753954758826
"1377","PH153612000",NA,NA,922.776413037713
"1378","PH097330000",NA,NA,923.611008794872
"1379","PH153620000",NA,NA,925.066627469801
"1380","PH103515000",NA,NA,925.221741215582
"1381","PH153641000",NA,NA,925.49502881507
"1382","PH153630000",NA,NA,925.579920318699
"1383","PH153640000",NA,NA,925.854255253515
"1384","PH153628000",NA,NA,926.358632599695
"1385","PH097312000",NA,NA,926.884407306062
"1386","PH101303000",NA,NA,927.167276969599
"1387","PH112501000",NA,NA,927.446718929738
"1388","PH175301000",NA,NA,927.503627012934
"1389","PH118209000",NA,NA,927.694352686953
"1390","PH097226000",NA,NA,927.971366426606
"1391","PH153607000",NA,NA,928.461814896256
"1392","PH101309000",NA,NA,929.06953667605
"1393","PH153632000",NA,NA,929.798805815957
"1394","PH103506000",NA,NA,929.850038822476
"1395","PH118210000",NA,NA,931.079829421387
"1396","PH097213000",NA,NA,931.737537865045
"1397","PH097322000",NA,NA,931.986775989807
"1398","PH112318000",NA,NA,932.20970508584
"1399","PH118206000",NA,NA,932.512394694052
"1400","PH153635000",NA,NA,934.115941297143
"1401","PH101306000",NA,NA,935.032645548067
"1402","PH101308000",NA,NA,935.584862102935
"1403","PH097206000",NA,NA,935.589306659634
"1404","PH153631000",NA,NA,936.839050131959
"1405","PH097333000",NA,NA,937.577270960212
"1406","PH097225000",NA,NA,938.624594127058
"1407","PH097344000",NA,NA,939.392563841876
"1408","PH153615000",NA,NA,939.708316631588
"1409","PH112323000",NA,NA,939.971022483061
"1410","PH112319000",NA,NA,940.777555823054
"1411","PH097303000",NA,NA,941.053713624412
"1412","PH097307000",NA,NA,942.546493164432
"1413","PH101302000",NA,NA,942.902713252692
"1414","PH124716000",NA,NA,943.52164635383
"1415","PH118204000",NA,NA,943.762907582317
"1416","PH153802000",NA,NA,945.871957444927
"1417","PH097205000",NA,NA,946.211430696532
"1418","PH124701000",NA,NA,946.411388342123
"1419","PH097343000",NA,NA,947.433072630214
"1420","PH112303000",NA,NA,947.56399855971
"1421","PH153602000",NA,NA,947.855172906621
"1422","PH097221000",NA,NA,947.934364198871
"1423","PH153818000",NA,NA,950.497336854389
"1424","PH112504000",NA,NA,950.554543180159
"1425","PH097311000",NA,NA,950.641164632415
"1426","PH097325000",NA,NA,951.45692391487
"1427","PH118205000",NA,NA,951.588118112983
"1428","PH153809000",NA,NA,952.307644516251
"1429","PH112315000",NA,NA,952.448062419994
"1430","PH153639000",NA,NA,952.458835234192
"1431","PH124718000",NA,NA,952.520737154641
"1432","PH098306000",NA,NA,952.685990091284
"1433","PH097227000",NA,NA,954.86829846979
"1434","PH097324000",NA,NA,955.220730918544
"1435","PH118203000",NA,NA,955.332464569441
"1436","PH098303000",NA,NA,955.825380685205
"1437","PH098302000",NA,NA,955.982040559184
"1438","PH175315000",NA,NA,957.015449837312
"1439","PH097313000",NA,NA,958.263197540716
"1440","PH098309000",NA,NA,959.012415797423
"1441","PH097306000",NA,NA,959.489770520025
"1442","PH124713000",NA,NA,959.732564117017
"1443","PH112402000",NA,NA,960.662097900977
"1444","PH124702000",NA,NA,961.578161701405
"1445","PH097223000",NA,NA,962.381067240876
"1446","PH124715000",NA,NA,963.428347756719
"1447","PH098313000",NA,NA,964.109387527508
"1448","PH153811000",NA,NA,964.801287013305
"1449","PH118211000",NA,NA,966.389300299147
"1450","PH098315000",NA,NA,966.736828341721
"1451","PH124711000",NA,NA,967.328784776717
"1452","PH112508000",NA,NA,967.331322149398
"1453","PH124705000",NA,NA,967.652096746338
"1454","PH175317000",NA,NA,968.713322754074
"1455","PH097317000",NA,NA,970.169628287404
"1456","PH097305000",NA,NA,970.783303868686
"1457","PH098305000",NA,NA,970.804979457074
"1458","PH153824000",NA,NA,971.195054199215
"1459","PH098304000",NA,NA,971.378991388902
"1460","PH098308000",NA,NA,971.52759717319
"1461","PH124708000",NA,NA,971.694162177512
"1462","PH153812000",NA,NA,975.463286862218
"1463","PH124703000",NA,NA,975.871665140225
"1464","PH097341000",NA,NA,976.449032943479
"1465","PH124706000",NA,NA,977.046207796572
"1466","PH097338000",NA,NA,979.026877852533
"1467","PH097327000",NA,NA,979.488546703546
"1468","PH124717000",NA,NA,979.49902049612
"1469","PH097224000",NA,NA,980.363696230109
"1470","PH098311000",NA,NA,980.639698017157
"1471","PH112507000",NA,NA,980.92795972402
"1472","PH112511000",NA,NA,981.172895367049
"1473","PH129804000",NA,NA,981.9519545937
"1474","PH153834000",NA,NA,982.77968058265
"1475","PH124709000",NA,NA,982.951704868107
"1476","PH112317000",NA,NA,983.160884602818
"1477","PH112502000",NA,NA,983.269815923873
"1478","PH098312000",NA,NA,984.80260424629
"1479","PH098301000",NA,NA,984.900391551179
"1480","PH124704000",NA,NA,988.595708550347
"1481","PH175324000",NA,NA,989.189512769821
"1482","PH153822000",NA,NA,989.196886051045
"1483","PH153814000",NA,NA,989.345434896856
"1484","PH124712000",NA,NA,991.881971686564
"1485","PH153807000",NA,NA,994.437414201764
"1486","PH097219000",NA,NA,995.474007061099
"1487","PH153806000",NA,NA,996.436939336568
"1488","PH153821000",NA,NA,998.459972149152
"1489","PH098307000",NA,NA,999.667911737889
"1490","PH124707000",NA,NA,999.769062012055
"1491","PH153810000",NA,NA,999.987551282118
"1492","PH153836000",NA,NA,1000.23196438512
"1493","PH112412000",NA,NA,1000.68665210485
"1494","PH124710000",NA,NA,1000.94303294534
"1495","PH098316000",NA,NA,1001.11396434441
"1496","PH153831000",NA,NA,1001.49595729345
"1497","PH098314000",NA,NA,1003.5155307606
"1498","PH153837000",NA,NA,1004.96748242405
"1499","PH153826000",NA,NA,1006.13405438734
"1500","PH153813000",NA,NA,1007.25413159514
"1501","PH112401000",NA,NA,1007.27905821113
"1502","PH098310000",NA,NA,1007.75012532757
"1503","PH153829000",NA,NA,1007.98032404376
"1504","PH112509000",NA,NA,1008.22195682002
"1505","PH112403000",NA,NA,1008.51945620682
"1506","PH153820000",NA,NA,1008.54984236939
"1507","PH153816000",NA,NA,1009.437765889
"1508","PH153825000",NA,NA,1010.103499987
"1509","PH097220000",NA,NA,1011.31021034351
"1510","PH153815000",NA,NA,1011.63570541673
"1511","PH112510000",NA,NA,1012.21497735428
"1512","PH153808000",NA,NA,1012.56007726885
"1513","PH153827000",NA,NA,1013.97080890586
"1514","PH153819000",NA,NA,1013.9957985912
"1515","PH124714000",NA,NA,1014.11478874986
"1516","PH153835000",NA,NA,1017.64565099958
"1517","PH153830000",NA,NA,1018.89463127964
"1518","PH175306000",NA,NA,1018.99396110269
"1519","PH112407000",NA,NA,1019.29604686304
"1520","PH153828000",NA,NA,1019.57897788753
"1521","PH153823000",NA,NA,1019.79284486979
"1522","PH126508000",NA,NA,1021.04719877878
"1523","PH153805000",NA,NA,1022.86553256923
"1524","PH153833000",NA,NA,1023.0613368078
"1525","PH153817000",NA,NA,1024.5486014648
"1526","PH112404000",NA,NA,1024.80919952226
"1527","PH153801000",NA,NA,1024.89358679653
"1528","PH126510000",NA,NA,1027.72173117516
"1529","PH153803000",NA,NA,1029.14488930049
"1530","PH112410000",NA,NA,1029.40954501603
"1531","PH112411000",NA,NA,1029.99738857547
"1532","PH175323000",NA,NA,1030.62796704391
"1533","PH126503000",NA,NA,1032.5945027793
"1534","PH153832000",NA,NA,1033.30503517434
"1535","PH126502000",NA,NA,1033.43927824532
"1536","PH126511000",NA,NA,1035.38448604824
"1537","PH112414000",NA,NA,1037.47673530919
"1538","PH126507000",NA,NA,1038.70961331642
"1539","PH112506000",NA,NA,1040.3980935961
"1540","PH097216000",NA,NA,1040.7745295468
"1541","PH112408000",NA,NA,1041.71181180068
"1542","PH126506000",NA,NA,1042.37019079838
"1543","PH126315000",NA,NA,1043.47246595078
"1544","PH112406000",NA,NA,1043.52400937932
"1545","PH126504000",NA,NA,1043.71076956397
"1546","PH118604000",NA,NA,1046.13187002014
"1547","PH126311000",NA,NA,1049.19133750341
"1548","PH126314000",NA,NA,1051.95538554335
"1549","PH126306000",NA,NA,1052.32606625741
"1550","PH097332000",NA,NA,1053.17828449562
"1551","PH126318000",NA,NA,1057.50252771934
"1552","PH126501000",NA,NA,1058.35539373001
"1553","PH126505000",NA,NA,1059.90476794832
"1554","PH126302000",NA,NA,1061.35032146555
"1555","PH128007000",NA,NA,1061.47986871633
"1556","PH175305000",NA,NA,1063.81299730873
"1557","PH118603000",NA,NA,1065.14832611799
"1558","PH126512000",NA,NA,1065.41262969007
"1559","PH126317000",NA,NA,1065.55707251058
"1560","PH126313000",NA,NA,1070.09773182232
"1561","PH126312000",NA,NA,1074.48782027806
"1562","PH126319000",NA,NA,1081.99923295195
"1563","PH126509000",NA,NA,1082.04759766451
"1564","PH128001000",NA,NA,1082.84822598497
"1565","PH118601000",NA,NA,1084.55356698811
"1566","PH126303000",NA,NA,1088.49249117594
"1567","PH126316000",NA,NA,1090.2050582838
"1568","PH128005000",NA,NA,1097.66520575125
"1569","PH128006000",NA,NA,1101.30604138418
"1570","PH150710000",NA,NA,1101.77269174126
"1571","PH150708000",NA,NA,1104.08451093398
"1572","PH128003000",NA,NA,1106.49325249592
"1573","PH150707000",NA,NA,1108.05463408448
"1574","PH150702000",NA,NA,1108.41084309221
"1575","PH128004000",NA,NA,1111.3238493375
"1576","PH099701000",NA,NA,1111.90235096921
"1577","PH118602000",NA,NA,1117.84732890832
"1578","PH150706000",NA,NA,1118.14060786627
"1579","PH150703000",NA,NA,1120.15007104866
"1580","PH150709000",NA,NA,1121.40679251103
"1581","PH150711000",NA,NA,1121.79388799933
"1582","PH128002000",NA,NA,1125.48380844788
"1583","PH150712000",NA,NA,1126.39461506767
"1584","PH150705000",NA,NA,1127.50330245369
"1585","PH175304000",NA,NA,1128.45635361085
"1586","PH150704000",NA,NA,1129.15879726781
"1587","PH150713000",NA,NA,1146.01367901747
"1588","PH118605000",NA,NA,1165.88053955044
"1589","PH156615000",NA,NA,1183.9827923759
"1590","PH157003000",NA,NA,1194.43311972427
"1591","PH156606000",NA,NA,1203.34848408372
"1592","PH156619000",NA,NA,1205.18151414732
"1593","PH156604000",NA,NA,1210.64602277868
"1594","PH156607000",NA,NA,1213.0906765943
"1595","PH156611000",NA,NA,1213.2701801754
"1596","PH156602000",NA,NA,1216.66017522557
"1597","PH156616000",NA,NA,1217.00199979937
"1598","PH156603000",NA,NA,1217.93675195869
"1599","PH156608000",NA,NA,1219.67743505073
"1600","PH156613000",NA,NA,1221.67619495154
"1601","PH156601000",NA,NA,1224.49596496917
"1602","PH156605000",NA,NA,1226.64302963261
"1603","PH156609000",NA,NA,1232.23260026309
"1604","PH156610000",NA,NA,1232.91914452537
"1605","PH156614000",NA,NA,1252.98181925859
"1606","PH156617000",NA,NA,1261.6388452186
"1607","PH156612000",NA,NA,1275.21899412933
"1608","PH156618000",NA,NA,1280.71020107559
"1609","PH157008000",NA,NA,1293.26774192612
"1610","PH157006000",NA,NA,1315.31746963477
"1611","PH157007000",NA,NA,1333.46914597207
"1612","PH157009000",NA,NA,1334.11067038677
"1613","PH157010000",NA,NA,1348.16586862934
"1614","PH157001000",NA,NA,1349.89397248281
"1615","PH157002000",NA,NA,1361.244525578
"1616","PH157004000",NA,NA,1384.84159299895
"1617","PH157011000",NA,NA,1404.53992580062
"1618","PH157005000",NA,NA,1410.05289932034
"1619","PH133902000",NA,NA,NA
"1620","PH133903000",NA,NA,NA
"1621","PH133904000",NA,NA,NA
"1622","PH133909000",NA,NA,NA
"1623","PH133901000",NA,NA,NA
"1624","PH133905000",NA,NA,NA
"1625","PH133906000",NA,NA,NA
"1626","PH133907000",NA,NA,NA
"1627","PH133908000",NA,NA,NA
"1628","PH133910000",NA,NA,NA
"1629","PH133911000",NA,NA,NA
"1630","PH133912000",NA,NA,NA
"1631","PH133913000",NA,NA,NA
"1632","PH133914000",NA,NA,NA
"1633","PH175321000",NA,NA,NA
"1634","PH184612000",NA,NA,NA
"1635","PH184613000",NA,NA,NA
"1636","PH184614000",NA,NA,NA
"1637","PH184615000",NA,NA,NA
"1638","PH184616000",NA,NA,NA
"1639","PH184617000",NA,NA,NA
"1640","PH184618000",NA,NA,NA
"1641","PH184619000",NA,NA,NA
"1642","PH184620000",NA,NA,NA
"1643","PH184621000",NA,NA,NA
"1644","PH184622000",NA,NA,NA
"1645","PH184623000",NA,NA,NA
"1646","PH184624000",NA,NA,NA
"1647","PH184625000",NA,NA,NA
