rid,Season,STORMNAME,YYYYMMDDHH,TY,LAT,LON,VMAX,ty_year,tyid
1,2006,DURIAN,200611250600, TS,9.6,147.2,0,durian2006,18
2,2006,DURIAN,200611251200, TS,9.5,146.1,0,durian2006,18
3,2006,DURIAN,200611251800, TS,9.6,145.1,0,durian2006,18
4,2006,DURIAN,200611260000, TS,10,144,0,durian2006,18
5,2006,DURIAN,200611260600, TS,10.1,142.7,0,durian2006,18
6,2006,DURIAN,200611261200, TS,10,141.4,35,durian2006,18
7,2006,DURIAN,200611261800, TS,9.9,140.3,35,durian2006,18
8,2006,DURIAN,200611270000, TS,9.9,139.2,40,durian2006,18
9,2006,DURIAN,200611270600, TS,10.3,138.5,40,durian2006,18
10,2006,DURIAN,200611271200, TS,10.6,137.7,45,durian2006,18
11,2006,DURIAN,200611271800, TS,10.8,136.1,50,durian2006,18
12,2006,DURIAN,200611280000, TS,11.3,134.6,50,durian2006,18
13,2006,DURIAN,200611280600, TS,11.9,133.1,55,durian2006,18
14,2006,DURIAN,200611281200, TS,12.2,131.4,60,durian2006,18
15,2006,DURIAN,200611281800, TS,12.6,130.1,70,durian2006,18
16,2006,DURIAN,200611290000, TS,13,128.6,80,durian2006,18
17,2006,DURIAN,200611290600, TS,13.2,127.3,100,durian2006,18
18,2006,DURIAN,200611291200, TS,13.3,126.4,105,durian2006,18
19,2006,DURIAN,200611291800, TS,13.4,125.4,100,durian2006,18
20,2006,DURIAN,200611300000, TS,13.4,124.6,90,durian2006,18
21,2006,DURIAN,200611300600, TS,13.4,123.6,90,durian2006,18
22,2006,DURIAN,200611301200, TS,13.5,122.4,80,durian2006,18
23,2006,DURIAN,200611301800, TS,13.5,121.2,75,durian2006,18
24,2006,DURIAN,200612010000, TS,13.6,120.3,75,durian2006,18
25,2006,DURIAN,200612010600, TS,13.5,119.6,70,durian2006,18
26,2006,DURIAN,200612011200, TS,13.4,118.6,70,durian2006,18
27,2006,DURIAN,200612011800, TS,13.4,118,70,durian2006,18
28,2006,DURIAN,200612020000, TS,13.7,117,70,durian2006,18
29,2006,DURIAN,200612020600, TS,13.7,116.4,70,durian2006,18
30,2006,DURIAN,200612021200, TS,13.9,115.6,70,durian2006,18
31,2006,DURIAN,200612021800, TS,13.9,114.7,75,durian2006,18
32,2006,DURIAN,200612030000, TS,13.9,114,75,durian2006,18
33,2006,DURIAN,200612030600, TS,13.8,113.3,75,durian2006,18
34,2006,DURIAN,200612031200, TS,13.5,112.9,75,durian2006,18
35,2006,DURIAN,200612031800, TS,13.1,112,75,durian2006,18
36,2006,DURIAN,200612040000, TS,12.5,111.3,65,durian2006,18
37,2006,DURIAN,200612040600, TS,11.5,110.3,60,durian2006,18
38,2006,DURIAN,200612041200, TS,10.8,109.7,60,durian2006,18
39,2006,DURIAN,200612041800, TS,10.4,108.4,60,durian2006,18
40,2006,DURIAN,200612050000, TS,10,107,45,durian2006,18
41,2006,DURIAN,200612050600, TS,9.1,105.6,0,durian2006,18
42,2006,DURIAN,200612051200, TS,8.7,103,0,durian2006,18
43,2006,DURIAN,200612051800, TS,9.3,101.3,0,durian2006,18
44,2008,FENGSHEN,200806171800, TS,8.4,134.2,0,fengshen2008,6
45,2008,FENGSHEN,200806180000, TS,8.6,133.4,0,fengshen2008,6
46,2008,FENGSHEN,200806180600, TS,9,132.7,0,fengshen2008,6
47,2008,FENGSHEN,200806181200, TS,9.3,132.1,0,fengshen2008,6
48,2008,FENGSHEN,200806181800, TS,9.5,131.4,0,fengshen2008,6
49,2008,FENGSHEN,200806190000, TS,9.7,130.9,35,fengshen2008,6
50,2008,FENGSHEN,200806190600, TS,10,130.1,45,fengshen2008,6
51,2008,FENGSHEN,200806191200, TS,10.3,128.9,55,fengshen2008,6
52,2008,FENGSHEN,200806191800, TS,10.7,127.7,65,fengshen2008,6
53,2008,FENGSHEN,200806200000, TS,11,126.9,70,fengshen2008,6
54,2008,FENGSHEN,200806200600, TS,11.5,125.4,75,fengshen2008,6
55,2008,FENGSHEN,200806201200, TS,11.6,124.3,75,fengshen2008,6
56,2008,FENGSHEN,200806201800, TS,11.7,123.5,80,fengshen2008,6
57,2008,FENGSHEN,200806210000, TS,11.9,122.7,90,fengshen2008,6
58,2008,FENGSHEN,200806210600, TS,12.2,122.3,85,fengshen2008,6
59,2008,FENGSHEN,200806211200, TS,13.1,121.8,75,fengshen2008,6
60,2008,FENGSHEN,200806211800, TS,14,121.6,75,fengshen2008,6
61,2008,FENGSHEN,200806220000, TS,14.8,121,75,fengshen2008,6
62,2008,FENGSHEN,200806220600, TS,15.4,120.5,65,fengshen2008,6
63,2008,FENGSHEN,200806221200, TS,15.9,119.6,55,fengshen2008,6
64,2008,FENGSHEN,200806221800, TS,16.5,118.4,50,fengshen2008,6
65,2008,FENGSHEN,200806230000, TS,17.1,117.8,50,fengshen2008,6
66,2008,FENGSHEN,200806230600, TS,17.6,117.1,50,fengshen2008,6
67,2008,FENGSHEN,200806231200, TS,18,116.5,50,fengshen2008,6
68,2008,FENGSHEN,200806231800, TS,18.6,116.1,50,fengshen2008,6
69,2008,FENGSHEN,200806240000, TS,19.4,115.9,50,fengshen2008,6
70,2008,FENGSHEN,200806240600, TS,20.5,115.4,50,fengshen2008,6
71,2008,FENGSHEN,200806241200, TS,21.1,115,50,fengshen2008,6
72,2008,FENGSHEN,200806241800, TS,22,114.6,45,fengshen2008,6
73,2008,FENGSHEN,200806250000, TS,22.9,113.9,40,fengshen2008,6
74,2008,FENGSHEN,200806250600, TS,23.6,113.6,0,fengshen2008,6
75,2008,FENGSHEN,200806251200, TS,24.3,113.4,0,fengshen2008,6
76,2008,FENGSHEN,200806251800, TS,24.5,113.5,0,fengshen2008,6
77,2008,FENGSHEN,200806260000, TS,24.9,113.7,0,fengshen2008,6
78,2008,FENGSHEN,200806260600, TS,25.3,114.3,0,fengshen2008,6
79,2008,FENGSHEN,200806261200, TS,25.8,114.7,0,fengshen2008,6
80,2008,FENGSHEN,200806261800, TS,26.2,115,0,fengshen2008,6
81,2008,FENGSHEN,200806270000, TS,27,115.4,0,fengshen2008,6
82,2009,KETSANA,200909250000, TS,14.2,127.9,0,ketsana2009,15
83,2009,KETSANA,200909250600, TS,14.3,126.8,0,ketsana2009,15
84,2009,KETSANA,200909251200, TS,14.7,125.3,0,ketsana2009,15
85,2009,KETSANA,200909251800, TS,14.9,123.7,0,ketsana2009,15
86,2009,KETSANA,200909260000, TS,15.1,122.4,35,ketsana2009,15
87,2009,KETSANA,200909260600, TS,15.1,121.2,40,ketsana2009,15
88,2009,KETSANA,200909261200, TS,15.4,119.5,40,ketsana2009,15
89,2009,KETSANA,200909261800, TS,15.3,117.7,45,ketsana2009,15
90,2009,KETSANA,200909270000, TS,15.2,116.5,50,ketsana2009,15
91,2009,KETSANA,200909270600, TS,15.2,115.5,50,ketsana2009,15
92,2009,KETSANA,200909271200, TS,15.6,114.5,55,ketsana2009,15
93,2009,KETSANA,200909271800, TS,15.7,113.7,60,ketsana2009,15
94,2009,KETSANA,200909280000, TS,15.8,112.8,60,ketsana2009,15
95,2009,KETSANA,200909280600, TS,15.8,111.9,70,ketsana2009,15
96,2009,KETSANA,200909281200, TS,16,111.1,70,ketsana2009,15
97,2009,KETSANA,200909281800, TS,16,110.2,70,ketsana2009,15
98,2009,KETSANA,200909290000, TS,15.5,109.5,70,ketsana2009,15
99,2009,KETSANA,200909290600, TS,15.4,108.9,70,ketsana2009,15
100,2009,KETSANA,200909291200, TS,15.3,108.4,60,ketsana2009,15
101,2009,KETSANA,200909291800, TS,15.3,107.9,45,ketsana2009,15
102,2009,KETSANA,200909300000, TS,15.3,107.6,35,ketsana2009,15
103,2009,KETSANA,200909300600, TS,15.3,107.1,0,ketsana2009,15
104,2009,KETSANA,200909301200, TS,15.2,105.9,0,ketsana2009,15
105,2009,KETSANA,200909301800, TS,15.1,105,0,ketsana2009,15
106,2010,CONSON,201007111200, TS,13.9,132.6,0,conson2010,3
107,2010,CONSON,201007111800, TS,14.2,131.8,0,conson2010,3
108,2010,CONSON,201007120000, TS,14.3,130.3,35,conson2010,3
109,2010,CONSON,201007120600, TS,14.1,129.3,45,conson2010,3
110,2010,CONSON,201007121200, TS,14.3,127.7,55,conson2010,3
111,2010,CONSON,201007121800, TS,14.3,126.5,65,conson2010,3
112,2010,CONSON,201007130000, TS,14.3,124.8,65,conson2010,3
113,2010,CONSON,201007130600, TS,14.4,123.5,65,conson2010,3
114,2010,CONSON,201007131200, TS,14.5,122.3,65,conson2010,3
115,2010,CONSON,201007131800, TS,14.3,120.9,60,conson2010,3
116,2010,CONSON,201007140000, TS,14.7,119.6,55,conson2010,3
117,2010,CONSON,201007140600, TS,15.3,118.3,50,conson2010,3
118,2010,CONSON,201007141200, TS,16,117.7,45,conson2010,3
119,2010,CONSON,201007141800, TS,16.1,116.1,45,conson2010,3
120,2010,CONSON,201007150000, TS,16.2,115,50,conson2010,3
121,2010,CONSON,201007150600, TS,16.6,113.9,55,conson2010,3
122,2010,CONSON,201007151200, TS,16.7,112.9,65,conson2010,3
123,2010,CONSON,201007151800, TS,16.9,111.9,65,conson2010,3
124,2010,CONSON,201007160000, TS,17,111,65,conson2010,3
125,2010,CONSON,201007160600, TS,17.6,110.2,70,conson2010,3
126,2010,CONSON,201007161200, TS,18,109.5,65,conson2010,3
127,2010,CONSON,201007161800, TS,18.5,108.6,65,conson2010,3
128,2010,CONSON,201007170000, TS,19.2,108,55,conson2010,3
129,2010,CONSON,201007170600, TS,20.1,107.5,50,conson2010,3
130,2010,CONSON,201007171200, TS,20.6,106.9,45,conson2010,3
131,2010,CONSON,201007171800, TS,21.1,106.1,40,conson2010,3
132,2010,CONSON,201007180000, TS,21,105,0,conson2010,3
133,2011,NESAT,201109230000, TS,12.6,139.2,0,nesat2011,17
134,2011,NESAT,201109230600, TS,12.9,138.7,0,nesat2011,17
135,2011,NESAT,201109231200, TS,13.3,138.3,0,nesat2011,17
136,2011,NESAT,201109231800, TS,13.7,137.6,0,nesat2011,17
137,2011,NESAT,201109240000, TS,14.2,136.5,35,nesat2011,17
138,2011,NESAT,201109240600, TS,14.8,134.9,35,nesat2011,17
139,2011,NESAT,201109241200, TS,15,133.6,40,nesat2011,17
140,2011,NESAT,201109241800, TS,14.5,131.9,45,nesat2011,17
141,2011,NESAT,201109250000, TS,14.4,130.6,50,nesat2011,17
142,2011,NESAT,201109250600, TS,14.5,129.2,50,nesat2011,17
143,2011,NESAT,201109251200, TS,14.6,128.3,55,nesat2011,17
144,2011,NESAT,201109251800, TS,14.9,127,60,nesat2011,17
145,2011,NESAT,201109260000, TS,15.1,126,70,nesat2011,17
146,2011,NESAT,201109260600, TS,15.4,125,70,nesat2011,17
147,2011,NESAT,201109261200, TS,15.8,124,75,nesat2011,17
148,2011,NESAT,201109261800, TS,16.2,122.9,80,nesat2011,17
149,2011,NESAT,201109270000, TS,16.3,121.5,75,nesat2011,17
150,2011,NESAT,201109270600, TS,16.5,120.2,65,nesat2011,17
151,2011,NESAT,201109271200, TS,16.9,119.1,65,nesat2011,17
152,2011,NESAT,201109271800, TS,17.2,117.9,65,nesat2011,17
153,2011,NESAT,201109280000, TS,17.1,116.6,65,nesat2011,17
154,2011,NESAT,201109280600, TS,17.4,115.8,65,nesat2011,17
155,2011,NESAT,201109281200, TS,18.2,114.6,65,nesat2011,17
156,2011,NESAT,201109281800, TS,18.8,113.4,65,nesat2011,17
157,2011,NESAT,201109290000, TS,19.7,112.2,65,nesat2011,17
158,2011,NESAT,201109290600, TS,19.9,110.8,65,nesat2011,17
159,2011,NESAT,201109291200, TS,20.2,109.8,65,nesat2011,17
160,2011,NESAT,201109291800, TS,20.6,108.9,55,nesat2011,17
161,2011,NESAT,201109300000, TS,20.8,107.8,50,nesat2011,17
162,2011,NESAT,201109300600, TS,20.9,106.8,45,nesat2011,17
163,2011,NESAT,201109301200, TS,21.1,106.5,35,nesat2011,17
164,2011,NESAT,201109301800, TS,21.5,106.2,0,nesat2011,17
165,2012,BOPHA,201211251800, TS,3.4,156.9,0,bopha2012,23
166,2012,BOPHA,201211260000, TS,3.7,156.7,0,bopha2012,23
167,2012,BOPHA,201211260600, TS,3.9,156.6,0,bopha2012,23
168,2012,BOPHA,201211261200, TS,4,156.4,0,bopha2012,23
169,2012,BOPHA,201211261800, TS,4.1,156.3,35,bopha2012,23
170,2012,BOPHA,201211270000, TS,4.3,156.2,35,bopha2012,23
171,2012,BOPHA,201211270600, TS,4.4,155.8,35,bopha2012,23
172,2012,BOPHA,201211271200, TS,4.4,155.5,35,bopha2012,23
173,2012,BOPHA,201211271800, TS,4.6,155.1,40,bopha2012,23
174,2012,BOPHA,201211280000, TS,4.7,154.3,40,bopha2012,23
175,2012,BOPHA,201211280600, TS,4.8,153.1,40,bopha2012,23
176,2012,BOPHA,201211281200, TS,4.6,151.7,40,bopha2012,23
177,2012,BOPHA,201211281800, TS,4.2,150.8,45,bopha2012,23
178,2012,BOPHA,201211290000, TS,4,150,45,bopha2012,23
179,2012,BOPHA,201211290600, TS,3.8,149.2,45,bopha2012,23
180,2012,BOPHA,201211291200, TS,3.4,148,45,bopha2012,23
181,2012,BOPHA,201211291800, TS,3.4,147.1,45,bopha2012,23
182,2012,BOPHA,201211300000, TS,3.6,146.3,50,bopha2012,23
183,2012,BOPHA,201211300600, TS,3.9,145.3,60,bopha2012,23
184,2012,BOPHA,201211301200, TS,4.2,144.2,65,bopha2012,23
185,2012,BOPHA,201211301800, TS,4.4,142.9,75,bopha2012,23
186,2012,BOPHA,201212010000, TS,4.7,142.1,90,bopha2012,23
187,2012,BOPHA,201212010600, TS,5.1,141.1,90,bopha2012,23
188,2012,BOPHA,201212011200, TS,5.4,140,90,bopha2012,23
189,2012,BOPHA,201212011800, TS,5.8,138.8,95,bopha2012,23
190,2012,BOPHA,201212020000, TS,6.2,137.7,100,bopha2012,23
191,2012,BOPHA,201212020600, TS,6.4,136,100,bopha2012,23
192,2012,BOPHA,201212021200, TS,6.4,134.6,100,bopha2012,23
193,2012,BOPHA,201212021800, TS,6.5,133.3,90,bopha2012,23
194,2012,BOPHA,201212030000, TS,6.8,131.8,90,bopha2012,23
195,2012,BOPHA,201212030600, TS,7,130.4,100,bopha2012,23
196,2012,BOPHA,201212031200, TS,7.4,128.9,100,bopha2012,23
197,2012,BOPHA,201212031800, TS,7.6,127.3,100,bopha2012,23
198,2012,BOPHA,201212040000, TS,7.9,125.9,85,bopha2012,23
199,2012,BOPHA,201212040600, TS,8.7,124.1,70,bopha2012,23
200,2012,BOPHA,201212041200, TS,9.2,122.4,65,bopha2012,23
201,2012,BOPHA,201212041800, TS,9.8,120.6,65,bopha2012,23
202,2012,BOPHA,201212050000, TS,9.8,119.8,65,bopha2012,23
203,2012,BOPHA,201212050600, TS,10.6,118.8,65,bopha2012,23
204,2012,BOPHA,201212051200, TS,11.2,118.2,65,bopha2012,23
205,2012,BOPHA,201212051800, TS,11.5,117.7,65,bopha2012,23
206,2012,BOPHA,201212060000, TS,12,117,65,bopha2012,23
207,2012,BOPHA,201212060600, TS,12.4,116.6,65,bopha2012,23
208,2012,BOPHA,201212061200, TS,12.8,116.3,65,bopha2012,23
209,2012,BOPHA,201212061800, TS,13.2,115.8,60,bopha2012,23
210,2012,BOPHA,201212070000, TS,13.7,115.6,70,bopha2012,23
211,2012,BOPHA,201212070600, TS,14.6,115.9,80,bopha2012,23
212,2012,BOPHA,201212071200, TS,15.4,116,90,bopha2012,23
213,2012,BOPHA,201212071800, TS,16.1,116.2,90,bopha2012,23
214,2012,BOPHA,201212080000, TS,16.8,116.9,85,bopha2012,23
215,2012,BOPHA,201212080600, TS,17.5,117.9,80,bopha2012,23
216,2012,BOPHA,201212081200, TS,17.9,118.6,65,bopha2012,23
217,2012,BOPHA,201212081800, TS,18.1,119,40,bopha2012,23
218,2012,BOPHA,201212090000, TS,18.1,119.2,35,bopha2012,23
219,2012,BOPHA,201212090600, TS,17.8,119.5,0,bopha2012,23
220,2013,UTOR,201308081200, TS,12.1,136.6,0,utor2013,27
221,2013,UTOR,201308081800, TS,12.6,135.8,0,utor2013,27
222,2013,UTOR,201308090000, TS,13.3,135,0,utor2013,27
223,2013,UTOR,201308090600, TS,13.5,133.6,0,utor2013,27
224,2013,UTOR,201308091200, TS,13.5,132.6,0,utor2013,27
225,2013,UTOR,201308091800, TS,13.5,131.7,35,utor2013,27
226,2013,UTOR,201308100000, TS,13.6,130.6,45,utor2013,27
227,2013,UTOR,201308100600, TS,13.9,129.2,70,utor2013,27
228,2013,UTOR,201308101200, TS,14,128.2,80,utor2013,27
229,2013,UTOR,201308101800, TS,14.2,127,80,utor2013,27
230,2013,UTOR,201308110000, TS,14.5,125.9,85,utor2013,27
231,2013,UTOR,201308110600, TS,15.1,124.8,90,utor2013,27
232,2013,UTOR,201308111200, TS,15.5,123.5,105,utor2013,27
233,2013,UTOR,201308111800, TS,16.1,122.2,95,utor2013,27
234,2013,UTOR,201308120000, TS,16.7,120.8,75,utor2013,27
235,2013,UTOR,201308120600, TS,17.2,119.2,70,utor2013,27
236,2013,UTOR,201308121200, TS,17.9,118,70,utor2013,27
237,2013,UTOR,201308121800, TS,18,116.5,70,utor2013,27
238,2013,UTOR,201308130000, TS,18.3,115.2,70,utor2013,27
239,2013,UTOR,201308130600, TS,18.8,114.1,70,utor2013,27
240,2013,UTOR,201308131200, TS,19.2,113.5,70,utor2013,27
241,2013,UTOR,201308131800, TS,19.6,112.9,70,utor2013,27
242,2013,UTOR,201308140000, TS,20.6,112.2,70,utor2013,27
243,2013,UTOR,201308140600, TS,21.6,112,65,utor2013,27
244,2013,UTOR,201308141200, TS,22,111.3,60,utor2013,27
245,2013,UTOR,201308141800, TS,22.5,111.2,45,utor2013,27
246,2013,UTOR,201308150000, TS,23.1,111,35,utor2013,27
247,2013,UTOR,201308150600, TS,23.7,111,35,utor2013,27
248,2013,UTOR,201308151200, TS,24.2,111.2,0,utor2013,27
249,2013,UTOR,201308151800, TS,24.5,111.4,0,utor2013,27
250,2013,UTOR,201308160000, TS,24.7,111.6,0,utor2013,27
251,2013,UTOR,201308160600, TS,24.8,111.5,0,utor2013,27
252,2013,UTOR,201308161200, TS,24.8,111.2,0,utor2013,27
253,2013,UTOR,201308161800, TS,24.7,110.8,0,utor2013,27
254,2013,UTOR,201308170000, TS,24.4,110.3,0,utor2013,27
255,2013,UTOR,201308170600, TS,23.9,110.1,0,utor2013,27
256,2013,UTOR,201308171200, TS,23.5,109.9,0,utor2013,27
257,2013,UTOR,201308171800, TS,23.2,109.6,0,utor2013,27
258,2013,UTOR,201308180000, TS,23.2,109.4,0,utor2013,27
259,2013,UTOR,201308180600, TS,23.1,109.1,0,utor2013,27
260,2013,TRAMI,201308161200, TS,22.5,123.4,0,trami2013,12
261,2013,TRAMI,201308161800, TS,22,124,0,trami2013,12
262,2013,TRAMI,201308170000, TS,21.2,124.9,0,trami2013,12
263,2013,TRAMI,201308170600, TS,20.7,125.7,0,trami2013,12
264,2013,TRAMI,201308171200, TS,20.5,126.5,0,trami2013,12
265,2013,TRAMI,201308171800, TS,20.4,126.9,0,trami2013,12
266,2013,TRAMI,201308180000, TS,20.3,127,35,trami2013,12
267,2013,TRAMI,201308180600, TS,20.2,127.2,35,trami2013,12
268,2013,TRAMI,201308181200, TS,19.7,127.4,35,trami2013,12
269,2013,TRAMI,201308181800, TS,19.2,127.6,40,trami2013,12
270,2013,TRAMI,201308190000, TS,19.2,127.7,40,trami2013,12
271,2013,TRAMI,201308190600, TS,19.7,128.1,40,trami2013,12
272,2013,TRAMI,201308191200, TS,20.5,128.6,45,trami2013,12
273,2013,TRAMI,201308191800, TS,21.1,128.7,50,trami2013,12
274,2013,TRAMI,201308200000, TS,22.3,128.5,50,trami2013,12
275,2013,TRAMI,201308200600, TS,22.6,127.8,55,trami2013,12
276,2013,TRAMI,201308201200, TS,22.9,126.8,55,trami2013,12
277,2013,TRAMI,201308201500, TS,23.6,126.7,55,trami2013,12
278,2013,TRAMI,201308201800, TS,24.5,126.2,60,trami2013,12
279,2013,TRAMI,201308202100, TS,24.9,125.3,60,trami2013,12
280,2013,TRAMI,201308210000, TS,25.2,124.3,60,trami2013,12
281,2013,TRAMI,201308210300, TS,25.3,123.6,60,trami2013,12
282,2013,TRAMI,201308210600, TS,25.5,122.8,60,trami2013,12
283,2013,TRAMI,201308211200, TS,25.9,121,60,trami2013,12
284,2013,TRAMI,201308211800, TS,25.7,119.6,60,trami2013,12
285,2013,TRAMI,201308220000, TS,26,118.4,50,trami2013,12
286,2013,TRAMI,201308220600, TS,26.8,117.1,40,trami2013,12
287,2013,TRAMI,201308221200, TS,27.5,116,35,trami2013,12
288,2013,TRAMI,201308221800, TS,27.7,114.7,0,trami2013,12
289,2013,TRAMI,201308230000, TS,27.8,113.5,0,trami2013,12
290,2013,TRAMI,201308230600, TS,27.8,112.7,0,trami2013,12
291,2013,TRAMI,201308231200, TS,27.1,111.7,0,trami2013,12
292,2013,TRAMI,201308231800, TS,26,110.5,0,trami2013,12
293,2013,TRAMI,201308240000, TS,25.3,108.5,0,trami2013,12
294,2013,TRAMI,201308240600, TS,24.3,107.3,0,trami2013,12
295,2013,USAGI,201309160000, TS,17.3,132,0,usagi2013,16
296,2013,USAGI,201309160600, TS,17.3,132.3,0,usagi2013,16
297,2013,USAGI,201309161200, TS,17,132.4,0,usagi2013,16
298,2013,USAGI,201309161800, TS,17,132.1,35,usagi2013,16
299,2013,USAGI,201309170000, TS,17,131.9,35,usagi2013,16
300,2013,USAGI,201309170600, TS,17.2,131.4,35,usagi2013,16
301,2013,USAGI,201309171200, TS,17.2,131.1,40,usagi2013,16
302,2013,USAGI,201309171800, TS,17.2,130.7,45,usagi2013,16
303,2013,USAGI,201309180000, TS,17,130.5,50,usagi2013,16
304,2013,USAGI,201309180600, TS,17.1,130.2,55,usagi2013,16
305,2013,USAGI,201309181200, TS,17.3,129.6,65,usagi2013,16
306,2013,USAGI,201309181800, TS,17.1,128.6,70,usagi2013,16
307,2013,USAGI,201309190000, TS,16.9,128.3,80,usagi2013,16
308,2013,USAGI,201309190600, TS,17.5,128,95,usagi2013,16
309,2013,USAGI,201309191200, TS,18.1,127.3,105,usagi2013,16
310,2013,USAGI,201309191800, TS,18.7,126.4,110,usagi2013,16
311,2013,USAGI,201309200000, TS,19.3,125.5,110,usagi2013,16
312,2013,USAGI,201309200600, TS,19.7,124.6,110,usagi2013,16
313,2013,USAGI,201309201200, TS,20.1,123.8,110,usagi2013,16
314,2013,USAGI,201309201800, TS,20.4,122.6,105,usagi2013,16
315,2013,USAGI,201309210000, TS,20.6,121.8,100,usagi2013,16
316,2013,USAGI,201309210600, TS,20.8,120.8,90,usagi2013,16
317,2013,USAGI,201309211200, TS,21.1,119.7,85,usagi2013,16
318,2013,USAGI,201309211800, TS,21.4,118.9,85,usagi2013,16
319,2013,USAGI,201309220000, TS,21.8,117.9,85,usagi2013,16
320,2013,USAGI,201309220600, TS,22.4,116.8,85,usagi2013,16
321,2013,USAGI,201309221200, TS,22.9,115.4,80,usagi2013,16
322,2013,USAGI,201309221800, TS,23.1,113.9,50,usagi2013,16
323,2013,USAGI,201309230000, TS,23.6,112.5,40,usagi2013,16
324,2013,USAGI,201309230600, TS,24.3,111.2,0,usagi2013,16
325,2013,USAGI,201309231200, TS,24.6,110.2,0,usagi2013,16
326,2013,USAGI,201309231800, TS,24.9,109.4,0,usagi2013,16
327,2013,USAGI,201309240000, TS,25.1,108.5,0,usagi2013,16
328,2013,NARI,201310081200, TS,14,131.6,0,nari2013,20
329,2013,NARI,201310081800, TS,14.1,131.1,0,nari2013,20
330,2013,NARI,201310090000, TS,14.1,130.3,0,nari2013,20
331,2013,NARI,201310090600, TS,14.2,129.5,0,nari2013,20
332,2013,NARI,201310091200, TS,14.5,128.9,35,nari2013,20
333,2013,NARI,201310091800, TS,14.8,128.3,40,nari2013,20
334,2013,NARI,201310100000, TS,15.1,127.8,45,nari2013,20
335,2013,NARI,201310100600, TS,15.3,126.9,50,nari2013,20
336,2013,NARI,201310101200, TS,15.3,126.1,60,nari2013,20
337,2013,NARI,201310101800, TS,15.3,125.4,65,nari2013,20
338,2013,NARI,201310110000, TS,15.3,124.5,70,nari2013,20
339,2013,NARI,201310110600, TS,15.3,123.3,70,nari2013,20
340,2013,NARI,201310111200, TS,15.4,122.4,70,nari2013,20
341,2013,NARI,201310111800, TS,15.5,120.5,65,nari2013,20
342,2013,NARI,201310120000, TS,15.2,119,65,nari2013,20
343,2013,NARI,201310120600, TS,15.2,118.2,70,nari2013,20
344,2013,NARI,201310121200, TS,15,117,70,nari2013,20
345,2013,NARI,201310121800, TS,15.1,115.7,75,nari2013,20
346,2013,NARI,201310130000, TS,15.3,114.7,75,nari2013,20
347,2013,NARI,201310130600, TS,15.3,113.6,75,nari2013,20
348,2013,NARI,201310131200, TS,15.2,112.8,75,nari2013,20
349,2013,NARI,201310131800, TS,15.3,112.1,75,nari2013,20
350,2013,NARI,201310140000, TS,15.5,111.3,75,nari2013,20
351,2013,NARI,201310140600, TS,15.9,110.7,75,nari2013,20
352,2013,NARI,201310141200, TS,16.3,110,70,nari2013,20
353,2013,NARI,201310141800, TS,16,109.2,65,nari2013,20
354,2013,NARI,201310150000, TS,15.5,108.4,50,nari2013,20
355,2013,NARI,201310150600, TS,15.5,107.5,40,nari2013,20
356,2013,NARI,201310151200, TS,15.4,106.4,35,nari2013,20
357,2013,NARI,201310151800, TS,15.4,105.1,0,nari2013,20
358,2013,NARI,201310160000, TS,15.5,104.1,0,nari2013,20
359,2013,NARI,201310160600, TS,15.8,103.3,0,nari2013,20
360,2013,NARI,201310161200, TS,16.5,102.4,0,nari2013,20
361,2013,KROSA,201310271800, TS,12.9,142.3,0,krosa2013,21
362,2013,KROSA,201310280000, TS,13.9,140.5,0,krosa2013,21
363,2013,KROSA,201310280600, TS,14.6,138.8,0,krosa2013,21
364,2013,KROSA,201310281200, TS,15.4,137.2,0,krosa2013,21
365,2013,KROSA,201310281800, TS,15.5,135.7,0,krosa2013,21
366,2013,KROSA,201310290000, TS,15.4,134.5,0,krosa2013,21
367,2013,KROSA,201310290600, TS,15.5,133.4,0,krosa2013,21
368,2013,KROSA,201310291200, TS,15.8,132.4,0,krosa2013,21
369,2013,KROSA,201310291800, TS,16.1,131.1,35,krosa2013,21
370,2013,KROSA,201310300000, TS,16.4,129.8,40,krosa2013,21
371,2013,KROSA,201310300600, TS,16.9,128.4,45,krosa2013,21
372,2013,KROSA,201310301200, TS,17.2,126.8,50,krosa2013,21
373,2013,KROSA,201310301800, TS,17.5,125.4,55,krosa2013,21
374,2013,KROSA,201310310000, TS,17.6,124.2,60,krosa2013,21
375,2013,KROSA,201310310600, TS,18,123.1,65,krosa2013,21
376,2013,KROSA,201310311200, TS,18.3,121.8,70,krosa2013,21
377,2013,KROSA,201310311800, TS,18.5,120.6,70,krosa2013,21
378,2013,KROSA,201311010000, TS,18.9,119.3,70,krosa2013,21
379,2013,KROSA,201311010600, TS,19.1,118.2,70,krosa2013,21
380,2013,KROSA,201311011200, TS,19.4,117.3,70,krosa2013,21
381,2013,KROSA,201311011800, TS,19.4,116.4,75,krosa2013,21
382,2013,KROSA,201311020000, TS,19.6,115.9,75,krosa2013,21
383,2013,KROSA,201311020600, TS,19.9,115.4,75,krosa2013,21
384,2013,KROSA,201311021200, TS,20.1,115,70,krosa2013,21
385,2013,KROSA,201311021800, TS,20.2,114.8,65,krosa2013,21
386,2013,KROSA,201311030000, TS,20.3,114.7,60,krosa2013,21
387,2013,KROSA,201311030600, TS,20.3,114.3,55,krosa2013,21
388,2013,KROSA,201311031200, TS,19.8,113.8,45,krosa2013,21
389,2013,KROSA,201311031800, TS,19.1,113.3,40,krosa2013,21
390,2013,KROSA,201311040000, TS,18.6,112.4,35,krosa2013,21
391,2013,KROSA,201311040600, TS,17.7,111.2,0,krosa2013,21
392,2013,KROSA,201311041200, TS,16.8,110,0,krosa2013,21
393,2013,KROSA,201311041800, TS,15.6,109,0,krosa2013,21
394,2013,HAIYAN,201311030600, TS,5.8,157.2,0,haiyan2013,24
395,2013,HAIYAN,201311031200, TS,6.1,155.5,0,haiyan2013,24
396,2013,HAIYAN,201311031800, TS,6.1,153.3,0,haiyan2013,24
397,2013,HAIYAN,201311040000, TS,6.1,152.2,35,haiyan2013,24
398,2013,HAIYAN,201311040600, TS,6.2,150.4,35,haiyan2013,24
399,2013,HAIYAN,201311041200, TS,6.3,148.8,40,haiyan2013,24
400,2013,HAIYAN,201311041800, TS,6.5,147.2,45,haiyan2013,24
401,2013,HAIYAN,201311050000, TS,6.5,145.9,55,haiyan2013,24
402,2013,HAIYAN,201311050600, TS,6.5,144.6,60,haiyan2013,24
403,2013,HAIYAN,201311051200, TS,6.9,142.9,65,haiyan2013,24
404,2013,HAIYAN,201311051800, TS,7.1,141.3,75,haiyan2013,24
405,2013,HAIYAN,201311060000, TS,7.3,139.7,85,haiyan2013,24
406,2013,HAIYAN,201311060600, TS,7.6,138,95,haiyan2013,24
407,2013,HAIYAN,201311061200, TS,7.9,136.2,105,haiyan2013,24
408,2013,HAIYAN,201311061800, TS,8.2,134.4,115,haiyan2013,24
409,2013,HAIYAN,201311070000, TS,8.7,132.8,115,haiyan2013,24
410,2013,HAIYAN,201311070600, TS,9.3,131.1,115,haiyan2013,24
411,2013,HAIYAN,201311071200, TS,10.2,129.1,125,haiyan2013,24
412,2013,HAIYAN,201311071800, TS,10.6,126.9,125,haiyan2013,24
413,2013,HAIYAN,201311080000, TS,11,124.8,110,haiyan2013,24
414,2013,HAIYAN,201311080600, TS,11.4,122.5,90,haiyan2013,24
415,2013,HAIYAN,201311081200, TS,11.9,120.5,90,haiyan2013,24
416,2013,HAIYAN,201311081800, TS,12.2,118,90,haiyan2013,24
417,2013,HAIYAN,201311090000, TS,12.3,116.6,90,haiyan2013,24
418,2013,HAIYAN,201311090600, TS,13.5,114.8,90,haiyan2013,24
419,2013,HAIYAN,201311091200, TS,14.4,113.1,85,haiyan2013,24
420,2013,HAIYAN,201311091800, TS,15.4,111.4,80,haiyan2013,24
421,2013,HAIYAN,201311100000, TS,16.5,110.3,75,haiyan2013,24
422,2013,HAIYAN,201311100600, TS,17.9,109,70,haiyan2013,24
423,2013,HAIYAN,201311101200, TS,19.4,108,65,haiyan2013,24
424,2013,HAIYAN,201311101800, TS,20.4,107.5,60,haiyan2013,24
425,2013,HAIYAN,201311110000, TS,21.5,107.1,40,haiyan2013,24
426,2013,HAIYAN,201311110600, TS,22.4,107.7,0,haiyan2013,24
427,2014,LINGLING,201401150000, TS,9.6,129.2,0,lingling2014,1
428,2014,LINGLING,201401150600, TS,9.6,129.2,0,lingling2014,1
429,2014,LINGLING,201401151200, TS,9.7,129,0,lingling2014,1
430,2014,LINGLING,201401151800, TS,9.8,128.9,0,lingling2014,1
431,2014,LINGLING,201401160000, TS,9.8,128.8,0,lingling2014,1
432,2014,LINGLING,201401160600, TS,9.7,128.6,0,lingling2014,1
433,2014,LINGLING,201401161200, TS,9.5,128.5,0,lingling2014,1
434,2014,LINGLING,201401161800, TS,9.3,128.3,0,lingling2014,1
435,2014,LINGLING,201401170000, TS,9.3,128.3,0,lingling2014,1
436,2014,LINGLING,201401170600, TS,9.7,127.9,0,lingling2014,1
437,2014,LINGLING,201401171200, TS,9.7,127.4,0,lingling2014,1
438,2014,LINGLING,201401171800, TS,9.7,127.4,0,lingling2014,1
439,2014,LINGLING,201401180000, TS,9.7,127.4,35,lingling2014,1
440,2014,LINGLING,201401180600, TS,9.7,127.4,35,lingling2014,1
441,2014,LINGLING,201401181200, TS,9.7,127.4,35,lingling2014,1
442,2014,LINGLING,201401181800, TS,9.4,127.4,35,lingling2014,1
443,2014,LINGLING,201401190000, TS,9.2,127.5,35,lingling2014,1
444,2014,LINGLING,201401190600, TS,9,127.5,35,lingling2014,1
445,2014,LINGLING,201401191200, TS,8.7,127.7,35,lingling2014,1
446,2014,LINGLING,201401191800, TS,8.2,127.8,35,lingling2014,1
447,2014,LINGLING,201401200000, TS,7.2,128.3,0,lingling2014,1
448,2014,LINGLING,201401200600, TS,6.3,129,0,lingling2014,1
449,2014,RAMMASUN,201407090600, TS,8,154.3,0,rammasun2014,7
450,2014,RAMMASUN,201407091200, TS,8,153.6,0,rammasun2014,7
451,2014,RAMMASUN,201407091800, TS,8.4,152.8,0,rammasun2014,7
452,2014,RAMMASUN,201407100000, TS,8.8,152,0,rammasun2014,7
453,2014,RAMMASUN,201407100600, TS,9.8,151.4,0,rammasun2014,7
454,2014,RAMMASUN,201407101200, TS,10.8,150.4,0,rammasun2014,7
455,2014,RAMMASUN,201407101800, TS,11.8,149.5,0,rammasun2014,7
456,2014,RAMMASUN,201407110000, TS,12.3,148.8,0,rammasun2014,7
457,2014,RAMMASUN,201407110600, TS,13,147.5,0,rammasun2014,7
458,2014,RAMMASUN,201407111200, TS,13.6,146.8,0,rammasun2014,7
459,2014,RAMMASUN,201407111800, TS,13.9,145.9,0,rammasun2014,7
460,2014,RAMMASUN,201407120000, TS,13.9,144.3,0,rammasun2014,7
461,2014,RAMMASUN,201407120600, TS,13.4,142.7,35,rammasun2014,7
462,2014,RAMMASUN,201407121200, TS,13.5,141.1,35,rammasun2014,7
463,2014,RAMMASUN,201407121800, TS,13.6,139.7,35,rammasun2014,7
464,2014,RAMMASUN,201407130000, TS,13.7,137.5,40,rammasun2014,7
465,2014,RAMMASUN,201407130600, TS,13.5,135.9,40,rammasun2014,7
466,2014,RAMMASUN,201407131200, TS,13.4,134.2,40,rammasun2014,7
467,2014,RAMMASUN,201407131800, TS,13.4,132.4,45,rammasun2014,7
468,2014,RAMMASUN,201407140000, TS,13.1,130.6,50,rammasun2014,7
469,2014,RAMMASUN,201407140600, TS,12.8,129.2,55,rammasun2014,7
470,2014,RAMMASUN,201407141200, TS,12.7,128.2,55,rammasun2014,7
471,2014,RAMMASUN,201407141800, TS,12.6,126.9,65,rammasun2014,7
472,2014,RAMMASUN,201407150000, TS,12.7,125.6,70,rammasun2014,7
473,2014,RAMMASUN,201407150600, TS,12.9,124.7,80,rammasun2014,7
474,2014,RAMMASUN,201407151200, TS,13.4,123.4,85,rammasun2014,7
475,2014,RAMMASUN,201407151800, TS,14,121.9,85,rammasun2014,7
476,2014,RAMMASUN,201407160000, TS,14.2,120.4,70,rammasun2014,7
477,2014,RAMMASUN,201407160600, TS,15.1,119,65,rammasun2014,7
478,2014,RAMMASUN,201407161200, TS,15.1,117.6,60,rammasun2014,7
479,2014,RAMMASUN,201407161800, TS,15.6,116.8,60,rammasun2014,7
480,2014,RAMMASUN,201407170000, TS,16.2,115.6,65,rammasun2014,7
481,2014,RAMMASUN,201407170600, TS,16.9,114.9,65,rammasun2014,7
482,2014,RAMMASUN,201407171200, TS,17.5,114.3,70,rammasun2014,7
483,2014,RAMMASUN,201407171800, TS,18.5,113.4,80,rammasun2014,7
484,2014,RAMMASUN,201407180000, TS,19.1,112.3,85,rammasun2014,7
485,2014,RAMMASUN,201407180600, TS,20,111.2,90,rammasun2014,7
486,2014,RAMMASUN,201407181200, TS,20.3,110.2,90,rammasun2014,7
487,2014,RAMMASUN,201407181800, TS,21,109.4,70,rammasun2014,7
488,2014,RAMMASUN,201407190000, TS,21.8,108.1,50,rammasun2014,7
489,2014,RAMMASUN,201407190600, TS,22.2,107,40,rammasun2014,7
490,2014,RAMMASUN,201407191200, TS,22.5,106.1,35,rammasun2014,7
491,2014,RAMMASUN,201407191800, TS,22.7,104.4,0,rammasun2014,7
492,2014,RAMMASUN,201407200000, TS,23,103.6,0,rammasun2014,7
493,2014,KALMAEGI,201409111800, TS,13.5,134,0,kalmaegi2014,10
494,2014,KALMAEGI,201409120000, TS,13.7,132.2,0,kalmaegi2014,10
495,2014,KALMAEGI,201409120600, TS,13.7,131.2,35,kalmaegi2014,10
496,2014,KALMAEGI,201409121200, TS,13.7,130.2,40,kalmaegi2014,10
497,2014,KALMAEGI,201409121800, TS,13.7,129.4,45,kalmaegi2014,10
498,2014,KALMAEGI,201409130000, TS,14.2,128.8,50,kalmaegi2014,10
499,2014,KALMAEGI,201409130600, TS,14.9,127.4,55,kalmaegi2014,10
500,2014,KALMAEGI,201409131200, TS,15.4,126.6,60,kalmaegi2014,10
501,2014,KALMAEGI,201409131800, TS,15.8,125.7,65,kalmaegi2014,10
502,2014,KALMAEGI,201409140000, TS,16.4,124.5,65,kalmaegi2014,10
503,2014,KALMAEGI,201409140600, TS,17,123.4,65,kalmaegi2014,10
504,2014,KALMAEGI,201409141200, TS,17.8,121.7,65,kalmaegi2014,10
505,2014,KALMAEGI,201409141800, TS,17.9,119.6,60,kalmaegi2014,10
506,2014,KALMAEGI,201409150000, TS,18,118.2,65,kalmaegi2014,10
507,2014,KALMAEGI,201409150600, TS,18.6,116.3,65,kalmaegi2014,10
508,2014,KALMAEGI,201409151200, TS,18.9,114.6,70,kalmaegi2014,10
509,2014,KALMAEGI,201409151800, TS,19,112.8,70,kalmaegi2014,10
510,2014,KALMAEGI,201409160000, TS,19.7,111.2,75,kalmaegi2014,10
511,2014,KALMAEGI,201409160600, TS,20.5,109.7,75,kalmaegi2014,10
512,2014,KALMAEGI,201409161200, TS,21.1,108,65,kalmaegi2014,10
513,2014,KALMAEGI,201409161800, TS,21.8,106.4,55,kalmaegi2014,10
514,2014,KALMAEGI,201409170000, TS,22.4,104.7,50,kalmaegi2014,10
515,2014,KALMAEGI,201409170600, TS,22.9,103.1,40,kalmaegi2014,10
516,2014,KALMAEGI,201409171200, TS,22.4,101.8,0,kalmaegi2014,10
517,2014,KALMAEGI,201409171800, TS,21.6,100.8,0,kalmaegi2014,10
518,2014,FUNG-WONG,201409170000, TS,12.6,135,0,fung-wong2014,13
519,2014,FUNG-WONG,201409170600, TS,12.5,132.8,0,fung-wong2014,13
520,2014,FUNG-WONG,201409171200, TS,12.7,131.3,35,fung-wong2014,13
521,2014,FUNG-WONG,201409171800, TS,13.5,129.2,35,fung-wong2014,13
522,2014,FUNG-WONG,201409180000, TS,14.2,128,40,fung-wong2014,13
523,2014,FUNG-WONG,201409180600, TS,14.8,126.9,40,fung-wong2014,13
524,2014,FUNG-WONG,201409181200, TS,16,125.2,40,fung-wong2014,13
525,2014,FUNG-WONG,201409181800, TS,17,123.7,45,fung-wong2014,13
526,2014,FUNG-WONG,201409190000, TS,17.8,122.6,45,fung-wong2014,13
527,2014,FUNG-WONG,201409190600, TS,18.6,120.9,45,fung-wong2014,13
528,2014,FUNG-WONG,201409191200, TS,18.1,119.7,45,fung-wong2014,13
529,2014,FUNG-WONG,201409191800, TS,17.8,120.2,45,fung-wong2014,13
530,2014,FUNG-WONG,201409200000, TS,19.4,119.8,45,fung-wong2014,13
531,2014,FUNG-WONG,201409200600, TS,20.1,119.5,45,fung-wong2014,13
532,2014,FUNG-WONG,201409201200, TS,20.6,119.7,45,fung-wong2014,13
533,2014,FUNG-WONG,201409201800, TS,20.9,120,45,fung-wong2014,13
534,2014,FUNG-WONG,201409210000, TS,21.8,120.1,45,fung-wong2014,13
535,2014,FUNG-WONG,201409210600, TS,22.7,121.4,45,fung-wong2014,13
536,2014,FUNG-WONG,201409211200, TS,24.3,121.8,45,fung-wong2014,13
537,2014,FUNG-WONG,201409211800, TS,26.1,122.1,45,fung-wong2014,13
538,2014,FUNG-WONG,201409220000, TS,27.2,122,40,fung-wong2014,13
539,2014,FUNG-WONG,201409220600, TS,28.3,122.1,40,fung-wong2014,13
540,2014,FUNG-WONG,201409221200, TS,29,122.2,40,fung-wong2014,13
541,2014,FUNG-WONG,201409221800, TS,29.8,121.9,35,fung-wong2014,13
542,2014,FUNG-WONG,201409230000, TS,30.5,121.6,35,fung-wong2014,13
543,2014,FUNG-WONG,201409230600, TS,31.3,121.8,35,fung-wong2014,13
544,2014,FUNG-WONG,201409231200, TS,32.1,122.6,35,fung-wong2014,13
545,2014,FUNG-WONG,201409231800, TS,32.7,123,35,fung-wong2014,13
546,2014,FUNG-WONG,201409240000, ET,33,125,0,fung-wong2014,13
547,2014,FUNG-WONG,201409240600, ET,34.3,127.7,0,fung-wong2014,13
548,2014,FUNG-WONG,201409241200, ET,36,131.6,0,fung-wong2014,13
549,2014,FUNG-WONG,201409241800, ET,37,135,0,fung-wong2014,13
550,2014,FUNG-WONG,201409250000, ET,37.5,138.5,0,fung-wong2014,13
551,2014,HAGUPIT,201411301200, TS,2.6,156,0,hagupit2014,19
552,2014,HAGUPIT,201411301800, TS,3.6,154.8,0,hagupit2014,19
553,2014,HAGUPIT,201412010000, TS,4.1,153.4,35,hagupit2014,19
554,2014,HAGUPIT,201412010600, TS,4.9,152.2,35,hagupit2014,19
555,2014,HAGUPIT,201412011200, TS,5.5,150.7,40,hagupit2014,19
556,2014,HAGUPIT,201412011800, TS,5.9,148.9,45,hagupit2014,19
557,2014,HAGUPIT,201412020000, TS,5.9,146.9,50,hagupit2014,19
558,2014,HAGUPIT,201412020600, TS,6.1,145.1,55,hagupit2014,19
559,2014,HAGUPIT,201412021200, TS,6.2,143.5,60,hagupit2014,19
560,2014,HAGUPIT,201412021800, TS,6.6,142.1,70,hagupit2014,19
561,2014,HAGUPIT,201412030000, TS,7.5,140.5,75,hagupit2014,19
562,2014,HAGUPIT,201412030600, TS,8.2,138.6,80,hagupit2014,19
563,2014,HAGUPIT,201412031200, TS,8.7,136.8,85,hagupit2014,19
564,2014,HAGUPIT,201412031800, TS,9.2,135.3,95,hagupit2014,19
565,2014,HAGUPIT,201412040000, TS,9.8,133.8,105,hagupit2014,19
566,2014,HAGUPIT,201412040600, TS,10.4,132.4,115,hagupit2014,19
567,2014,HAGUPIT,201412041200, TS,11,131.3,115,hagupit2014,19
568,2014,HAGUPIT,201412041800, TS,11.4,130.4,115,hagupit2014,19
569,2014,HAGUPIT,201412050000, TS,11.6,129.7,110,hagupit2014,19
570,2014,HAGUPIT,201412050600, TS,11.9,129,110,hagupit2014,19
571,2014,HAGUPIT,201412051200, TS,12,128.5,110,hagupit2014,19
572,2014,HAGUPIT,201412051800, TS,12,128,100,hagupit2014,19
573,2014,HAGUPIT,201412060000, TS,12,127.3,95,hagupit2014,19
574,2014,HAGUPIT,201412060600, TS,12.1,126.6,95,hagupit2014,19
575,2014,HAGUPIT,201412061200, TS,12,125.9,90,hagupit2014,19
576,2014,HAGUPIT,201412061800, TS,11.8,125.3,90,hagupit2014,19
577,2014,HAGUPIT,201412070000, TS,11.9,124.6,85,hagupit2014,19
578,2014,HAGUPIT,201412070600, TS,12.2,124.1,85,hagupit2014,19
579,2014,HAGUPIT,201412071200, TS,12.5,123.6,75,hagupit2014,19
580,2014,HAGUPIT,201412071800, TS,12.8,123.1,65,hagupit2014,19
581,2014,HAGUPIT,201412080000, TS,13.2,122.6,60,hagupit2014,19
582,2014,HAGUPIT,201412080600, TS,13.5,122,55,hagupit2014,19
583,2014,HAGUPIT,201412081200, TS,13.7,121.2,45,hagupit2014,19
584,2014,HAGUPIT,201412081800, TS,13.7,121,40,hagupit2014,19
585,2014,HAGUPIT,201412090000, TS,13.7,120.6,35,hagupit2014,19
586,2014,HAGUPIT,201412090600, TS,13.6,119.7,35,hagupit2014,19
587,2014,HAGUPIT,201412091200, TS,13.6,118.9,40,hagupit2014,19
588,2014,HAGUPIT,201412091800, TS,13.7,117.9,40,hagupit2014,19
589,2014,HAGUPIT,201412100000, TS,13.7,116.9,40,hagupit2014,19
590,2014,HAGUPIT,201412100600, TS,13.8,116,40,hagupit2014,19
591,2014,HAGUPIT,201412101200, TS,13.8,115.3,40,hagupit2014,19
592,2014,HAGUPIT,201412101800, TS,13.8,114.3,40,hagupit2014,19
593,2014,HAGUPIT,201412110000, TS,13.6,113.4,35,hagupit2014,19
594,2014,HAGUPIT,201412110600, TS,13.1,112.5,0,hagupit2014,19
595,2014,HAGUPIT,201412111200, TS,12.4,111.6,0,hagupit2014,19
596,2014,HAGUPIT,201412111800, TS,11.6,110.8,0,hagupit2014,19
597,2014,HAGUPIT,201412120000, TS,10.3,110,0,hagupit2014,19
598,2014,HAGUPIT,201412120600, TS,9.2,109.2,0,hagupit2014,19
599,2015,MEKKHALA,201501130000, TS,8.7,142.9,0,mekkhala2015,2
600,2015,MEKKHALA,201501130600, TS,8.5,142.4,0,mekkhala2015,2
601,2015,MEKKHALA,201501131200, TS,8.6,141.7,35,mekkhala2015,2
602,2015,MEKKHALA,201501131800, TS,9.2,140.7,35,mekkhala2015,2
603,2015,MEKKHALA,201501140000, TS,10.1,139.5,35,mekkhala2015,2
604,2015,MEKKHALA,201501140600, TS,10.3,138.4,35,mekkhala2015,2
605,2015,MEKKHALA,201501141200, TS,10.9,137.1,35,mekkhala2015,2
606,2015,MEKKHALA,201501141800, TS,11.3,135.6,35,mekkhala2015,2
607,2015,MEKKHALA,201501150000, TS,11.4,134.2,35,mekkhala2015,2
608,2015,MEKKHALA,201501150600, TS,11.6,133.2,35,mekkhala2015,2
609,2015,MEKKHALA,201501151200, TS,11.7,132.7,40,mekkhala2015,2
610,2015,MEKKHALA,201501151800, TS,11.6,131.7,40,mekkhala2015,2
611,2015,MEKKHALA,201501160000, TS,11.3,130.7,45,mekkhala2015,2
612,2015,MEKKHALA,201501160600, TS,11.3,129.3,50,mekkhala2015,2
613,2015,MEKKHALA,201501161200, TS,11.2,128.5,50,mekkhala2015,2
614,2015,MEKKHALA,201501161800, TS,11,127.5,60,mekkhala2015,2
615,2015,MEKKHALA,201501170000, TS,11.4,126.7,60,mekkhala2015,2
616,2015,MEKKHALA,201501170600, TS,11.9,126,60,mekkhala2015,2
617,2015,MEKKHALA,201501171200, TS,12.4,125.2,45,mekkhala2015,2
618,2015,MEKKHALA,201501171800, TS,12.7,124.3,40,mekkhala2015,2
619,2015,MEKKHALA,201501180000, TS,13.5,123.6,35,mekkhala2015,2
620,2015,MEKKHALA,201501180600, TS,13.9,122.9,35,mekkhala2015,2
621,2015,MEKKHALA,201501181200, TS,14.8,122.6,35,mekkhala2015,2
622,2015,MEKKHALA,201501181800, TS,16,122.5,0,mekkhala2015,2
623,2015,MEKKHALA,201501190000, TS,16.6,122.8,0,mekkhala2015,2
624,2015,MEKKHALA,201501190600, TS,16.8,123.1,0,mekkhala2015,2
625,2015,MEKKHALA,201501191200, TS,16.8,123.3,0,mekkhala2015,2
626,2015,MEKKHALA,201501191800, TS,16.8,123.9,0,mekkhala2015,2
627,2015,MEKKHALA,201501200000, TS,16.8,124.4,0,mekkhala2015,2
628,2015,MEKKHALA,201501200600, TS,16.9,124.7,0,mekkhala2015,2
629,2015,MEKKHALA,201501201200, TS,17,125,0,mekkhala2015,2
630,2015,MEKKHALA,201501201800, TS,17.3,125.2,0,mekkhala2015,2
631,2015,NOUL,201505020600, TS,7.4,144.1,0,noul2015,5
632,2015,NOUL,201505021200, TS,7.8,143.1,0,noul2015,5
633,2015,NOUL,201505021800, TS,8,142.5,0,noul2015,5
634,2015,NOUL,201505030000, TS,8.2,142.1,0,noul2015,5
635,2015,NOUL,201505030600, TS,8.5,141.5,0,noul2015,5
636,2015,NOUL,201505031200, TS,9.1,141.1,0,noul2015,5
637,2015,NOUL,201505031800, TS,9.4,140.7,35,noul2015,5
638,2015,NOUL,201505040000, TS,9.6,140.2,35,noul2015,5
639,2015,NOUL,201505040600, TS,9.6,139.9,35,noul2015,5
640,2015,NOUL,201505041200, TS,9.5,139.6,40,noul2015,5
641,2015,NOUL,201505041800, TS,9.5,139.3,40,noul2015,5
642,2015,NOUL,201505050000, TS,9.4,139.1,45,noul2015,5
643,2015,NOUL,201505050600, TS,9.3,138.8,45,noul2015,5
644,2015,NOUL,201505051200, TS,9.3,138.5,50,noul2015,5
645,2015,NOUL,201505051800, TS,9.3,138.3,60,noul2015,5
646,2015,NOUL,201505060000, TS,9.4,137.6,60,noul2015,5
647,2015,NOUL,201505060600, TS,9.5,136.9,65,noul2015,5
648,2015,NOUL,201505061200, TS,9.8,136.1,75,noul2015,5
649,2015,NOUL,201505061800, TS,10.1,135.2,80,noul2015,5
650,2015,NOUL,201505070000, TS,10.6,134.2,80,noul2015,5
651,2015,NOUL,201505070600, TS,11.3,133.1,80,noul2015,5
652,2015,NOUL,201505071200, TS,11.6,132,85,noul2015,5
653,2015,NOUL,201505071800, TS,11.8,131.1,85,noul2015,5
654,2015,NOUL,201505080000, TS,12.1,130.3,85,noul2015,5
655,2015,NOUL,201505080600, TS,12.6,129.2,85,noul2015,5
656,2015,NOUL,201505081200, TS,13.4,128,85,noul2015,5
657,2015,NOUL,201505081800, TS,13.7,127.3,85,noul2015,5
658,2015,NOUL,201505090000, TS,14.3,126.4,85,noul2015,5
659,2015,NOUL,201505090600, TS,14.9,125.2,90,noul2015,5
660,2015,NOUL,201505091200, TS,15.4,124.6,90,noul2015,5
661,2015,NOUL,201505091800, TS,16.1,123.9,100,noul2015,5
662,2015,NOUL,201505100000, TS,17,123.3,110,noul2015,5
663,2015,NOUL,201505100600, TS,17.8,122.6,110,noul2015,5
664,2015,NOUL,201505101200, TS,18.6,122.4,105,noul2015,5
665,2015,NOUL,201505101800, TS,19.6,122.1,100,noul2015,5
666,2015,NOUL,201505110000, TS,20.6,122,90,noul2015,5
667,2015,NOUL,201505110600, TS,21.7,122.2,80,noul2015,5
668,2015,NOUL,201505110900, TS,22.6,123.1,75,noul2015,5
669,2015,NOUL,201505111200, TS,23.4,123.6,70,noul2015,5
670,2015,NOUL,201505111500, TS,24.5,124.6,70,noul2015,5
671,2015,NOUL,201505111800, TS,25.6,125.6,65,noul2015,5
672,2015,NOUL,201505112100, TS,26.8,126.8,65,noul2015,5
673,2015,NOUL,201505120000, TS,28,128.4,65,noul2015,5
674,2015,NOUL,201505120300, TS,29.2,130.3,60,noul2015,5
675,2015,NOUL,201505120600, ET,30.4,132.2,0,noul2015,5
676,2015,NOUL,201505121200, ET,34.3,138,0,noul2015,5
677,2015,NOUL,201505121800, ET,38.2,142.2,0,noul2015,5
678,2015,NOUL,201505130000, ET,42.6,145.3,0,noul2015,5
679,2015,NOUL,201505130600, ET,44.2,147.9,0,noul2015,5
680,2015,NOUL,201505131200, ET,45.1,150.9,0,noul2015,5
681,2015,NOUL,201505131800, ET,45.6,153.6,0,noul2015,5
682,2015,NOUL,201505140000, ET,46.1,157.2,0,noul2015,5
683,2015,NOUL,201505140600, ET,46.8,160.3,0,noul2015,5
684,2015,NOUL,201505141200, ET,46.8,162.8,0,noul2015,5
685,2015,NOUL,201505141800, ET,47.1,165.8,0,noul2015,5
686,2015,NOUL,201505150000, ET,47.6,168.8,0,noul2015,5
687,2015,NOUL,201505150600, ET,48.3,171.6,0,noul2015,5
688,2015,NOUL,201505151200, ET,49,174.4,0,noul2015,5
689,2015,NOUL,201505151800, ET,49,176.8,0,noul2015,5
690,2015,NOUL,201505160000, ET,48.7,178.1,0,noul2015,5
691,2015,GONI,201508131800, TS,12.2,151.1,0,goni2015,4
692,2015,GONI,201508140000, TS,12.3,150.4,0,goni2015,4
693,2015,GONI,201508140600, TS,12.4,149.9,0,goni2015,4
694,2015,GONI,201508141200, TS,12.7,149.1,0,goni2015,4
695,2015,GONI,201508141800, TS,13,148.2,35,goni2015,4
696,2015,GONI,201508150000, TS,13.5,147,45,goni2015,4
697,2015,GONI,201508150600, TS,13.8,146.4,45,goni2015,4
698,2015,GONI,201508151200, TS,14.2,146,50,goni2015,4
699,2015,GONI,201508151800, TS,14.4,145.4,55,goni2015,4
700,2015,GONI,201508160000, TS,14.7,144.8,60,goni2015,4
701,2015,GONI,201508160600, TS,15,144.2,60,goni2015,4
702,2015,GONI,201508161200, TS,15.5,143.6,65,goni2015,4
703,2015,GONI,201508161800, TS,16,142.7,75,goni2015,4
704,2015,GONI,201508170000, TS,16.5,141.7,85,goni2015,4
705,2015,GONI,201508170600, TS,17,140.5,95,goni2015,4
706,2015,GONI,201508171200, TS,17.3,139.2,95,goni2015,4
707,2015,GONI,201508171800, TS,17.7,137.8,95,goni2015,4
708,2015,GONI,201508180000, TS,18.2,136,95,goni2015,4
709,2015,GONI,201508180600, TS,18.6,134.6,95,goni2015,4
710,2015,GONI,201508181200, TS,18.7,132.9,95,goni2015,4
711,2015,GONI,201508181800, TS,18.8,131.2,85,goni2015,4
712,2015,GONI,201508190000, TS,18.9,129.9,85,goni2015,4
713,2015,GONI,201508190600, TS,19,128.4,85,goni2015,4
714,2015,GONI,201508191200, TS,18.9,127.3,90,goni2015,4
715,2015,GONI,201508191800, TS,18.9,126.1,90,goni2015,4
716,2015,GONI,201508200000, TS,18.8,125.3,90,goni2015,4
717,2015,GONI,201508200600, TS,18.9,124.7,85,goni2015,4
718,2015,GONI,201508201200, TS,19,124,85,goni2015,4
719,2015,GONI,201508201800, TS,19.1,123.2,85,goni2015,4
720,2015,GONI,201508210000, TS,19.2,122.9,85,goni2015,4
721,2015,GONI,201508210600, TS,19.3,122.4,85,goni2015,4
722,2015,GONI,201508211200, TS,19.3,122.3,80,goni2015,4
723,2015,GONI,201508211800, TS,19.6,122.5,80,goni2015,4
724,2015,GONI,201508220000, TS,20.1,122.6,80,goni2015,4
725,2015,GONI,201508220600, TS,20.7,122.7,80,goni2015,4
726,2015,GONI,201508221200, TS,21.3,123.1,80,goni2015,4
727,2015,GONI,201508221500, TS,21.9,123.2,80,goni2015,4
728,2015,GONI,201508221800, TS,22.4,123.2,80,goni2015,4
729,2015,GONI,201508222100, TS,22.8,123.3,80,goni2015,4
730,2015,GONI,201508230000, TS,23.1,123.3,80,goni2015,4
731,2015,GONI,201508230300, TS,23.5,123.4,80,goni2015,4
732,2015,GONI,201508230600, TS,23.8,123.5,85,goni2015,4
733,2015,GONI,201508230900, TS,24.2,123.8,90,goni2015,4
734,2015,GONI,201508231000, TS,24.3,123.9,90,goni2015,4
735,2015,GONI,201508231200, TS,24.5,124,95,goni2015,4
736,2015,GONI,201508231500, TS,24.8,124.2,95,goni2015,4
737,2015,GONI,201508231800, TS,25.2,124.6,100,goni2015,4
738,2015,GONI,201508232100, TS,25.7,125.3,100,goni2015,4
739,2015,GONI,201508240000, TS,26.2,125.9,100,goni2015,4
740,2015,GONI,201508240300, TS,27.1,126.7,100,goni2015,4
741,2015,GONI,201508240600, TS,27.9,127.4,100,goni2015,4
742,2015,GONI,201508240900, TS,28.8,128.1,100,goni2015,4
743,2015,GONI,201508241200, TS,29.6,128.8,90,goni2015,4
744,2015,GONI,201508241500, TS,30.5,129.5,90,goni2015,4
745,2015,GONI,201508241800, TS,31.7,129.9,90,goni2015,4
746,2015,GONI,201508241900, TS,32,130.1,85,goni2015,4
747,2015,GONI,201508242000, TS,32.4,130.5,85,goni2015,4
748,2015,GONI,201508242100, TS,32.8,130.5,80,goni2015,4
749,2015,GONI,201508250000, TS,33.8,130.4,70,goni2015,4
750,2015,GONI,201508250300, TS,34.6,130.6,70,goni2015,4
751,2015,GONI,201508250600, TS,35.3,131,70,goni2015,4
752,2015,GONI,201508250900, TS,36,131.8,60,goni2015,4
753,2015,GONI,201508251200, ET,36.5,132.3,0,goni2015,4
754,2015,GONI,201508251800, ET,37.7,133,0,goni2015,4
755,2015,GONI,201508260000, ET,39.3,133.5,0,goni2015,4
756,2015,GONI,201508260600, ET,40.5,134.1,0,goni2015,4
757,2015,GONI,201508261200, ET,41.3,133.9,0,goni2015,4
758,2015,GONI,201508261800, ET,43,133,0,goni2015,4
759,2015,GONI,201508270000, ET,44.4,131.8,0,goni2015,4
760,2015,GONI,201508270600, ET,44.5,128.6,0,goni2015,4
761,2015,GONI,201508271200, ET,44.2,127.3,0,goni2015,4
762,2015,GONI,201508271800, ET,43.9,126.7,0,goni2015,4
763,2015,GONI,201508280000, ET,44,126.4,0,goni2015,4
764,2015,GONI,201508280600, ET,44.1,126.3,0,goni2015,4
765,2015,GONI,201508281200, ET,44.3,126.4,0,goni2015,4
766,2015,GONI,201508281800, ET,44.5,126.4,0,goni2015,4
767,2015,GONI,201508290000, ET,44.6,126.4,0,goni2015,4
768,2015,GONI,201508290600, ET,44.9,126.4,0,goni2015,4
769,2015,GONI,201508291200, ET,45.2,126.1,0,goni2015,4
770,2015,GONI,201508291800, ET,45.5,125.8,0,goni2015,4
771,2015,GONI,201508300000, ET,45.5,125.8,0,goni2015,4
772,2015,GONI,201508300600, ET,45.5,125.8,0,goni2015,4
773,2015,MUJIGAE,201509301800, TS,12.6,126.4,0,mujigae2015,8
774,2015,MUJIGAE,201510010000, TS,13.9,125.2,0,mujigae2015,8
775,2015,MUJIGAE,201510010600, TS,14.5,123.8,0,mujigae2015,8
776,2015,MUJIGAE,201510011200, TS,15.2,122.7,35,mujigae2015,8
777,2015,MUJIGAE,201510011800, TS,15.8,121.3,40,mujigae2015,8
778,2015,MUJIGAE,201510020000, TS,16.4,120.1,40,mujigae2015,8
779,2015,MUJIGAE,201510020600, TS,16.5,118.9,45,mujigae2015,8
780,2015,MUJIGAE,201510021200, TS,16.9,117.8,50,mujigae2015,8
781,2015,MUJIGAE,201510021800, TS,17.7,116.6,55,mujigae2015,8
782,2015,MUJIGAE,201510030000, TS,18.5,115.5,55,mujigae2015,8
783,2015,MUJIGAE,201510030600, TS,18.9,114.4,55,mujigae2015,8
784,2015,MUJIGAE,201510031200, TS,19.5,113.4,65,mujigae2015,8
785,2015,MUJIGAE,201510031800, TS,19.7,112.2,75,mujigae2015,8
786,2015,MUJIGAE,201510040000, TS,20.5,111.5,85,mujigae2015,8
787,2015,MUJIGAE,201510040600, TS,21.3,110.4,85,mujigae2015,8
788,2015,MUJIGAE,201510041200, TS,21.9,109.6,70,mujigae2015,8
789,2015,MUJIGAE,201510041800, TS,22.6,108.8,50,mujigae2015,8
790,2015,MUJIGAE,201510050000, TS,23.6,108.2,0,mujigae2015,8
791,2015,KOPPU,201510120000, TS,13.8,151,0,koppu2015,9
792,2015,KOPPU,201510120600, TS,14.4,148.9,0,koppu2015,9
793,2015,KOPPU,201510121200, TS,14.8,147.4,0,koppu2015,9
794,2015,KOPPU,201510121800, TS,15.5,145.6,0,koppu2015,9
795,2015,KOPPU,201510130000, TS,15.9,142.7,0,koppu2015,9
796,2015,KOPPU,201510130600, TS,16,140.5,0,koppu2015,9
797,2015,KOPPU,201510131200, TS,16,139.2,35,koppu2015,9
798,2015,KOPPU,201510131800, TS,15.9,137.7,35,koppu2015,9
799,2015,KOPPU,201510140000, TS,15.9,136.4,35,koppu2015,9
800,2015,KOPPU,201510140600, TS,15.7,135.1,35,koppu2015,9
801,2015,KOPPU,201510141200, TS,15.6,134,35,koppu2015,9
802,2015,KOPPU,201510141800, TS,15.5,133,35,koppu2015,9
803,2015,KOPPU,201510150000, TS,15.4,131.7,40,koppu2015,9
804,2015,KOPPU,201510150600, TS,15.5,130,50,koppu2015,9
805,2015,KOPPU,201510151200, TS,15.5,129,60,koppu2015,9
806,2015,KOPPU,201510151800, TS,15.5,128.1,70,koppu2015,9
807,2015,KOPPU,201510160000, TS,15.7,127.2,80,koppu2015,9
808,2015,KOPPU,201510160600, TS,15.6,126.2,85,koppu2015,9
809,2015,KOPPU,201510161200, TS,15.7,125.7,85,koppu2015,9
810,2015,KOPPU,201510161800, TS,15.8,125.1,90,koppu2015,9
811,2015,KOPPU,201510170000, TS,15.8,124.5,90,koppu2015,9
812,2015,KOPPU,201510170600, TS,15.8,123.8,95,koppu2015,9
813,2015,KOPPU,201510171200, TS,15.9,123.1,95,koppu2015,9
814,2015,KOPPU,201510171800, TS,16.1,122.1,100,koppu2015,9
815,2015,KOPPU,201510180000, TS,16,121.6,90,koppu2015,9
816,2015,KOPPU,201510180600, TS,16.1,121.4,80,koppu2015,9
817,2015,KOPPU,201510181200, TS,16.3,121.3,70,koppu2015,9
818,2015,KOPPU,201510181800, TS,17,120.6,60,koppu2015,9
819,2015,KOPPU,201510190000, TS,17.2,120.2,50,koppu2015,9
820,2015,KOPPU,201510190600, TS,17.8,120.1,45,koppu2015,9
821,2015,KOPPU,201510191200, TS,18.4,120.2,45,koppu2015,9
822,2015,KOPPU,201510191800, TS,18.7,120.4,40,koppu2015,9
823,2015,KOPPU,201510200000, TS,18.9,120.7,35,koppu2015,9
824,2015,KOPPU,201510200600, TS,19.1,121.2,35,koppu2015,9
825,2015,KOPPU,201510201200, TS,19.2,121.7,35,koppu2015,9
826,2015,KOPPU,201510201800, TS,19.2,122.2,35,koppu2015,9
827,2015,KOPPU,201510210000, TS,19.3,122.5,35,koppu2015,9
828,2015,KOPPU,201510210600, TS,19.4,122.7,0,koppu2015,9
829,2015,MELOR,201512100000, TS,7.1,145.2,0,melor2015,14
830,2015,MELOR,201512100600, TS,7.2,143.9,0,melor2015,14
831,2015,MELOR,201512101200, TS,7.6,142.5,0,melor2015,14
832,2015,MELOR,201512101800, TS,7.9,141,0,melor2015,14
833,2015,MELOR,201512110000, TS,8.2,139.6,0,melor2015,14
834,2015,MELOR,201512110600, TS,8.9,138,35,melor2015,14
835,2015,MELOR,201512111200, TS,9.3,136.9,35,melor2015,14
836,2015,MELOR,201512111800, TS,9.8,135.7,40,melor2015,14
837,2015,MELOR,201512120000, TS,10.2,134.5,40,melor2015,14
838,2015,MELOR,201512120600, TS,10.9,133.6,45,melor2015,14
839,2015,MELOR,201512121200, TS,11.2,132.2,55,melor2015,14
840,2015,MELOR,201512121800, TS,11.5,131.2,65,melor2015,14
841,2015,MELOR,201512130000, TS,11.9,130.3,70,melor2015,14
842,2015,MELOR,201512130600, TS,12.3,129.1,80,melor2015,14
843,2015,MELOR,201512131200, TS,12.4,128.1,85,melor2015,14
844,2015,MELOR,201512131800, TS,12.5,126.9,85,melor2015,14
845,2015,MELOR,201512140000, TS,12.5,125.8,95,melor2015,14
846,2015,MELOR,201512140600, TS,12.6,124.6,95,melor2015,14
847,2015,MELOR,201512141200, TS,12.8,123.5,80,melor2015,14
848,2015,MELOR,201512141800, TS,12.9,122.6,80,melor2015,14
849,2015,MELOR,201512150000, TS,13,121.8,85,melor2015,14
850,2015,MELOR,201512150600, TS,13.2,121.2,85,melor2015,14
851,2015,MELOR,201512151200, TS,13.4,120.6,80,melor2015,14
852,2015,MELOR,201512151800, TS,13.7,120.1,70,melor2015,14
853,2015,MELOR,201512160000, TS,14.1,120.1,65,melor2015,14
854,2015,MELOR,201512160600, TS,14.1,120.3,50,melor2015,14
855,2015,MELOR,201512161200, TS,13.7,120.3,45,melor2015,14
856,2015,MELOR,201512161800, TS,13.1,120.3,35,melor2015,14
857,2015,MELOR,201512170000, TS,12.5,120.1,0,melor2015,14
858,2016,SARIKA,201610130000, TS,12.9,129.4,0,sarika2016,26
859,2016,SARIKA,201610130600, TS,13.1,128.9,0,sarika2016,26
860,2016,SARIKA,201610131200, TS,13.3,128.1,0,sarika2016,26
861,2016,SARIKA,201610131800, TS,13.5,127.3,35,sarika2016,26
862,2016,SARIKA,201610140000, TS,13.6,126.7,40,sarika2016,26
863,2016,SARIKA,201610140600, TS,13.7,126.3,45,sarika2016,26
864,2016,SARIKA,201610141200, TS,13.8,125.9,55,sarika2016,26
865,2016,SARIKA,201610141800, TS,14,125.4,55,sarika2016,26
866,2016,SARIKA,201610150000, TS,14.3,124.6,65,sarika2016,26
867,2016,SARIKA,201610150600, TS,14.7,123.9,80,sarika2016,26
868,2016,SARIKA,201610151200, TS,15.1,123,85,sarika2016,26
869,2016,SARIKA,201610151800, TS,15.8,121.8,95,sarika2016,26
870,2016,SARIKA,201610160000, TS,16.2,119.8,75,sarika2016,26
871,2016,SARIKA,201610160600, TS,16.6,118.4,70,sarika2016,26
872,2016,SARIKA,201610161200, TS,16.8,117.2,65,sarika2016,26
873,2016,SARIKA,201610161800, TS,16.8,115.5,65,sarika2016,26
874,2016,SARIKA,201610170000, TS,17,114.3,60,sarika2016,26
875,2016,SARIKA,201610170600, TS,17.4,113.1,60,sarika2016,26
876,2016,SARIKA,201610171200, TS,17.6,112.3,60,sarika2016,26
877,2016,SARIKA,201610171800, TS,18,111.5,60,sarika2016,26
878,2016,SARIKA,201610180000, TS,18.6,110.7,60,sarika2016,26
879,2016,SARIKA,201610180600, TS,19.1,110,55,sarika2016,26
880,2016,SARIKA,201610181200, TS,19.7,109.3,45,sarika2016,26
881,2016,SARIKA,201610181800, TS,20.3,108.8,40,sarika2016,26
882,2016,SARIKA,201610190000, TS,21,108.4,35,sarika2016,26
883,2016,SARIKA,201610190600, TS,21.7,108.1,0,sarika2016,26
884,2016,SARIKA,201610191200, TS,22,108,0,sarika2016,26
885,2016,SARIKA,201610191800, TS,22.4,108,0,sarika2016,26
886,2016,HAIMA,201610141200, TS,7.4,144.5,0,haima2016,22
887,2016,HAIMA,201610141800, TS,8.2,143.6,0,haima2016,22
888,2016,HAIMA,201610150000, TS,8.8,142.9,35,haima2016,22
889,2016,HAIMA,201610150600, TS,9.1,142.1,40,haima2016,22
890,2016,HAIMA,201610151200, TS,9.5,140.7,45,haima2016,22
891,2016,HAIMA,201610151800, TS,9.7,140,50,haima2016,22
892,2016,HAIMA,201610160000, TS,9.9,139.6,55,haima2016,22
893,2016,HAIMA,201610160600, TS,10.4,139.1,65,haima2016,22
894,2016,HAIMA,201610161200, TS,11.3,138.7,70,haima2016,22
895,2016,HAIMA,201610161800, TS,12.3,137.8,80,haima2016,22
896,2016,HAIMA,201610170000, TS,12.9,136.7,85,haima2016,22
897,2016,HAIMA,201610170600, TS,13.4,135.5,90,haima2016,22
898,2016,HAIMA,201610171200, TS,13.8,134.5,95,haima2016,22
899,2016,HAIMA,201610171800, TS,14.4,133.3,100,haima2016,22
900,2016,HAIMA,201610180000, TS,14.9,132.1,100,haima2016,22
901,2016,HAIMA,201610180600, TS,15.4,130.7,105,haima2016,22
902,2016,HAIMA,201610181200, TS,15.6,129.1,110,haima2016,22
903,2016,HAIMA,201610181800, TS,16,127.5,115,haima2016,22
904,2016,HAIMA,201610190000, TS,16.1,126,115,haima2016,22
905,2016,HAIMA,201610190600, TS,16.7,124.7,115,haima2016,22
906,2016,HAIMA,201610191200, TS,17.3,123.1,100,haima2016,22
907,2016,HAIMA,201610191800, TS,17.7,121.5,90,haima2016,22
908,2016,HAIMA,201610200000, TS,18.4,120.1,80,haima2016,22
909,2016,HAIMA,201610200600, TS,19,118.8,75,haima2016,22
910,2016,HAIMA,201610201200, TS,19.8,117.4,70,haima2016,22
911,2016,HAIMA,201610201800, TS,20.6,116.6,70,haima2016,22
912,2016,HAIMA,201610210000, TS,22.1,115.6,60,haima2016,22
913,2016,HAIMA,201610210600, TS,23.2,115.1,45,haima2016,22
914,2016,HAIMA,201610211200, TS,24.3,114.7,35,haima2016,22
915,2016,HAIMA,201610211800, TS,25.9,115.5,0,haima2016,22
916,2016,HAIMA,201610220000, ET,27.4,116.4,0,haima2016,22
917,2016,HAIMA,201610220600, ET,28.9,119.4,0,haima2016,22
918,2016,HAIMA,201610221200, ET,30.2,121.4,0,haima2016,22
919,2016,HAIMA,201610221800, ET,30.5,123.1,0,haima2016,22
920,2016,HAIMA,201610230000, ET,29.9,126.1,0,haima2016,22
921,2016,HAIMA,201610230600, ET,29.4,129.3,0,haima2016,22
922,2016,HAIMA,201610231200, ET,29.4,133.5,0,haima2016,22
923,2016,HAIMA,201610231800, ET,29.5,136.6,0,haima2016,22
924,2016,HAIMA,201610240000, ET,29.2,140.2,0,haima2016,22
925,2016,HAIMA,201610240600, ET,28.9,142.5,0,haima2016,22
926,2016,HAIMA,201610241200, ET,28.7,145.2,0,haima2016,22
927,2016,HAIMA,201610241800, ET,28.3,147.1,0,haima2016,22
928,2016,HAIMA,201610250000, ET,27.5,146,0,haima2016,22
929,2016,HAIMA,201610250600, ET,26.7,144.9,0,haima2016,22
930,2016,HAIMA,201610251200, ET,26.9,144.7,0,haima2016,22
931,2016,HAIMA,201610251800, ET,27.1,144.4,0,haima2016,22
932,2016,HAIMA,201610260000, ET,27.3,145,0,haima2016,22
933,2016,HAIMA,201610260600, ET,27.8,145.4,0,haima2016,22
934,2016,NOCK-TEN,201612201200, TS,6.2,144.5,0,nock-ten2016,25
935,2016,NOCK-TEN,201612201800, TS,6.2,143.4,0,nock-ten2016,25
936,2016,NOCK-TEN,201612210000, TS,6.3,142.4,0,nock-ten2016,25
937,2016,NOCK-TEN,201612210600, TS,6.4,141.7,0,nock-ten2016,25
938,2016,NOCK-TEN,201612211200, TS,6.8,140.9,0,nock-ten2016,25
939,2016,NOCK-TEN,201612211800, TS,7.8,140,35,nock-ten2016,25
940,2016,NOCK-TEN,201612220000, TS,8.6,139.1,40,nock-ten2016,25
941,2016,NOCK-TEN,201612220600, TS,9.4,137.8,40,nock-ten2016,25
942,2016,NOCK-TEN,201612221200, TS,10.2,136.3,45,nock-ten2016,25
943,2016,NOCK-TEN,201612221800, TS,11.1,134.8,55,nock-ten2016,25
944,2016,NOCK-TEN,201612230000, TS,11.7,133.3,55,nock-ten2016,25
945,2016,NOCK-TEN,201612230600, TS,11.9,132.1,70,nock-ten2016,25
946,2016,NOCK-TEN,201612231200, TS,12.6,131,80,nock-ten2016,25
947,2016,NOCK-TEN,201612231800, TS,13,129.9,85,nock-ten2016,25
948,2016,NOCK-TEN,201612240000, TS,13.1,128.9,95,nock-ten2016,25
949,2016,NOCK-TEN,201612240600, TS,13.3,128.2,105,nock-ten2016,25
950,2016,NOCK-TEN,201612241200, TS,13.4,127.5,105,nock-ten2016,25
951,2016,NOCK-TEN,201612241800, TS,13.6,126.7,105,nock-ten2016,25
952,2016,NOCK-TEN,201612250000, TS,13.5,126,105,nock-ten2016,25
953,2016,NOCK-TEN,201612250600, TS,13.5,125.1,100,nock-ten2016,25
954,2016,NOCK-TEN,201612251200, TS,13.5,124,100,nock-ten2016,25
955,2016,NOCK-TEN,201612251800, TS,13.5,122.8,85,nock-ten2016,25
956,2016,NOCK-TEN,201612260000, TS,13.6,121.4,85,nock-ten2016,25
957,2016,NOCK-TEN,201612260600, TS,14.1,119.7,70,nock-ten2016,25
958,2016,NOCK-TEN,201612261200, TS,14.4,118.4,70,nock-ten2016,25
959,2016,NOCK-TEN,201612261800, TS,14.8,117,65,nock-ten2016,25
960,2016,NOCK-TEN,201612270000, TS,15,116.3,60,nock-ten2016,25
961,2016,NOCK-TEN,201612270600, TS,14.7,116,50,nock-ten2016,25
962,2016,NOCK-TEN,201612271200, TS,14.2,115.5,40,nock-ten2016,25
963,2016,NOCK-TEN,201612271800, TS,13.3,114.7,0,nock-ten2016,25
964,2016,NOCK-TEN,201612280000, TS,13,113.3,0,nock-ten2016,25
965,2016,NOCK-TEN,201612280600, TS,11.9,112.3,0,nock-ten2016,25
966,2016,NOCK-TEN,201612281200, TS,11.2,111.4,0,nock-ten2016,25
967,2018,MANGKHUT,201809070600.00, TS,12.4,166.7,25,mangkhut2018,11
968,2018,MANGKHUT,201809071200.00, TS,12.8,165.5,30,mangkhut2018,11
969,2018,MANGKHUT,201809071800.00, TS,13,163.9,35,mangkhut2018,11
970,2018,MANGKHUT,201809080000.00, TS,13.6,162.3,35,mangkhut2018,11
971,2018,MANGKHUT,201809080600.00, TS,14.3,160.8,40,mangkhut2018,11
972,2018,MANGKHUT,201809081200.00, TS,14.8,159.1,45,mangkhut2018,11
973,2018,MANGKHUT,201809081800.00, TS,14.9,157,55,mangkhut2018,11
974,2018,MANGKHUT,201809090000.00, TS,15.1,154.9,65,mangkhut2018,11
975,2018,MANGKHUT,201809090600.00, TS,15.1,152.9,75,mangkhut2018,11
976,2018,MANGKHUT,201809091200.00, TS,15.1,150.9,75,mangkhut2018,11
977,2018,MANGKHUT,201809091800.00, TS,14.7,149.1,80,mangkhut2018,11
978,2018,MANGKHUT,201809100000.00, TS,14.5,147.4,80,mangkhut2018,11
979,2018,MANGKHUT,201809100600.00, TS,14.3,145.7,90,mangkhut2018,11
980,2018,MANGKHUT,201809101200.00, TS,14.1,144.2,100,mangkhut2018,11
981,2018,MANGKHUT,201809101800.00, TS,14,142.6,110,mangkhut2018,11
982,2018,MANGKHUT,201809110000.00, TS,14,141.2,120,mangkhut2018,11
983,2018,MANGKHUT,201809110600.00, TS,14,139.7,135,mangkhut2018,11
984,2018,MANGKHUT,201809111200.00, TS,13.7,138.6,140,mangkhut2018,11
985,2018,MANGKHUT,201809111800.00, TS,13.9,137.3,140,mangkhut2018,11
986,2018,MANGKHUT,201809120000.00, TS,13.9,136.2,140,mangkhut2018,11
987,2018,MANGKHUT,201809120600.00, TS,14,135.2,150,mangkhut2018,11
988,2018,MANGKHUT,201809121200.00, TS,14.2,134,150,mangkhut2018,11
989,2018,MANGKHUT,201809121800.00, TS,14.3,132.5,155,mangkhut2018,11
990,2018,MANGKHUT,201809130000.00, TS,14.5,131.2,145,mangkhut2018,11
991,2018,MANGKHUT,201809130600.00, TS,14.7,130.1,145,mangkhut2018,11
992,2018,MANGKHUT,201809131200.00, TS,15,129,145,mangkhut2018,11
993,2018,MANGKHUT,201809131800.00, TS,15.2,127.9,150,mangkhut2018,11
994,2018,MANGKHUT,201809140000.00, TS,15.9,126.9,150,mangkhut2018,11
995,2018,MANGKHUT,201809140600.00, TS,16.8,125.6,145,mangkhut2018,11
996,2018,MANGKHUT,201809141200.00, TS,17.4,124.1,145,mangkhut2018,11
997,2018,MANGKHUT,201809141800.00, TS,18,122.3,145,mangkhut2018,11
998,2018,MANGKHUT,201809150000.00, TS,18.1,120.6,115,mangkhut2018,11
999,2018,MANGKHUT,201809150600.00, TS,18.5,119.7,105,mangkhut2018,11
1000,2018,MANGKHUT,201809151200.00, TS,19.2,118.4,105,mangkhut2018,11
1001,2018,MANGKHUT,201809151800.00, TS,19.8,116.9,90,mangkhut2018,11
1002,2018,MANGKHUT,201809160000.00, TS,20.7,115.2,85,mangkhut2018,11
1003,2018,MANGKHUT,201809160600.00, TS,21.6,113.6,80,mangkhut2018,11
1004,2018,MANGKHUT,201809161200.00, TS,22.1,111.8,70,mangkhut2018,11
1005,2018,MANGKHUT,201809161800.00, TS,22.4,109.6,55,mangkhut2018,11
1006,2018,MANGKHUT,201809170000.00, TS,23,108.3,45,mangkhut2018,11
