pcode,Municipal_City,pop_u5_and_o60,total_pop
PH012801000,Adams,362.2380062,1792
PH012802000,Bacarra,6511.996301,32215
PH012803000,Badoc,6390.913396,31616
PH012804000,Bangui,2965.823676,14672
PH012805000,City of Batac,11158.42644,55201
PH012806000,Burgos,1976.339836,9777
PH012807000,Carasi,316.7561137,1567
PH012808000,Currimao,2462.895016,12184
PH012809000,Dingras,7794.989953,38562
PH012810000,Dumalneg,595.7117212,2947
PH012811000,Banna (Espiritu),3929.231231,19438
PH012812000,Laoag City (Capital),22463.00136,111125
PH012813000,Marcos,3593.473793,17777
PH012814000,Nueva Era,1921.559424,9506
PH012815000,Pagudpud,4804.909268,23770
PH012816000,Paoay,5026.45662,24866
PH012817000,Pasuquin,5858.067757,28980
PH012818000,Piddig,4345.441083,21497
PH012819000,Pinili,3497.052181,17300
PH012820000,San Nicolas,7425.879128,36736
PH012821000,Sarrat,5096.397664,25212
PH012822000,Solsona,4875.86102,24121
PH012823000,Vintar,6513.007009,32220
PH012901000,Alilem,1353.33898,6695
PH012902000,Banayoyo,1566.194237,7748
PH012903000,Bantay,7222.726674,35731
PH012904000,Burgos,2470.980685,12224
PH012905000,Cabugao,7580.517562,37501
PH012906000,City of Candon,12254.43898,60623
PH012907000,Caoayan,4014.737188,19861
PH012908000,Cervantes,3479.061565,17211
PH012909000,Galimuyod,2172.61947,10748
PH012910000,Gregorio Del Pilar (Concepcion),985.4410047,4875
PH012911000,Lidlidda,939.3526869,4647
PH012912000,Magsingal,6224.348598,30792
PH012913000,Nagbukel,1063.063435,5259
PH012914000,Narvacan,8895.449611,44006
PH012915000,Quirino (Angkaki),1732.961176,8573
PH012916000,Salcedo (Baugen),2281.776012,11288
PH012917000,San Emilio,1497.263902,7407
PH012918000,San Esteban,1687.681425,8349
PH012919000,San Ildefonso,1574.077765,7787
PH012920000,San Juan (Lapog),5338.765615,26411
PH012921000,San Vicente,2578.924377,12758
PH012922000,Santa,3100.854361,15340
PH012923000,Santa Catalina,2818.866628,13945
PH012924000,Santa Cruz,8058.987072,39868
PH012925000,Santa Lucia,5134.804595,25402
PH012926000,Santa Maria,6129.139836,30321
PH012927000,Santiago,3791.976986,18759
PH012928000,Santo Domingo,5654.915304,27975
PH012929000,Sigay,553.2619548,2737
PH012930000,Sinait,5182.91433,25640
PH012931000,Sugpon,926.8198988,4585
PH012932000,Suyo,2313.714408,11446
PH012933000,Tagudin,7939.521301,39277
PH012934000,City of Vigan (Capital),10891.19505,53879
PH013301000,Agoo,12874.81199,63692
PH013302000,Aringay,9593.242913,47458
PH013303000,Bacnotan,8505.720327,42078
PH013304000,Bagulin,2720.019315,13456
PH013305000,Balaoan,7921.530685,39188
PH013306000,Bangar,7266.389291,35947
PH013307000,Bauang,15167.09938,75032
PH013308000,Burgos,1630.677453,8067
PH013309000,Caba,4455.001908,22039
PH013310000,Luna,7237.078738,35802
PH013311000,Naguilian,10960.32753,54221
PH013312000,Pugo,3980.17095,19690
PH013313000,Rosario,11210.37687,55458
PH013314000,City of San Fernando (Capital),24623.29019,121812
PH013315000,San Gabriel,3673.319782,18172
PH013316000,San Juan,7517.247196,37188
PH013317000,Santo Tomas,7902.125078,39092
PH013318000,Santol,2521.920405,12476
PH013319000,Sudipen,3447.729595,17056
PH013320000,Tubao,5807.330179,28729
PH015501000,Agno,5670.480218,28052
PH015502000,Aguilar,8381.403154,41463
PH015503000,City of Alaminos,18133.73162,89708
PH015504000,Alcala,8773.355997,43402
PH015505000,Anda,7985.407477,39504
PH015506000,Asingan,11593.83976,57355
PH015507000,Balungao,6287.821106,31106
PH015508000,Bani,10168.9426,50306
PH015509000,Basista,6662.389759,32959
PH015510000,Bautista,6530.593341,32307
PH015511000,Bayambang,23894.16491,118205
PH015512000,Binalonan,11027.84287,54555
PH015513000,Binmaley,16788.27617,83052
PH015514000,Bolinao,16592.60296,82084
PH015515000,Bugallon,13613.84221,67348
PH015516000,Burgos,4373.740927,21637
PH015517000,Calasiao,19234.59556,95154
PH015518000,Dagupan City,34621.01873,171271
PH015519000,Dasol,5884.346184,29110
PH015520000,Infanta,4969.452648,24584
PH015521000,Labrador,4689.890615,23201
PH015522000,Lingayen (Capital),20876.79509,103278
PH015523000,Mabini,5006.040304,24765
PH015524000,Malasiqui,26334.01577,130275
PH015525000,Manaoag,14048.24482,69497
PH015526000,Mangaldan,21493.93384,106331
PH015527000,Mangatarem,14805.06351,73241
PH015528000,Mapandan,7491.170911,37059
PH015529000,Natividad,4911.842251,24299
PH015530000,Pozorrubio,14059.96904,69555
PH015531000,Rosales,12751.30339,63081
PH015532000,San Carlos City,38118.07091,188571
PH015533000,San Fabian,16782.81834,83025
PH015534000,San Jacinto,8257.085981,40848
PH015535000,San Manuel,10701.18181,52939
PH015536000,San Nicolas,7190.990421,35574
PH015537000,San Quintin,6659.559774,32945
PH015538000,Santa Barbara,16578.04875,82012
PH015539000,Santa Maria,6678.358956,33038
PH015540000,Santo Tomas,3036.573287,15022
PH015541000,Sison,9605.371417,47518
PH015542000,Sual,6902.938435,34149
PH015543000,Tayug,8722.214136,43149
PH015544000,Umingan,14807.28707,73252
PH015545000,Urbiztondo,10141.45132,50170
PH015546000,City of Urdaneta,26872.72352,132940
PH015547000,Villasis,12600.10136,62333
PH015548000,Laoac,6366.858528,31497
PH020901000,Basco (Capital),1642.025358,8579
PH020902000,Itbayat,548.7453901,2867
PH020903000,Ivana,253.988536,1327
PH020904000,Mahatao,297.6278624,1555
PH020905000,Sabtang,310.260299,1621
PH020906000,Uyugan,248.2465193,1297
PH021501000,Abulug,6219.943823,32497
PH021502000,Alcala,7442.227765,38883
PH021503000,Allacapan,6425.508019,33571
PH021504000,Amulung,9160.430544,47860
PH021505000,Aparri,12565.25501,65649
PH021506000,Baggao,15844.52071,82782
PH021507000,Ballesteros,6564.847623,34299
PH021508000,Buguey,5775.511736,30175
PH021509000,Calayan,3196.772063,16702
PH021510000,Camalaniugan,4770.276023,24923
PH021511000,Claveria,5726.895995,29921
PH021512000,Enrile,6858.647474,35834
PH021513000,Gattaran,10844.94683,56661
PH021514000,Gonzaga,7443.95037,38892
PH021515000,Iguig,5332.802253,27862
PH021516000,Lal-Lo,8518.473084,44506
PH021517000,Lasam,7490.460705,39135
PH021518000,Pamplona,4516.287487,23596
PH021519000,Peñablanca,9299.004546,48584
PH021520000,Piat,4516.478887,23597
PH021521000,Rizal,3444.06158,17994
PH021522000,Sanchez-Mira,4697.161011,24541
PH021523000,Santa Ana,6298.22665,32906
PH021524000,Santa Praxedes,795.0779039,4154
PH021525000,Santa Teresita,3643.883759,19038
PH021526000,Santo Niño (Faire),5209.731696,27219
PH021527000,Solana,15790.92856,82502
PH021528000,Tuao,11777.83313,61535
PH021529000,Tuguegarao City (Capital),29380.36794,153502
PH023101000,Alicia,13685.90526,71504
PH023102000,Angadanan,8241.899282,43061
PH023103000,Aurora,6702.273221,35017
PH023104000,Benito Soliven,5670.05003,29624
PH023105000,Burgos,4552.270791,23784
PH023106000,Cabagan,9603.331427,50174
PH023107000,Cabatuan,7543.670059,39413
PH023108000,City of Cauayan,24790.77404,129523
PH023109000,Cordon,8216.060208,42926
PH023110000,Dinapigue,957.9597759,5005
PH023111000,Divilacan,1088.494954,5687
PH023112000,Echague,15138.63547,79094
PH023113000,Gamu,5723.642185,29904
PH023114000,Ilagan City (Capital),27861.79593,145568
PH023115000,Jones,8740.497727,45666
PH023116000,Luna,3699.007119,19326
PH023117000,Maconacon,814.0265588,4253
PH023118000,Delfin Albano (Magsaysay),5093.934361,26614
PH023119000,Mallig,5829.869493,30459
PH023120000,Naguilian,6106.060493,31902
PH023121000,Palanan,3303.573573,17260
PH023122000,Quezon,4949.618342,25860
PH023123000,Quirino,4689.504989,24501
PH023124000,Ramon,10088.14903,52707
PH023125000,Reina Mercedes,5167.432174,26998
PH023126000,Roxas,11823.38646,61773
PH023127000,San Agustin,4379.24469,22880
PH023128000,San Guillermo,3866.291203,20200
PH023129000,San Isidro,4758.409188,24861
PH023130000,San Manuel,6104.91209,31896
PH023131000,San Mariano,10597.84871,55370
PH023132000,San Mateo,12346.29278,64505
PH023133000,San Pablo,4858.511678,25384
PH023134000,Santa Maria,4858.128877,25382
PH023135000,City of Santiago,25806.53678,134830
PH023136000,Santo Tomas,4403.169759,23005
PH023137000,Tumauini,12948.24752,67650
PH025001000,Ambaguio,2918.858458,15250
PH025002000,Aritao,7124.885646,37225
PH025003000,Bagabag,6794.91109,35501
PH025004000,Bambang,10227.10583,53433
PH025005000,Bayombong (Capital),11773.43092,61512
PH025006000,Diadi,3468.560851,18122
PH025007000,Dupax Del Norte,5266.19486,27514
PH025008000,Dupax Del Sur,3657.855999,19111
PH025009000,Kasibu,7216.757912,37705
PH025010000,Kayapa,4538.872752,23714
PH025011000,Quezon,4030.130078,21056
PH025012000,Santa Fe,3096.860974,16180
PH025013000,Solano,11391.58681,59517
PH025014000,Villaverde,3542.250064,18507
PH025015000,Alfonso Castaneda,1519.720404,7940
PH025701000,Aglipay,5318.447211,27787
PH025702000,Cabarroguis (Capital),5853.411761,30582
PH025703000,Diffun,10061.73576,52569
PH025704000,Maddela,7368.729952,38499
PH025705000,Saguday,3075.806913,16070
PH025706000,Nagtipunan,4494.850625,23484
PH030801000,Abucay,7144.617214,39880
PH030802000,Bagac,4825.662219,26936
PH030803000,City of Balanga (Capital),17209.60567,96061
PH030804000,Dinalupihan,19056.67196,106371
PH030805000,Hermosa,11799.36758,65862
PH030806000,Limay,12195.11631,68071
PH030807000,Mariveles,22848.44285,127536
PH030808000,Morong,5356.850535,29901
PH030809000,Orani,11986.94065,66909
PH030810000,Orion,10032.92009,56002
PH030811000,Pilar,7492.711278,41823
PH030812000,Samal,6323.738677,35298
PH031401000,Angat,10612.47969,59237
PH031402000,Balagtas (Bigaa),13244.59393,73929
PH031403000,Baliuag,26864.69232,149954
PH031404000,Bocaue,21440.12199,119675
PH031405000,Bulacan,13716.84095,76565
PH031406000,Bustos,12010.23053,67039
PH031407000,Calumpit,19484.13075,108757
PH031408000,Guiguinto,17866.91762,99730
PH031409000,Hagonoy,23255.29907,129807
PH031410000,City of Malolos (Capital),45159.78535,252074
PH031411000,Marilao,39765.67101,221965
PH031412000,City of Meycauayan,37457.8235,209083
PH031413000,Norzagaray,19948.31589,111348
PH031414000,Obando,10605.31357,59197
PH031415000,Pandi,15958.04359,89075
PH031416000,Paombong,9547.774068,53294
PH031417000,Plaridel,19313.5772,107805
PH031418000,Pulilan,17435.69662,97323
PH031419000,San Ildefonso,18716.28147,104471
PH031420000,City of San Jose Del Monte,102849.7029,574089
PH031421000,San Miguel,27568.40487,153882
PH031422000,San Rafael,16957.71671,94655
PH031423000,Santa Maria,45944.475,256454
PH031424000,Doña Remedios Trinidad,4060.141924,22663
PH034901000,Aliaga,11383.91203,63543
PH034902000,Bongabon,11496.77835,64173
PH034903000,Cabanatuan City,54145.5568,302231
PH034904000,Cabiao,14154.3323,79007
PH034905000,Carranglan,7368.737478,41131
PH034906000,Cuyapo,11651.92475,65039
PH034907000,Gabaldon (Bitulok & Sabani),6338.966672,35383
PH034908000,City of Gapan,19761.10112,110303
PH034909000,General Mamerto Natividad,7462.792745,41656
PH034910000,General Tinio (Papaya),8575.153033,47865
PH034911000,Guimba,21257.38605,118655
PH034912000,Jaen,13111.12503,73184
PH034913000,Laur,6387.875411,35656
PH034914000,Licab,5061.785727,28254
PH034915000,Llanera,7112.548847,39701
PH034916000,Lupao,7844.746705,43788
PH034917000,Science City of Muñoz,14597.91486,81483
PH034918000,Nampicuan,2679.052302,14954
PH034919000,Palayan City (Capital),7352.613718,41041
PH034920000,Pantabangan,5361.150204,29925
PH034921000,Peñaranda,5353.44663,29882
PH034922000,Quezon,7272.174071,40592
PH034923000,Rizal,11481.3712,64087
PH034924000,San Antonio,13944.54427,77836
PH034925000,San Isidro,9246.438908,51612
PH034926000,San Jose City,25034.46641,139738
PH034927000,San Leonardo,11698.5045,65299
PH034928000,Santa Rosa,12445.21374,69467
PH034929000,Santo Domingo,10380.65585,57943
PH034930000,Talavera,22363.47598,124829
PH034931000,Talugtug,4266.884358,23817
PH034932000,Zaragoza,8847.82373,49387
PH035401000,Angeles City,73745.42032,411634
PH035402000,Apalit,19342.24166,107965
PH035403000,Arayat,23915.47746,133492
PH035404000,Bacolor,7069.373001,39460
PH035405000,Candaba,19990.95427,111586
PH035406000,Floridablanca,22423.31305,125163
PH035407000,Guagua,21037.92376,117430
PH035408000,Lubao,28814.59237,160838
PH035409000,Mabalacat City,44931.36541,250799
PH035410000,Macabebe,13588.74663,75850
PH035411000,Magalang,20270.61193,113147
PH035412000,Masantol,10223.00131,57063
PH035413000,Mexico,27701.33631,154624
PH035414000,Minalin,8547.921794,47713
PH035415000,Porac,22283.21549,124381
PH035416000,City of San Fernando (Capital),54938.8458,306659
PH035417000,San Luis,9693.246214,54106
PH035418000,San Simon,9530.57539,53198
PH035419000,Santa Ana,9885.298111,55178
PH035420000,Santa Rita,7341.506239,40979
PH035421000,Santo Tomas,7251.213183,40475
PH035422000,Sasmuan (Sexmoan),5016.997504,28004
PH036901000,Anao,2065.274505,11528
PH036902000,Bamban,12445.03459,69466
PH036903000,Camiling,14914.11971,83248
PH036904000,Capas,25117.59335,140202
PH036905000,Concepcion,27623.22565,154188
PH036906000,Gerona,15681.43153,87531
PH036907000,La Paz,11468.8305,64017
PH036908000,Mayantoc,5774.455919,32232
PH036909000,Moncada,10352.708,57787
PH036910000,Paniqui,16590.63244,92606
PH036911000,Pura,4248.073305,23712
PH036912000,Ramos,3824.914181,21350
PH036913000,San Clemente,2267.538116,12657
PH036914000,San Manuel,4569.115282,25504
PH036915000,Santa Ignacia,8516.570038,47538
PH036916000,City of Tarlac (Capital),61358.61042,342493
PH036917000,Victoria,11414.72632,63715
PH036918000,San Jose,6494.829686,36253
PH037101000,Botolan,10338.37577,57707
PH037102000,Cabangan,4508.024147,25163
PH037103000,Candelaria,4868.300606,27174
PH037104000,Castillejos,11616.45248,64841
PH037105000,Iba (Capital),9048.295813,50506
PH037106000,Masinloc,8548.996711,47719
PH037107000,Olongapo City,41749.78926,233040
PH037108000,Palauig,6260.856013,34947
PH037109000,San Antonio,6209.618286,34661
PH037110000,San Felipe,4153.301426,23183
PH037111000,San Marcelino,6031.182009,33665
PH037112000,San Narciso,5080.775933,28360
PH037113000,Santa Cruz,10417.91965,58151
PH037114000,Subic,18770.02734,104771
PH037701000,Baler (Capital),7087.646596,39562
PH037702000,Casiguran,4355.744191,24313
PH037703000,Dilasag,2836.885998,15835
PH037704000,Dinalungan,2028.36901,11322
PH037705000,Dingalan,4565.173918,25482
PH037706000,Dipaculao,5327.290308,29736
PH037707000,Maria Aurora,7297.613782,40734
PH037708000,San Luis,4900.189821,27352
PH041001000,Agoncillo,6725.08931,38059
PH041002000,Alitagtag,4470.552551,25300
PH041003000,Balayan,16026.66584,90699
PH041004000,Balete,4004.236813,22661
PH041005000,Batangas City (Capital),58289.2906,329874
PH041006000,Bauan,16132.33345,91297
PH041007000,Calaca,14464.62298,81859
PH041008000,Calatagan,9974.633239,56449
PH041009000,Cuenca,5792.811236,32783
PH041010000,Ibaan,9359.888088,52970
PH041011000,Laurel,6969.821139,39444
PH041012000,Lemery,16460.99858,93157
PH041013000,Lian,9305.110567,52660
PH041014000,Lipa City,58733.16523,332386
PH041015000,Lobo,7333.826604,41504
PH041016000,Mabini,8165.561421,46211
PH041017000,Malvar,9943.003638,56270
PH041018000,Mataasnakahoy,5157.391989,29187
PH041019000,Nasugbu,23697.99266,134113
PH041020000,Padre Garcia,8535.044637,48302
PH041021000,Rosario,20632.39518,116764
PH041022000,San Jose,13600.90515,76971
PH041023000,San Juan,19187.15212,108585
PH041024000,San Luis,5857.484052,33149
PH041025000,San Nicolas,3997.522149,22623
PH041026000,San Pascual,11560.53083,65424
PH041027000,Santa Teresita,3733.176433,21127
PH041028000,Santo Tomas,31778.73727,179844
PH041029000,Taal,9953.075634,56327
PH041030000,Talisay,8004.76289,45301
PH041031000,City of Tanauan,30634.06378,173366
PH041032000,Taysan,6715.900823,38007
PH041033000,Tingloy,3166.317437,17919
PH041034000,Tuy,7729.46167,43743
PH042101000,Alfonso,9160.038486,51839
PH042102000,Amadeo,6652.64162,37649
PH042103000,Bacoor City,106128.6204,600609
PH042104000,Carmona,17238.48598,97557
PH042105000,Cavite City,18165.99311,102806
PH042106000,City of Dasmariñas,116449.7657,659019
PH042107000,General Emilio Aguinaldo,3926.311371,22220
PH042108000,City of General Trias,55537.86871,314303
PH042109000,Imus City,71349.48861,403785
PH042110000,Indang,11591.45363,65599
PH042111000,Kawit,14748.58258,83466
PH042112000,Magallanes,4015.899124,22727
PH042113000,Maragondon,6665.18744,37720
PH042114000,Mendez (Mendez-Nuñez),5571.227327,31529
PH042115000,Naic,19694.10925,111454
PH042116000,Noveleta,8101.065307,45846
PH042117000,Rosario,19561.93639,110706
PH042118000,Silang,43837.03674,248085
PH042119000,Tagaytay City,12577.80242,71181
PH042120000,Tanza,39967.80002,226188
PH042121000,Ternate,4091.880847,23157
PH042122000,Trece Martires City (Capital),27514.74899,155713
PH042123000,Gen. Mariano Alvarez,27414.02903,155143
PH043401000,Alaminos,8456.765792,47859
PH043402000,Bay,10980.77262,62143
PH043403000,City of Biñan,58846.60771,333028
PH043404000,Cabuyao City,54555.76077,308745
PH043405000,City of Calamba,80308.44058,454486
PH043406000,Calauan,14216.18041,80453
PH043407000,Cavinti,3834.7799,21702
PH043408000,Famy,2930.950797,16587
PH043409000,Kalayaan,4111.671435,23269
PH043410000,Liliw,6464.100926,36582
PH043411000,Los Baños,19792.00198,112008
PH043412000,Luisiana,3484.557166,19720
PH043413000,Lumban,5416.259952,30652
PH043414000,Mabitac,3627.685529,20530
PH043415000,Magdalena,4464.544694,25266
PH043416000,Majayjay,4910.893142,27792
PH043417000,Nagcarlan,11142.27795,63057
PH043418000,Paete,4434.505408,25096
PH043419000,Pagsanjan,7450.449714,42164
PH043420000,Pakil,3650.480046,20659
PH043421000,Pangil,4289.256626,24274
PH043422000,Pila,8886.150879,50289
PH043423000,Rizal,3048.634117,17253
PH043424000,San Pablo City,47014.66309,266068
PH043425000,City of San Pedro,57570.99827,325809
PH043426000,Santa Cruz (Capital),20781.0013,117605
PH043427000,Santa Maria,5447.712852,30830
PH043428000,City of Santa Rosa,62511.22389,353767
PH043429000,Siniloan,6726.502923,38067
PH043430000,Victoria,6948.086832,39321
PH045601000,Agdangan,2270.793314,12851
PH045602000,Alabat,2761.847288,15630
PH045603000,Atimonan,11208.54108,63432
PH045605000,Buenavista,5309.355435,30047
PH045606000,Burdeos,4728.537007,26760
PH045607000,Calauag,12923.78431,73139
PH045608000,Candelaria,20750.78531,117434
PH045610000,Catanauan,12558.71863,71073
PH045615000,Dolores,5105.088291,28891
PH045616000,General Luna,4681.534359,26494
PH045617000,General Nakar,5248.92346,29705
PH045618000,Guinayangan,7978.964444,45155
PH045619000,Gumaca,13054.19015,73877
PH045620000,Infanta,12206.37548,69079
PH045621000,Jomalig,1310.596374,7417
PH045622000,Lopez,16816.16896,95167
PH045623000,Lucban,9095.719074,51475
PH045624000,Lucena City (Capital),47046.46939,266248
PH045625000,Macalelon,4980.867008,28188
PH045627000,Mauban,11276.92463,63819
PH045628000,Mulanay,9386.923446,53123
PH045629000,Padre Burgos,3968.719775,22460
PH045630000,Pagbilao,13256.69028,75023
PH045631000,Panukulan,2393.600983,13546
PH045632000,Patnanungan,2580.904765,14606
PH045633000,Perez,2150.989573,12173
PH045634000,Pitogo,4067.496015,23019
PH045635000,Plaridel,1932.232891,10935
PH045636000,Polillo,5403.890835,30582
PH045637000,Quezon,2690.813211,15228
PH045638000,Real,6357.549812,35979
PH045639000,Sampaloc,2457.39029,13907
PH045640000,San Andres,6322.386177,35780
PH045641000,San Antonio,5913.675187,33467
PH045642000,San Francisco (Aurora),10862.38249,61473
PH045644000,San Narciso,8563.140205,48461
PH045645000,Sariaya,26325.01656,148980
PH045646000,Tagkawayan,9158.801574,51832
PH045647000,City of Tayabas,17631.11711,99779
PH045648000,Tiaong,17619.2781,99712
PH045649000,Unisan,4750.448015,26884
PH045801000,Angono,20017.29663,113283
PH045802000,City of Antipolo,137188.712,776386
PH045803000,Baras,12245.42655,69300
PH045804000,Binangonan,49913.63088,282474
PH045805000,Cainta,56920.55937,322128
PH045806000,Cardona,8664.390268,49034
PH045807000,Jala-Jala,5699.336047,32254
PH045808000,Rodriguez (Montalban),65242.14838,369222
PH045809000,Morong,10269.54835,58118
PH045810000,Pililla,11452.3894,64812
PH045811000,San Mateo,44621.94562,252527
PH045812000,Tanay,20820.75917,117830
PH045813000,Taytay,56386.21349,319104
PH045814000,Teresa,10205.40564,57755
PH050501000,Bacacay,13808.38726,68906
PH050502000,Camalig,13407.19736,66904
PH050503000,Daraga (Locsin),25368.94879,126595
PH050504000,Guinobatan,16504.69601,82361
PH050505000,Jovellar,3468.428972,17308
PH050506000,Legazpi City (Capital),39405.38506,196639
PH050507000,Libon,15064.05955,75172
PH050508000,City of Ligao,22323.75312,111399
PH050509000,Malilipot,7571.908291,37785
PH050510000,Malinao,9078.073772,45301
PH050511000,Manito,4951.14829,24707
PH050512000,Oas,13618.81401,67960
PH050513000,Pio Duran,9357.022994,46693
PH050514000,Polangui,17679.00811,88221
PH050515000,Rapu-Rapu,7398.567,36920
PH050516000,Santo Domingo (Libog),7007.196432,34967
PH050517000,City of Tabaco,26826.41839,133868
PH050518000,Tiwi,10644.9588,53120
PH051601000,Basud,8219.583495,41017
PH051602000,Capalonga,6455.710615,32215
PH051603000,Daet (Capital),21001.14905,104799
PH051604000,San Lorenzo Ruiz (Imelda),2818.148638,14063
PH051605000,Jose Panganiban,11951.33091,59639
PH051606000,Labo,20256.28249,101082
PH051607000,Mercedes,10188.25961,50841
PH051608000,Paracale,11853.13758,59149
PH051609000,San Vicente,2083.301802,10396
PH051610000,Santa Elena,8173.292353,40786
PH051611000,Talisay,5178.395716,25841
PH051612000,Vinzons,8714.157259,43485
PH051701000,Baao,11793.01921,58849
PH051702000,Balatan,6196.600454,30922
PH051703000,Bato,10447.97096,52137
PH051704000,Bombon,3308.914905,16512
PH051705000,Buhi,15459.03722,77143
PH051706000,Bula,13913.39401,69430
PH051707000,Cabusao,3686.658643,18397
PH051708000,Calabanga,16639.36115,83033
PH051709000,Camaligan,4831.312346,24109
PH051710000,Canaman,6855.497754,34210
PH051711000,Caramoan,9539.782829,47605
PH051712000,Del Gallego,5089.420533,25397
PH051713000,Gainza,2256.843487,11262
PH051714000,Garchitorena,5412.656952,27010
PH051715000,Goa,12686.57854,63308
PH051716000,Iriga City,22395.49437,111757
PH051717000,Lagonoy,11114.88404,55465
PH051718000,Libmanan,21786.09453,108716
PH051719000,Lupi,6446.091676,32167
PH051720000,Magarao,5148.937717,25694
PH051721000,Milaor,6242.290413,31150
PH051722000,Minalabac,10498.67078,52390
PH051723000,Nabua,16807.89297,83874
PH051724000,Naga City,39277.93412,196003
PH051725000,Ocampo,9204.923526,45934
PH051726000,Pamplona,7292.357885,36390
PH051727000,Pasacao,9826.347043,49035
PH051728000,Pili (Capital),17944.3305,89545
PH051729000,Presentacion (Parubcan),4207.484093,20996
PH051730000,Ragay,11665.76867,58214
PH051731000,Sagñay,6922.830324,34546
PH051732000,San Fernando,7065.511248,35258
PH051733000,San Jose,8140.62804,40623
PH051734000,Sipocot,12996.58892,64855
PH051735000,Siruma,3559.808889,17764
PH051736000,Tigaon,11076.20789,55272
PH051737000,Tinambac,13541.06092,67572
PH052001000,Bagamanoc,2314.757514,11551
PH052002000,Baras,2574.669253,12848
PH052003000,Bato,4264.195753,21279
PH052004000,Caramoran,6023.058769,30056
PH052005000,Gigmoto,1676.901643,8368
PH052006000,Pandan,4111.294707,20516
PH052007000,Panganiban (Payo),1861.06424,9287
PH052008000,San Andres (Calolbon),7370.311368,36779
PH052009000,San Miguel,3007.120704,15006
PH052010000,Viga,4333.331874,21624
PH052011000,Virac (Capital),14759.05903,73650
PH054101000,Aroroy,17267.59808,86168
PH054102000,Baleno,5229.496328,26096
PH054103000,Balud,7639.842045,38124
PH054104000,Batuan,3023.152269,15086
PH054105000,Cataingan,10085.25681,50327
PH054106000,Cawayan,13433.04826,67033
PH054107000,Claveria,8755.839326,43693
PH054108000,Dimasalang,5248.734205,26192
PH054109000,Esperanza,3720.926112,18568
PH054110000,Mandaon,8268.680161,41262
PH054111000,City of Masbate (Capital),19115.43628,95389
PH054112000,Milagros,11517.27631,57473
PH054113000,Mobo,7777.913894,38813
PH054114000,Monreal,5333.300708,26614
PH054115000,Palanas,5254.746042,26222
PH054116000,Pio V. Corpuz (Limbuhan),4656.367898,23236
PH054117000,Placer,11187.22647,55826
PH054118000,San Fernando,4620.497273,23057
PH054119000,San Jacinto,6086.383449,30372
PH054120000,San Pascual,9353.215497,46674
PH054121000,Uson,11255.76141,56168
PH056202000,Barcelona,4206.281726,20990
PH056203000,Bulan,20054.68557,100076
PH056204000,Bulusan,4585.829015,22884
PH056205000,Casiguran,6581.358001,32842
PH056206000,Castilla,11588.21598,57827
PH056207000,Donsol,9961.813763,49711
PH056208000,Gubat,11930.28948,59534
PH056209000,Irosin,11354.75632,56662
PH056210000,Juban,6476.752043,32320
PH056211000,Magallanes,7422.213557,37038
PH056212000,Matnog,8236.416638,41101
PH056213000,Pilar,14942.21966,74564
PH056214000,Prieto Diaz,4497.254621,22442
PH056215000,Santa Magdalena,3376.247476,16848
PH056216000,City of Sorsogon (Capital),33688.32877,168110
PH060401000,Altavas,4848.77091,24619
PH060402000,Balete,5695.863143,28920
PH060403000,Banga,7780.6042,39505
PH060404000,Batan,6308.778983,32032
PH060405000,Buruanga,3742.686283,19003
PH060406000,Ibajay,9761.7483,49564
PH060407000,Kalibo (Capital),15875.34746,80605
PH060408000,Lezo,2998.403198,15224
PH060409000,Libacao,5562.13247,28241
PH060410000,Madalag,3621.757515,18389
PH060411000,Makato,5369.316079,27262
PH060412000,Malay,10433.159,52973
PH060413000,Malinao,4568.113753,23194
PH060414000,Nabas,7175.96036,36435
PH060415000,New Washington,8864.236255,45007
PH060416000,Numancia,6289.477649,31934
PH060417000,Tangalan,4316.408598,21916
PH060601000,Anini-Y,4175.587638,21201
PH060602000,Barbaza,4471.607082,22704
PH060603000,Belison,2666.53842,13539
PH060604000,Bugasong,6625.872333,33642
PH060605000,Caluya,6991.022065,35496
PH060606000,Culasi,8119.95317,41228
PH060607000,Tobias Fornier (Dao),6508.488708,33046
PH060608000,Hamtic,9570.310576,48592
PH060609000,Laua-An,5134.942734,26072
PH060610000,Libertad,3235.730829,16429
PH060611000,Pandan,6761.966435,34333
PH060612000,Patnongon,7321.902082,37176
PH060613000,San Jose (Capital),12316.22081,62534
PH060614000,San Remigio,6289.674602,31935
PH060615000,Sebaste,3526.826463,17907
PH060616000,Sibalom,11877.41088,60306
PH060617000,Tibiao,5268.08255,26748
PH060618000,Valderrama,3766.517522,19124
PH061901000,Cuartero,5398.071128,27408
PH061902000,Dao,6400.164893,32496
PH061903000,Dumalag,5803.399149,29466
PH061904000,Dumarao,9090.731504,46157
PH061905000,Ivisan,5722.451716,29055
PH061906000,Jamindan,7223.622839,36677
PH061907000,Ma-Ayon,7566.123047,38416
PH061908000,Mambusao,7807.980583,39644
PH061909000,Panay,9082.262551,46114
PH061910000,Panitan,7935.014875,40289
PH061911000,Pilar,8919.382924,45287
PH061912000,Pontevedra,9144.105602,46428
PH061913000,President Roxas,5844.759151,29676
PH061914000,Roxas City (Capital),32891.64013,167003
PH061915000,Sapi-An,5085.507684,25821
PH061916000,Sigma,5934.963346,30134
PH061917000,Tapaz,10106.21803,51313
PH063001000,Ajuy,10294.30756,52268
PH063002000,Alimodian,7564.547427,38408
PH063003000,Anilao,5649.382379,28684
PH063004000,Badiangan,5318.699315,27005
PH063005000,Balasan,6516.760708,33088
PH063006000,Banate,6407.255179,32532
PH063007000,Barotac Nuevo,10664.18415,54146
PH063008000,Barotac Viejo,9021.99512,45808
PH063009000,Batad,4194.69202,21298
PH063010000,Bingawan,2993.479388,15199
PH063012000,Cabatuan,11510.29163,58442
PH063013000,Calinog,11898.48479,60413
PH063014000,Carles,13424.27496,68160
PH063015000,Concepcion,8500.268236,43159
PH063016000,Dingle,8928.836639,45335
PH063017000,Dueñas,6744.043767,34242
PH063018000,Dumangas,13610.98583,69108
PH063019000,Estancia,9561.250766,48546
PH063020000,Guimbal,6660.929858,33820
PH063021000,Igbaras,6303.264316,32004
PH063022000,Iloilo City (Capital),88233.09548,447992
PH063023000,Janiuay,12586.24254,63905
PH063025000,Lambunao,14503.57406,73640
PH063026000,Leganes,6397.013655,32480
PH063027000,Lemery,6076.17821,30851
PH063028000,Leon,9823.000493,49875
PH063029000,Maasin,7271.876175,36922
PH063030000,Miagao,13307.08829,67565
PH063031000,Mina,4637.440995,23546
PH063032000,New Lucena,4577.173563,23240
PH063034000,Oton,17551.41231,89115
PH063035000,City of Passi,15863.33337,80544
PH063036000,Pavia,10951.14379,55603
PH063037000,Pototan,14785.21598,75070
PH063038000,San Dionisio,7636.828955,38775
PH063039000,San Enrique,6678.852526,33911
PH063040000,San Joaquin,10220.25347,51892
PH063041000,San Miguel,5452.823893,27686
PH063042000,San Rafael,3256.016925,16532
PH063043000,Santa Barbara,11859.48821,60215
PH063044000,Sara,10365.80128,52631
PH063045000,Tigbauan,12350.09662,62706
PH063046000,Tubungan,4421.384222,22449
PH063047000,Zarraga,5042.965967,25605
PH067901000,Buenavista,9933.687737,50437
PH067902000,Jordan (Capital),7109.1935,36096
PH067903000,Nueva Valencia,7840.674679,39810
PH067904000,San Lorenzo,5142.82083,26112
PH067905000,Sibunag,4364.071076,22158
PH071201000,Alburquerque,2036.155664,10540
PH071202000,Alicia,4543.099882,23517
PH071203000,Anda,3180.189236,16462
PH071204000,Antequera,2786.674142,14425
PH071205000,Baclayon,3977.844524,20591
PH071206000,Balilihan,3458.566874,17903
PH071207000,Batuan,2466.375651,12767
PH071208000,Bilar,3398.100392,17590
PH071209000,Buenavista,5266.379465,27261
PH071210000,Calape,5962.22697,30863
PH071211000,Candijay,5694.088065,29475
PH071212000,Carmen,8945.562067,46306
PH071213000,Catigbian,4380.439249,22675
PH071214000,Clarin,3921.821266,20301
PH071215000,Corella,1638.004163,8479
PH071216000,Cortes,3275.235591,16954
PH071217000,Dagohoy,3701.012354,19158
PH071218000,Danao,3456.055487,17890
PH071219000,Dauis,8821.34498,45663
PH071220000,Dimiao,2774.889939,14364
PH071221000,Duero,3453.350916,17876
PH071222000,Garcia Hernandez,4673.885212,24194
PH071223000,Guindulman,6260.695708,32408
PH071224000,Inabanga,8863.265832,45880
PH071225000,Jagna,6547.380244,33892
PH071226000,Getafe,5979.999866,30955
PH071227000,Lila,2367.85199,12257
PH071228000,Loay,3224.428291,16691
PH071229000,Loboc,3089.586104,15993
PH071230000,Loon,8313.465166,43034
PH071231000,Mabini,5248.992937,27171
PH071232000,Maribojoc,3996.583338,20688
PH071233000,Panglao,6481.890987,33553
PH071234000,Pilar,5265.413547,27256
PH071235000,Pres. Carlos P. Garcia (Pitogo),4511.997314,23356
PH071236000,Sagbayan (Borja),4315.529543,22339
PH071237000,San Isidro,1689.19783,8744
PH071238000,San Miguel,4662.487377,24135
PH071239000,Sevilla,2059.530886,10661
PH071240000,Sierra Bullones,4780.329403,24745
PH071241000,Sikatuna,1299.353226,6726
PH071242000,Tagbilaran City (Capital),20294.13555,105051
PH071243000,Talibon,12937.31581,66969
PH071244000,Trinidad,6173.376699,31956
PH071245000,Tubigon,8865.77722,45893
PH071246000,Ubay,14239.95316,73712
PH071247000,Valencia,5240.299672,27126
PH071248000,Bien Unido,5238.174652,27115
PH072201000,Alcantara,2928.664124,15160
PH072202000,Alcoy,3280.065182,16979
PH072203000,Alegria,4501.17903,23300
PH072204000,Aloguinsan,6201.195144,32100
PH072205000,Argao,13979.92797,72366
PH072206000,Asturias,9245.189907,47857
PH072207000,Badian,7323.978514,37912
PH072208000,Balamban,16841.171,87177
PH072209000,Bantayan,15277.73573,79084
PH072210000,Barili,14268.93071,73862
PH072211000,City of Bogo,15091.50669,78120
PH072212000,Boljoon,3157.393565,16344
PH072213000,Borbon,6863.042327,35526
PH072214000,City of Carcar,23117.12822,119664
PH072215000,Carmen,9915.150803,51325
PH072216000,Catmon,5886.498979,30471
PH072217000,Cebu City (Capital),178233.3599,922611
PH072218000,Compostela,9253.110437,47898
PH072219000,Consolacion,25409.05903,131528
PH072220000,Cordova,11535.38207,59712
PH072221000,Daanbantayan,16310.49551,84430
PH072222000,Dalaguete,13039.31678,67497
PH072223000,Danao City,26363.96581,136471
PH072224000,Dumanjug,9892.934683,51210
PH072225000,Ginatilan,3075.290514,15919
PH072226000,Lapu-Lapu City (Opon),78840.5655,408112
PH072227000,Liloan,22941.13791,118753
PH072228000,Madridejos,7037.487162,36429
PH072229000,Malabuyoc,3742.546839,19373
PH072230000,Mandaue City,70058.82317,362654
PH072231000,Medellin,10689.23769,55332
PH072232000,Minglanilla,25526.32151,132135
PH072233000,Moalboal,6013.807004,31130
PH072234000,City of Naga,22361.00741,115750
PH072235000,Oslob,5388.471531,27893
PH072236000,Pilar,2184.520707,11308
PH072237000,Pinamungahan,12741.42759,65955
PH072238000,Poro,4870.546167,25212
PH072239000,Ronda,3933.219101,20360
PH072240000,Samboan,4034.447333,20884
PH072241000,San Fernando,12804.21228,66280
PH072242000,San Francisco,10659.87377,55180
PH072243000,San Remigio,11119.07131,57557
PH072244000,Santa Fe,5525.631922,28603
PH072245000,Santander,3449.680426,17857
PH072246000,Sibonga,9308.747328,48186
PH072247000,Sogod,6782.291561,35108
PH072248000,Tabogon,7536.673712,39013
PH072249000,Tabuelan,4951.296933,25630
PH072250000,City of Talisay,43977.29186,227645
PH072251000,Toledo City,32905.93691,170335
PH072252000,Tuburan,12337.86695,63866
PH072253000,Tudela,2182.202503,11296
PH076101000,Enrique Villanueva,1179.192996,6104
PH076102000,Larena,2675.013993,13847
PH076103000,Lazi,3958.332975,20490
PH076104000,Maria,2671.343503,13828
PH076105000,San Juan,2869.549927,14854
PH076106000,Siquijor (Capital),5189.106005,26861
PH082601000,Arteche,3243.912193,16026
PH082602000,Balangiga,2851.023539,14085
PH082603000,Balangkayan,2049.457815,10125
PH082604000,City of Borongan (Capital),14026.79291,69297
PH082605000,Can-Avid,4253.763555,21015
PH082606000,Dolores,8676.74654,42866
PH082607000,General Macarthur,2945.146787,14550
PH082608000,Giporlos,2693.746628,13308
PH082609000,Guiuan,10726.20436,52991
PH082610000,Hernani,1735.308825,8573
PH082611000,Jipapad,1596.046901,7885
PH082612000,Lawaan,2579.179406,12742
PH082613000,Llorente,4078.471657,20149
PH082614000,Maslog,1094.461077,5407
PH082615000,Maydolong,2984.212995,14743
PH082616000,Mercedes,1228.662611,6070
PH082617000,Oras,7396.265538,36540
PH082618000,Quinapondan,2991.499956,14779
PH082619000,Salcedo,4560.828,22532
PH082620000,San Julian,2934.621176,14498
PH082621000,San Policarpo,2972.877722,14687
PH082622000,Sulat,3112.544477,15377
PH082623000,Taft,3828.690823,18915
PH083701000,Abuyog,12058.09892,59571
PH083702000,Alangalang,11180.42493,55235
PH083703000,Albuera,9378.318963,46332
PH083705000,Babatngon,5626.546064,27797
PH083706000,Barugo,6628.098387,32745
PH083707000,Bato,7763.852244,38356
PH083708000,City of Baybay,22150.74248,109432
PH083710000,Burauen,10673.77872,52732
PH083713000,Calubian,6321.033942,31228
PH083714000,Capoocan,6804.604778,33617
PH083715000,Carigara,10393.0283,51345
PH083717000,Dagami,7114.300626,35147
PH083718000,Dulag,9574.257251,47300
PH083719000,Hilongos,12839.42308,63431
PH083720000,Hindang,4235.343736,20924
PH083721000,Inopacan,4159.640307,20550
PH083722000,Isabel,9496.32725,46915
PH083723000,Jaro,8744.15093,43199
PH083724000,Javier (Bugho),5137.105175,25379
PH083725000,Julita,3059.309177,15114
PH083726000,Kananga,11451.66182,56575
PH083728000,La Paz,4047.906903,19998
PH083729000,Leyte,8225.967028,40639
PH083730000,Macarthur,4293.43701,21211
PH083731000,Mahaplag,5631.808869,27823
PH083733000,Matag-Ob,3718.981575,18373
PH083734000,Matalom,6704.206647,33121
PH083735000,Mayorga,3473.653883,17161
PH083736000,Merida,6044.736666,29863
PH083738000,Ormoc City,43525.62602,215031
PH083739000,Palo,14179.61668,70052
PH083740000,Palompon,11761.96491,58108
PH083741000,Pastrana,3643.885392,18002
PH083742000,San Isidro,6404.631579,31641
PH083743000,San Miguel,3930.910694,19420
PH083744000,Santa Fe,4137.172177,20439
PH083745000,Tabango,6921.600987,34195
PH083746000,Tabontabon,2267.864233,11204
PH083747000,Tacloban City (Capital),49002.58697,242089
PH083748000,Tanauan,11137.108,55021
PH083749000,Tolosa,4246.274178,20978
PH083750000,Tunga,1535.11981,7584
PH083751000,Villaba,8479.391343,41891
PH084801000,Allen,5155.322578,25469
PH084802000,Biri,2381.824209,11767
PH084803000,Bobon,4790.772106,23668
PH084804000,Capul,2566.427224,12679
PH084805000,Catarman (Capital),19034.55453,94037
PH084806000,Catubig,6684.774751,33025
PH084807000,Gamay,4758.992859,23511
PH084808000,Laoang,12420.01798,61359
PH084809000,Lapinig,2635.450939,13020
PH084810000,Las Navas,7681.064269,37947
PH084811000,Lavezares,5823.49643,28770
PH084812000,Mapanas,2838.878604,14025
PH084813000,Mondragon,7838.746011,38726
PH084814000,Palapag,6940.020806,34286
PH084815000,Pambujan,6692.264128,33062
PH084816000,Rosario,2129.411972,10520
PH084817000,San Antonio,1833.480384,9058
PH084818000,San Isidro,5394.375386,26650
PH084819000,San Jose,3554.620118,17561
PH084820000,San Roque,6189.868641,30580
PH084821000,San Vicente,1590.176849,7856
PH084822000,Silvino Lobos,3096.756061,15299
PH084823000,Victoria,2999.191748,14817
PH084824000,Lope De Vega,2972.877722,14687
PH086001000,Almagro,1810.000176,8942
PH086002000,Basey,11230.01675,55480
PH086003000,Calbayog City,37214.30803,183851
PH086004000,Calbiga,4651.915014,22982
PH086005000,City of Catbalogan (Capital),21026.72873,103879
PH086006000,Daram,8679.377942,42879
PH086007000,Gandara,6969.978313,34434
PH086008000,Hinabangan,2767.628317,13673
PH086009000,Jiabong,3712.706691,18342
PH086010000,Marabut,3433.373182,16962
PH086011000,Matuguinao,1475.204796,7288
PH086012000,Motiong,3067.810632,15156
PH086013000,Pinabacdao,3694.489289,18252
PH086014000,San Jose De Buan,1572.566693,7769
PH086015000,San Sebastian,1630.862382,8057
PH086016000,Santa Margarita,5333.245879,26348
PH086017000,Santa Rita,8418.666667,41591
PH086018000,Santo Niño,2603.671692,12863
PH086019000,Talalora,1630.862382,8057
PH086020000,Tarangnan,5058.770343,24992
PH086021000,Villareal,5714.192013,28230
PH086022000,Paranas (Wright),6185.213083,30557
PH086023000,Zumarraga,3298.361985,16295
PH086024000,Tagapul-An,1715.067266,8473
PH086025000,San Jorge,3478.309442,17184
PH086026000,Pagsanghan,1608.191836,7945
PH086401000,Anahawan,1662.034382,8211
PH086402000,Bontoc,5850.822534,28905
PH086403000,Hinunangan,6067.609627,29976
PH086404000,Hinundayan,2486.675483,12285
PH086405000,Libagon,3070.442035,15169
PH086406000,Liloan,4854.128185,23981
PH086407000,City of Maasin (Capital),17318.6776,85560
PH086408000,Macrohon,5312.194657,26244
PH086409000,Malitbog,4639.972494,22923
PH086410000,Padre Burgos,2244.991272,11091
PH086411000,Pintuyan,1988.935555,9826
PH086412000,Saint Bernard,5747.590585,28395
PH086413000,San Francisco,2712.773693,13402
PH086414000,San Juan (Cabalian),3007.490787,14858
PH086415000,San Ricardo,2124.149167,10494
PH086416000,Silago,2585.85912,12775
PH086417000,Sogod,9105.867584,44986
PH086418000,Tomas Oppus,3361.718064,16608
PH086419000,Limasawa,1226.840871,6061
PH087801000,Almeria,3431.14661,16951
PH087802000,Biliran,3417.179935,16882
PH087803000,Cabucgayan,4207.815216,20788
PH087804000,Caibiran,4559.208675,22524
PH087805000,Culaba,2494.772106,12325
PH087806000,Kawayan,4107.21467,20291
PH087807000,Maripipi,1449.093185,7159
PH087808000,Naval (Capital),11070.51327,54692
PH097201000,Dapitan City,15018.1284,82418
PH097202000,Dipolog City (Capital),23826.77876,130759
PH097203000,Katipunan,8304.996945,45577
PH097204000,La Libertad,1531.733206,8406
PH097205000,Labason,7536.032619,41357
PH097206000,Liloy,7254.50421,39812
PH097207000,Manukan,6655.732462,36526
PH097208000,Mutia,2309.626265,12675
PH097209000,Piñan (New Piñan),3673.717959,20161
PH097210000,Polanco,7169.772359,39347
PH097211000,Pres. Manuel A. Roxas,7165.399102,39323
PH097212000,Rizal,2554.893086,14021
PH097213000,Salug,5868.181794,32204
PH097214000,Sergio Osmeña Sr.,5506.659229,30220
PH097215000,Siayan,6371.470768,34966
PH097216000,Sibuco,6308.422982,34620
PH097217000,Sibutad,3215.254868,17645
PH097218000,Sindangan,18118.94972,99435
PH097219000,Siocon,8547.348261,46907
PH097220000,Sirawai,5247.725981,28799
PH097221000,Tampilisan,4429.198077,24307
PH097222000,Jose Dalman (Ponot),4990.614923,27388
PH097223000,Gutalac,6314.618429,34654
PH097224000,Baliguian,4115.963556,22588
PH097225000,Godod,3174.984461,17424
PH097226000,Bacungan (Leon T. Postigo),4777.965309,26221
PH097227000,Kalawit,4306.382447,23633
PH097302000,Aurora,9248.527107,50755
PH097303000,Bayog,6120.919595,33591
PH097305000,Dimataling,5481.330783,30081
PH097306000,Dinas,6469.504609,35504
PH097307000,Dumalinao,5833.377958,32013
PH097308000,Dumingag,8652.670864,47485
PH097311000,Kumalarang,5187.593699,28469
PH097312000,Labangan,7614.933461,41790
PH097313000,Lapuyan,4968.019763,27264
PH097315000,Mahayag,8476.100619,46516
PH097317000,Margosatubig,6901.181502,37873
PH097318000,Midsalip,5844.675539,32075
PH097319000,Molave,9476.48312,52006
PH097322000,Pagadian City (Capital),36272.52105,199060
PH097323000,Ramon Magsaysay (Liargo),4848.119638,26606
PH097324000,San Miguel,3499.516562,19205
PH097325000,San Pablo,4757.01012,26106
PH097327000,Tabina,4566.591229,25061
PH097328000,Tambulig,6589.040295,36160
PH097330000,Tukuran,7255.961962,39820
PH097332000,Zamboanga City,157036.1819,861799
PH097333000,Lakewood,3712.530613,20374
PH097337000,Josefina,2150.002391,11799
PH097338000,Pitogo,4930.300422,27057
PH097340000,Sominot (Don Mariano Marcos),3377.794247,18537
PH097341000,Vincenzo A. Sagun,4329.342046,23759
PH097343000,Guipos,3777.218371,20729
PH097344000,Tigbao,3822.773129,20979
PH098301000,Alicia,6562.254097,36013
PH098302000,Buug,6675.412118,36634
PH098303000,Diplahan,5908.998858,32428
PH098304000,Imelda,5105.412915,28018
PH098305000,Ipil (Capital),13603.74426,74656
PH098306000,Kabasalan,8078.863123,44336
PH098307000,Mabuhay,6718.41581,36870
PH098308000,Malangas,6082.471379,33380
PH098309000,Naga,7023.997131,38547
PH098310000,Olutanga,6135.497118,33671
PH098311000,Payao,5773.792334,31686
PH098312000,Roseller Lim,7953.131989,43646
PH098313000,Siay,7575.209711,41572
PH098314000,Talusan,5460.922251,29969
PH098315000,Titay,9051.366112,49673
PH098316000,Tungawan,7658.666029,42030
PH099701000,City of Isabela,20552.12049,112788
PH101301000,Baungon,6168.034504,34336
PH101302000,Damulog,5443.376676,30302
PH101303000,Dangcagan,4261.541313,23723
PH101304000,Don Carlos,12028.34991,66959
PH101305000,Impasug-Ong,8597.27293,47859
PH101306000,Kadingilan,6067.796758,33778
PH101307000,Kalilangan,7473.101217,41601
PH101308000,Kibawe,7115.802154,39612
PH101309000,Kitaotao,9028.582659,50260
PH101310000,Lantapan,11097.28855,61776
PH101311000,Libona,7898.482907,43969
PH101312000,City of Malaybalay (Capital),31369.20507,174625
PH101313000,Malitbog,4392.676716,24453
PH101314000,Manolo Fortich,18001.47768,100210
PH101315000,Maramag,18339.01661,102089
PH101316000,Pangantucan,9543.423843,53126
PH101317000,Quezon,18703.1419,104116
PH101318000,San Fernando,10084.49211,56138
PH101319000,Sumilao,4968.7743,27660
PH101320000,Talakag,12869.95177,71644
PH101321000,City of Valencia,34668.78737,192993
PH101322000,Cabanglasan,6107.137379,33997
PH101801000,Catarman,3017.551363,16798
PH101802000,Guinsiliban,1128.303376,6281
PH101803000,Mahinog,2521.751758,14038
PH101804000,Mambajao (Capital),6958.260034,38735
PH101805000,Sagay,2268.103555,12626
PH103501000,Bacolod,4137.77105,23034
PH103502000,Baloi,10487.77838,58383
PH103503000,Baroy,4059.808358,22600
PH103504000,Iligan City,61547.05399,342618
PH103505000,Kapatagan,11290.75817,62853
PH103506000,Sultan Naga Dimaporo (Karomatan),10196.94521,56764
PH103507000,Kauswagan,4720.515223,26278
PH103508000,Kolambugan,4851.111713,27005
PH103509000,Lala,12166.31153,67727
PH103510000,Linamon,3654.00716,20341
PH103511000,Magsaysay,3416.526335,19019
PH103512000,Maigo,3892.026898,21666
PH103513000,Matungao,2510.434593,13975
PH103514000,Munai,5923.18854,32973
PH103515000,Nunungan,3299.40266,18367
PH103516000,Pantao Ragat,5005.779633,27866
PH103517000,Poona Piagapo,4853.447001,27018
PH103518000,Salvador,5720.557397,31845
PH103519000,Sapad,3827.896297,21309
PH103520000,Tagoloan,2380.736291,13253
PH103521000,Tangcal,2727.077464,15181
PH103522000,Tubod (Capital),8472.604479,47165
PH103523000,Pantar,3911.248114,21773
PH104201000,Aloran,4962.486987,27625
PH104202000,Baliangao,3070.364799,17092
PH104203000,Bonifacio,5810.376166,32345
PH104204000,Calamba,3893.823273,21676
PH104205000,Clarin,6745.030276,37548
PH104206000,Concepcion,1964.695753,10937
PH104207000,Jimenez,4967.696475,27654
PH104208000,Lopez Jaena,4500.818514,25055
PH104209000,Oroquieta City (Capital),12710.61327,70757
PH104210000,Ozamis City,25477.63274,141828
PH104211000,Panaon,1833.919625,10209
PH104212000,Plaridel,6987.900227,38900
PH104213000,Sapang Dalaga,3589.696921,19983
PH104214000,Sinacaban,3303.713961,18391
PH104215000,Tangub City,11319.14091,63011
PH104216000,Tudela,5197.273249,28932
PH104217000,Don Victoriano Chiongbian (Don Mariano Marcos),1829.249049,10183
PH104301000,Alubijid,5339.546179,29724
PH104302000,Balingasag,12046.31366,67059
PH104303000,Balingoan,1985.174432,11051
PH104304000,Binuangan,1349.976098,7515
PH104305000,Cagayan De Oro City (Capital),121425.9938,675950
PH104306000,Claveria,8785.353432,48906
PH104307000,City of El Salvador,9018.522957,50204
PH104308000,Gingoog City,22391.45983,124648
PH104309000,Gitagum,2941.205409,16373
PH104310000,Initao,5814.867104,32370
PH104311000,Jasaan,9786.293794,54478
PH104312000,Kinoguitan,2585.163809,14391
PH104313000,Lagonglong,3890.769435,21659
PH104314000,Laguindingan,4384.054114,24405
PH104315000,Libertad,2219.242144,12354
PH104316000,Lugait,3549.278475,19758
PH104317000,Magsaysay (Linugos),6216.357002,34605
PH104318000,Manticao,5105.658104,28422
PH104319000,Medina,5911.332462,32907
PH104320000,Naawan,3810.651093,21213
PH104321000,Opol,11048.2475,61503
PH104322000,Salay,5156.495528,28705
PH104323000,Sugbongcogon,1657.335925,9226
PH104324000,Tagoloan,13140.4859,73150
PH104325000,Talisayan,4402.017868,24505
PH104326000,Villanueva,7073.76697,39378
PH112301000,Asuncion (Saug),11230.6726,59322
PH112303000,Carmen,14138.01624,74679
PH112305000,Kapalong,14451.33614,76334
PH112314000,New Corella,10382.91036,54844
PH112315000,City of Panabo,34947.75854,184599
PH112317000,Island Garden City of Samal,19712.27072,104123
PH112318000,Santo Tomas,22481.41283,118750
PH112319000,City of Tagum (Capital),49117.20143,259444
PH112322000,Talaingod,5202.814209,27482
PH112323000,Braulio E. Dujali,5699.203804,30104
PH112324000,San Isidro,5045.491648,26651
PH112401000,Bansalan,11442.32919,60440
PH112402000,Davao City,309153.2195,1632991
PH112403000,City of Digos (Capital),32069.00179,169393
PH112404000,Hagonoy,10092.30852,53309
PH112406000,Kiblawan,9257.041204,48897
PH112407000,Magsaysay,10199.65135,53876
PH112408000,Malalag,7332.442949,38731
PH112410000,Matanao,10744.69545,56755
PH112411000,Padada,5033.37535,26587
PH112412000,Santa Cruz,17225.4005,90987
PH112414000,Sulop,6363.517721,33613
PH112501000,Baganga,10647.38643,56241
PH112502000,Banaybanay,7784.153694,41117
PH112503000,Boston,2562.407769,13535
PH112504000,Caraga,7644.43763,40379
PH112505000,Cateel,7705.965707,40704
PH112506000,Governor Generoso,10433.07941,55109
PH112507000,Lupon,12454.22941,65785
PH112508000,Manay,8081.949588,42690
PH112509000,City of Mati (Capital),26720.41337,141141
PH112510000,San Isidro,6821.475932,36032
PH112511000,Tarragona,4964.842538,26225
PH118201000,Compostela,16560.32931,87474
PH118202000,Laak (San Vicente),13985.61593,73874
PH118203000,Mabini (Doña Alicia),7781.313937,41102
PH118204000,Maco,15387.13087,81277
PH118205000,Maragusan (San Mariano),11518.43469,60842
PH118206000,Mawab,7017.040559,37065
PH118207000,Monkayo,17967.71308,94908
PH118208000,Montevista,8274.295823,43706
PH118209000,Nabunturan (Capital),15568.30739,82234
PH118210000,New Bataan,9035.350809,47726
PH118211000,Pantukan,16262.15478,85899
PH118601000,Don Marcelino,8434.836775,44554
PH118602000,Jose Abad Santos (Trinidad),14450.95751,76332
PH118603000,Malita,22291.3384,117746
PH118604000,Santa Maria,10160.84133,53671
PH118605000,Sarangani,4550.995225,24039
PH124701000,Alamada,11605.4259,64596
PH124702000,Carmen,17233.32804,95921
PH124703000,Kabacan,16018.81508,89161
PH124704000,City of Kidapawan (Capital),25187.66927,140195
PH124705000,Libungan,8761.740824,48768
PH124706000,Magpet,8839.534332,49201
PH124707000,Makilala,15064.81155,83851
PH124708000,Matalam,14258.13061,79361
PH124709000,Midsayap,27251.80231,151684
PH124710000,M'Lang,17080.43595,95070
PH124711000,Pigkawayan,12000.6816,66796
PH124712000,Pikit,27747.12957,154441
PH124713000,President Roxas,8547.40444,47575
PH124714000,Tulunan,10153.22054,56513
PH124715000,Antipas,4546.159158,25304
PH124716000,Banisilan,7847.08321,43677
PH124717000,Aleosan,7079.568512,39405
PH124718000,Arakan,8664.723517,48228
PH126302000,Banga,15089.60487,83989
PH126303000,General Santos City (Dadiangas),106799.1672,594446
PH126306000,City of Koronadal (Capital),31430.37367,174942
PH126311000,Norala,8379.780092,46642
PH126312000,Polomolok,27414.39613,152589
PH126313000,Surallah,15188.41879,84539
PH126314000,Tampakan,7101.127914,39525
PH126315000,Tantangan,7769.469364,43245
PH126316000,T'Boli,16430.59965,91453
PH126317000,Tupi,12572.00574,69976
PH126318000,Santo Niño,7356.606823,40947
PH126319000,Lake Sebu,15709.97665,87442
PH126501000,Bagumbayan,12048.29194,67061
PH126502000,Columbio,5975.188163,33258
PH126503000,Esperanza,11874.73876,66095
PH126504000,Isulan (Capital),16292.08049,90682
PH126505000,Kalamansig,8814.022373,49059
PH126506000,Lebak,15966.1742,88868
PH126507000,Lutayan,11323.89605,63029
PH126508000,Lambayong (Mariano Marcos),13836.28498,77013
PH126509000,Palimbang,16245.72778,90424
PH126510000,President Quirino,7439.430858,41408
PH126511000,City of Tacurong,17663.61776,98316
PH126512000,Sen. Ninoy Aquino,8422.898895,46882
PH128001000,Alabel (Capital),14437.43297,80359
PH128002000,Glan,21247.3293,118263
PH128003000,Kiamba,10969.78288,61058
PH128004000,Maasim,10684.1208,59468
PH128005000,Maitum,8012.012633,44595
PH128006000,Malapatan,13818.49848,76914
PH128007000,Malungon,18613.66872,103604
PH129804000,Cotabato City,53797.53422,299438
PH133901000,Tondo I / II,111758.6916,631363
PH133902000,Binondo,3193.292601,18040
PH133903000,Quiapo,5040.941613,28478
PH133904000,San Nicolas,7623.720567,43069
PH133905000,Santa Cruz,23399.71889,132193
PH133906000,Sampaloc,66400.48377,375119
PH133907000,San Miguel,3091.333813,17464
PH133908000,Ermita,1862.695013,10523
PH133909000,Intramuros,1050.564944,5935
PH133910000,Malate,15257.70782,86196
PH133911000,Paco,14597.45386,82466
PH133912000,Pandacan,15471.71507,87405
PH133913000,Port Area,11814.12055,66742
PH133914000,Santa Ana,34544.7349,195155
PH137401000,City of Mandaluyong,68375.40425,386276
PH137402000,City of Marikina,79786.46897,450741
PH137403000,City of Pasig,133697.0012,755300
PH137404000,Quezon City,519727.1341,2936116
PH137405000,City of San Juan,21627.29989,122180
PH137501000,Caloocan City,280382.7731,1583978
PH137502000,City of Malabon,64702.2327,365525
PH137503000,City of Navotas,44157.89092,249463
PH137504000,City of Valenzuela,109822.0057,620422
PH137601000,City of Las Piñas,104241.1781,588894
PH137602000,City of Makati,103127.42,582602
PH137603000,City of Muntinlupa,89304.03863,504509
PH137604000,City of Parañaque,117858.3407,665822
PH137605000,Pasay City,73729.3027,416522
PH137606000,Pateros,11300.43235,63840
PH137607000,Taguig City,142479.4409,804915
PH140101000,Bangued (Capital),8908.872274,48163
PH140102000,Boliney,660.9098402,3573
PH140103000,Bucay,3165.819176,17115
PH140104000,Bucloc,462.6183908,2501
PH140105000,Daguioman,386.2243902,2088
PH140106000,Danglas,775.4083544,4192
PH140107000,Dolores,2092.973647,11315
PH140108000,La Paz,2855.433866,15437
PH140109000,Lacub,629.4643678,3403
PH140110000,Lagangilang,2636.795346,14255
PH140111000,Lagayan,832.195178,4499
PH140112000,Langiden,591.5448276,3198
PH140113000,Licuan-Baay (Licuan),867.3401177,4689
PH140114000,Luba,1172.546173,6339
PH140115000,Malibcong,634.088702,3428
PH140116000,Manabo,1990.498402,10761
PH140117000,Peñarrubia,1228.223157,6640
PH140118000,Pidigan,2253.900477,12185
PH140119000,Pilar,1890.982731,10223
PH140120000,Sallapadan,1224.893636,6622
PH140121000,San Isidro,846.0681805,4574
PH140122000,San Juan,1825.132212,9867
PH140123000,San Quintin,1005.88517,5438
PH140124000,Tayum,2676.0097,14467
PH140125000,Tineg,942.8092515,5097
PH140126000,Tubo,1054.163218,5699
PH140127000,Villaviciosa,997.3763947,5392
PH141101000,Atok,3638.056182,19668
PH141102000,Baguio City,63883.51186,345366
PH141103000,Bakun,2840.635997,15357
PH141104000,Bokod,2544.493636,13756
PH141105000,Buguias,8069.833081,43627
PH141106000,Itogon,11065.10681,59820
PH141107000,Kabayan,2822.69358,15260
PH141108000,Kapangan,3581.269358,19361
PH141109000,Kibungan,3198.559462,17292
PH141110000,La Trinidad (Capital),23886.1658,129133
PH141111000,Mankayan,6650.347463,35953
PH141112000,Sablan,2119.239865,11457
PH141113000,Tuba,8813.61099,47648
PH141114000,Tublay,3309.543482,17892
PH142701000,Banaue,4039.263415,21837
PH142702000,Hungduan,1738.74965,9400
PH142703000,Kiangan,3153.42596,17048
PH142704000,Lagawe (Capital),3576.090104,19333
PH142705000,Lamut,4675.941744,25279
PH142706000,Mayoyao,3205.773423,17331
PH142707000,Alfonso Lista (Potia),5941.159574,32119
PH142708000,Aguinaldo,3589.963106,19408
PH142709000,Hingyon,1706.749257,9227
PH142710000,Tinoc,3062.973984,16559
PH142711000,Asipulo,2822.878553,15261
PH143201000,Balbalan,2255.75021,12195
PH143206000,Lubuagan,1615.372414,8733
PH143208000,Pasil,1783.883151,9644
PH143209000,Pinukpuk,5923.957051,32026
PH143211000,Rizal (Liwan),3151.576227,17038
PH143213000,City of Tabuk (Capital),20465.82327,110642
PH143214000,Tanudan,1763.536081,9534
PH143215000,Tinglayan,2380.237286,12868
PH144401000,Barlig,891.3866555,4819
PH144402000,Bauko,5746.197645,31065
PH144403000,Besao,1302.212504,7040
PH144404000,Bontoc (Capital),4558.298682,24643
PH144405000,Natonin,1900.046426,10272
PH144406000,Paracelis,5201.636053,28121
PH144407000,Sabangan,1723.026913,9315
PH144408000,Sadanga,1627.580656,8799
PH144409000,Sagada,2058.198654,11127
PH144410000,Tadian,3586.448612,19389
PH148101000,Calanasan (Bayag),2331.404317,12604
PH148102000,Conner,4818.741183,26051
PH148103000,Flora,3216.871825,17391
PH148104000,Kabugao (Capital),2873.931203,15537
PH148105000,Luna,3526.147295,19063
PH148106000,Pudtol,2760.727502,14925
PH148107000,Santa Marcela,2518.042445,13613
PH150702000,City of Lamitan,13482.10381,74782
PH150703000,Lantawan,4433.939464,24594
PH150704000,Maluso,7327.880925,40646
PH150705000,Sumisip,7523.310313,41730
PH150706000,Tipo-Tipo,3454.809383,19163
PH150707000,Tuburan,3643.027354,20207
PH150708000,Akbar,3160.583587,17531
PH150709000,Al-Barka,3768.866573,20905
PH150710000,Hadji Mohammad Ajul,3480.770482,19307
PH150711000,Ungkaya Pukan,3324.643314,18441
PH150712000,Hadji Muhtamad,4522.459602,25085
PH150713000,Tabuan-Lasa,4360.743586,24188
PH153601000,Bacolod-Kalawi (Bacolod Grande),3757.328307,20841
PH153602000,Balabagan,4835.07451,26819
PH153603000,Balindong (Watu),5260.728371,29180
PH153604000,Bayang,4320.539939,23965
PH153605000,Binidayan,3980.521649,22079
PH153606000,Bubong,4026.855,22336
PH153607000,Butig,3479.869055,19302
PH153609000,Ganassi,4149.449081,23016
PH153610000,Kapai,3406.312606,18894
PH153611000,Lumba-Bayabao (Maguing),6517.49799,36151
PH153612000,Lumbatan,3444.352829,19105
PH153613000,Madalum,4169.460762,23127
PH153614000,Madamba,3201.147805,17756
PH153615000,Malabang,7924.805929,43957
PH153616000,Marantao,5944.731231,32974
PH153617000,Marawi City (Capital),36378.8922,201785
PH153618000,Masiu,5260.00723,29176
PH153619000,Mulondo,2896.645742,16067
PH153620000,Pagayawan (Tatarikan),2368.77005,13139
PH153621000,Piagapo,4586.460924,25440
PH153622000,Poona Bayabao (Gata),4007.20389,22227
PH153623000,Pualas,2319.552133,12866
PH153624000,Ditsaan-Ramain,4020.18444,22299
PH153625000,Saguiaran,4438.4466,24619
PH153626000,Tamparan,4664.704794,25874
PH153627000,Taraka,4262.668321,23644
PH153628000,Tubaran,2659.029566,14749
PH153629000,Tugaya,4293.316842,23814
PH153630000,Wao,8268.249643,45862
PH153631000,Marogong,3843.504734,21319
PH153632000,Calanogas,2478.924438,13750
PH153633000,Buadiposo-Buntong,2908.003723,16130
PH153634000,Maguing,4422.581483,24531
PH153635000,Picong (Sultan Gumander),2995.442148,16615
PH153636000,Lumbayanague,2951.632793,16372
PH153637000,Bumbaran,1875.148588,10401
PH153638000,Tagoloan II,2013.607785,11169
PH153639000,Kapatagan,2798.209906,15521
PH153640000,Sultan Dumalondong,2036.864604,11298
PH153641000,Lumbaca-Unayan,1308.872103,7260
PH153801000,Ampatuan,4471.258545,24801
PH153802000,Buldon,6360.829966,35282
PH153803000,Buluan,9015.712968,50008
PH153805000,Datu Paglas,5117.762038,28387
PH153806000,Datu Piang,4615.30659,25600
PH153807000,Datu Odin Sinsuat (Dinaig),17886.11589,99210
PH153808000,Shariff Aguak (Maganoy) (Capital),5713.605331,31692
PH153809000,Matanog,5367.096765,29770
PH153810000,Pagalungan,7148.857509,39653
PH153811000,Parang,16080.37719,89194
PH153812000,Sultan Kudarat (Nuling),17163.35167,95201
PH153813000,Sultan Sa Barongis (Lambayong),4042.900402,22425
PH153814000,Kabuntalan (Tumbao),3114.610807,17276
PH153815000,Upi,9660.233322,53583
PH153816000,Talayan,5414.331544,30032
PH153817000,South Upi,7243.507351,40178
PH153818000,Barira,5409.283552,30004
PH153819000,Gen. S.K. Pendatun,5066.560981,28103
PH153820000,Mamasapano,4471.078259,24800
PH153821000,Talitay,2679.582104,14863
PH153822000,Pagagawan,6277.538105,34820
PH153823000,Paglat,2870.143786,15920
PH153824000,Sultan Mastura,4013.333594,22261
PH153825000,Guindulungan,3589.662872,19911
PH153826000,Datu Saudi-Ampatuan,4764.402628,26427
PH153827000,Datu Unsay,2129.711592,11813
PH153828000,Datu Abdullah Sangki,4304.855108,23878
PH153829000,Rajah Buayan,4264.110605,23652
PH153830000,Datu Blah T. Sinsuat,4511.462192,25024
PH153831000,Datu Anggal Midtimbang,4510.019909,25016
PH153832000,Mangudadatu,4515.428471,25046
PH153833000,Pandag,4517.411611,25057
PH153834000,Northern Kabuntalan,4548.961558,25232
PH153835000,Datu Hoffer Ampatuan,4509.298767,25012
PH153836000,Datu Salibo,2694.726078,14947
PH153837000,Shariff Saydona Mustapha,3579.566889,19855
PH156601000,Indanan,14582.02512,80883
PH156602000,Jolo (Capital),22637.35768,125564
PH156603000,Kalingalan Caluang,5691.069654,31567
PH156604000,Luuk,5798.339475,32162
PH156605000,Maimbung,6835.341175,37914
PH156606000,Hadji Panglima Tahil (Marunggas),1149.319512,6375
PH156607000,Old Panamao,7391.34139,40998
PH156608000,Pangutaran,5519.077369,30613
PH156609000,Parang,11208.70474,62172
PH156610000,Pata,3995.665624,22163
PH156611000,Patikul,11229.43756,62287
PH156612000,Siasi,12206.22393,67705
PH156613000,Talipao,14468.80588,80255
PH156614000,Tapul,3280.653673,18197
PH156615000,Tongkil,4355.87588,24161
PH156616000,Panglima Estino (New Panamao),5195.284766,28817
PH156617000,Lugus,3947.709704,21897
PH156618000,Pandami,4666.687933,25885
PH156619000,Omar,4528.04845,25116
PH157001000,Panglima Sugala (Balimbing),7965.730718,44184
PH157002000,Bongao (Capital),18123.55178,100527
PH157003000,Mapun (Cagayan De Tawi-Tawi),4795.051148,26597
PH157004000,Simunul,5629.051472,31223
PH157005000,Sitangkai,6009.63398,33334
PH157006000,South Ubian,4675.702204,25935
PH157007000,Tandubas,5298.588308,29390
PH157008000,Turtle Islands,852.2091505,4727
PH157009000,Languyan,6038.479646,33494
PH157010000,Sapa-Sapa,5573.884135,30917
PH157011000,Sibutu,5478.332866,30387
PH160201000,Buenavista,12197.15434,61614
PH160202000,Butuan City (Capital),66725.24806,337063
PH160203000,City of Cabadbaran,14577.6325,73639
PH160204000,Carmen,4125.304303,20839
PH160205000,Jabonga,4589.522288,23184
PH160206000,Kitcharao,3693.749844,18659
PH160207000,Las Nieves,5624.857069,28414
PH160208000,Magallanes,4158.561711,21007
PH160209000,Nasipit,8305.839658,41957
PH160210000,Santiago,4790.650421,24200
PH160211000,Tubay,4935.557699,24932
PH160212000,Remedios T. Romualdez,3178.853904,16058
PH160301000,City of Bayugan,20429.94648,103202
PH160302000,Bunawan,8938.12633,45151
PH160303000,Esperanza,10848.44768,54801
PH160304000,La Paz,5585.858799,28217
PH160305000,Loreto,8413.530313,42501
PH160306000,Prosperidad (Capital),16357.69566,82631
PH160307000,Rosario,9241.402216,46683
PH160308000,San Francisco,14756.39106,74542
PH160309000,San Luis,6356.322082,32109
PH160310000,Santa Josefa,5291.293187,26729
PH160311000,Talacogon,7596.546251,38374
PH160312000,Trento,10207.84665,51565
PH160313000,Veruela,8652.07303,43706
PH160314000,Sibagat,6026.321493,30442
PH166701000,Alegria,3169.549748,16011
PH166702000,Bacuag,2867.659587,14486
PH166704000,Burgos,798.5737108,4034
PH166706000,Claver,6487.768027,32773
PH166707000,Dapa,4708.892627,23787
PH166708000,Del Carmen,3640.89432,18392
PH166710000,General Luna,3319.999926,16771
PH166711000,Gigaquit,4130.253322,20864
PH166714000,Mainit,5293.668716,26741
PH166715000,Malimono,3573.983583,18054
PH166716000,Pilar,1930.513343,9752
PH166717000,Placer,5363.548864,27094
PH166718000,San Benito,1069.779954,5404
PH166719000,San Francisco (Anao-Aon),2880.724997,14552
PH166720000,San Isidro,1450.062576,7325
PH166721000,Santa Monica (Sapao),1743.638385,8808
PH166722000,Sison,2604.173814,13155
PH166723000,Socorro,4417.296426,22314
PH166724000,Surigao City (Capital),30513.07785,154137
PH166725000,Tagana-An,3252.099385,16428
PH166727000,Tubod,2812.230574,14206
PH166801000,Barobo,9844.588655,49730
PH166802000,Bayabas,1616.151655,8164
PH166803000,City of Bislig,18714.22056,94535
PH166804000,Cagwait,4035.232157,20384
PH166805000,Cantilan,6234.180292,31492
PH166806000,Carmen,2048.299996,10347
PH166807000,Carrascal,4449.959951,22479
PH166808000,Cortes,3149.951632,15912
PH166809000,Hinatuan,7887.152648,39842
PH166810000,Lanuza,2375.727095,12001
PH166811000,Lianga,5838.456731,29493
PH166812000,Lingig,6232.794567,31485
PH166813000,Madrid,3013.556668,15223
PH166814000,Marihatag,3665.837376,18518
PH166815000,San Agustin,4509.34818,22779
PH166816000,San Miguel,7787.776346,39340
PH166817000,Tagbina,7687.41024,38833
PH166818000,Tago,6993.755733,35329
PH166819000,City of Tandag (Capital),11157.86035,56364
PH168501000,Basilisa (Rizal),7300.792874,36880
PH168502000,Cagdianao,3327.324475,16808
PH168503000,Dinagat,2104.718813,10632
PH168504000,Libjo (Albor),3515.783119,17760
PH168505000,Loreto,1842.816726,9309
PH168506000,San Jose (Capital),5441.347444,27487
PH168507000,Tubajon,1638.32326,8276
PH174001000,Boac (Capital),10950.25184,54730
PH174002000,Buenavista,4799.463568,23988
PH174003000,Gasan,6968.3057,34828
PH174004000,Mogpog,6811.244716,34043
PH174005000,Santa Cruz,11285.9822,56408
PH174006000,Torrijos,6107.171333,30524
PH175101000,Abra de Ilog,6263.632085,31306
PH175102000,Calintaan,5967.517107,29826
PH175103000,Looc,2024.185964,10117
PH175104000,Lubang,3762.060758,18803
PH175105000,Magsaysay,7205.997993,36016
PH175106000,Mamburao (Capital),8598.33862,42975
PH175107000,Paluan,3206.244942,16025
PH175108000,Rizal,7655.572557,38263
PH175109000,Sablayan,16640.26119,83169
PH175110000,San Jose,28697.14272,143430
PH175111000,Santa Cruz,7499.712038,37484
PH175201000,Baco,7445.89114,37215
PH175202000,Bansud,8201.584566,40992
PH175203000,Bongabong,14420.19917,72073
PH175204000,Bulalacao (San Pedro),7824.438125,39107
PH175205000,City of Calapan (Capital),26789.00181,133893
PH175206000,Gloria,9018.101609,45073
PH175207000,Mansalay,10910.83653,54533
PH175208000,Naujan,20607.60166,102998
PH175209000,Pinamalayan,17241.09449,86172
PH175210000,Pola,6942.895834,34701
PH175211000,Puerto Galera,7324.043829,36606
PH175212000,Roxas,10644.33305,53201
PH175213000,San Teodoro,3582.190917,17904
PH175214000,Socorro,7822.837504,39099
PH175215000,Victoria,10102.3226,50492
PH175301000,Aborlan,7020.926132,35091
PH175302000,Agutaya,2509.97459,12545
PH175303000,Araceli,2982.958243,14909
PH175304000,Balabac,8031.518532,40142
PH175305000,Bataraza,15099.46292,75468
PH175306000,Brooke'S Point,13279.95643,66374
PH175307000,Busuanga,4410.912699,22046
PH175308000,Cagayancillo,1257.488266,6285
PH175309000,Coron,10364.62445,51803
PH175310000,Cuyo,4473.737093,22360
PH175311000,Dumaran,4748.643835,23734
PH175312000,El Nido (Bacuit),8324.432266,41606
PH175313000,Linapacan,3134.817208,15668
PH175314000,Magsaysay,2440.147477,12196
PH175315000,Narra,14648.08766,73212
PH175316000,Puerto Princesa City (Capital),51043.01932,255116
PH175317000,Quezon,12200.73738,60980
PH175318000,Roxas,13076.6775,65358
PH175319000,San Vicente,6248.826336,31232
PH175320000,Taytay,15038.83938,75165
PH175321000,Kalayaan,36.8142945,184
PH175322000,Culion,4029.364549,20139
PH175323000,Rizal (Marcos),10023.09183,50096
PH175324000,Sofronio Española,6577.754054,32876
PH175901000,Alcantara,3271.470268,16351
PH175902000,Banton,1107.630078,5536
PH175903000,Cajidiocan,4373.898326,21861
PH175904000,Calatrava,2055.798239,10275
PH175905000,Concepcion,807.7136244,4037
PH175906000,Corcuera,2057.398861,10283
PH175907000,Looc,4454.129479,22262
PH175908000,Magdiwang,2829.498657,14142
PH175909000,Odiongan,9076.924449,45367
PH175910000,Romblon (Capital),7754.611012,38758
PH175911000,San Agustin,4521.355582,22598
PH175912000,San Andres,3119.01107,15589
PH175913000,San Fernando,4656.007866,23271
PH175914000,San Jose,2177.045318,10881
PH175915000,Santa Fe,3220.850613,16098
PH175916000,Ferrol,1393.341016,6964
PH175917000,Santa Maria (Imelda),1702.260965,8508
PH184501000,Bacolod City (Capital),110662.6246,561875
PH184502000,Bago City,33675.11674,170981
PH184503000,Binalbagan,13248.98733,67270
PH184504000,Cadiz City,30473.06477,154723
PH184505000,Calatrava,15879.08956,80624
PH184506000,Candoni,4291.395644,21789
PH184507000,Cauayan,20121.64101,102165
PH184508000,Enrique B. Magalona (Saravia),12392.44138,62921
PH184509000,City of Escalante,18527.31141,94070
PH184510000,City of Himamaylan,21050.27153,106880
PH184511000,Hinigaran,16859.51856,85602
PH184512000,Hinoba-An (Asia),11190.6379,56819
PH184513000,Ilog,11302.90076,57389
PH184514000,Isabela,12239.80328,62146
PH184515000,City of Kabankalan,35840.80523,181977
PH184516000,La Carlota City,12697.32369,64469
PH184517000,La Castellana,14742.87122,74855
PH184518000,Manapla,10801.85388,54845
PH184519000,Moises Padilla (Magallon),8151.071647,41386
PH184520000,Murcia,16009.47204,81286
PH184521000,Pontevedra,10215.1327,51866
PH184522000,Pulupandan,5462.47456,27735
PH184523000,Sagay City,28807.04449,146264
PH184524000,San Carlos City,26103.28207,132536
PH184525000,San Enrique,4708.540808,23907
PH184526000,Silay City,24999.16697,126930
PH184527000,City of Sipalay,13800.45403,70070
PH184528000,City of Talisay,20131.29168,102214
PH184529000,Toboso,8294.452988,42114
PH184530000,Valladolid,7451.299803,37833
PH184531000,City of Victorias,17318.61458,87933
PH184532000,Salvador Benedicto,5054.192254,25662
PH184601000,Amlan (Ayuquitan),4652.803281,23624
PH184602000,Ayungon,9119.486553,46303
PH184603000,Bacong,7194.07998,36527
PH184604000,Bais City,15025.69485,76291
PH184605000,Basay,5232.237215,26566
PH184606000,City of Bayawan (Tulong),23220.68688,117900
PH184607000,Bindoy (Payabon),7842.447251,39819
PH184608000,Canlaon City,10735.67787,54509
PH184609000,Dauin,5472.519132,27786
PH184610000,Dumaguete City (Capital),25875.01425,131377
PH184611000,City of Guihulngan,18901.324,95969
PH184612000,Jimalalud,6094.691735,30945
PH184613000,La Libertad,7602.756191,38602
PH184614000,Mabinay,15532.45335,78864
PH184615000,Manjuyod,8337.388609,42332
PH184616000,Pamplona,7404.622086,37596
PH184617000,San Jose,4020.389154,20413
PH184618000,Santa Catalina,14920.32532,75756
PH184619000,Siaton,15302.41296,77696
PH184620000,Sibulan,11709.8044,59455
PH184621000,City of Tanjay,15860.96994,80532
PH184622000,Tayasan,6985.901303,35470
PH184623000,Valencia (Luzurriaga),6864.184726,34852
PH184624000,Vallehermoso,7535.201521,38259
PH184625000,Zamboanguita,5426.432272,27552
