Mun_Code,Mun_Name,landslide_per,stormsurge_per,Bu_p_inSSA,Bu_p_LS,Red_per_LSbldg,Or_per_LSblg,Yel_per_LSSAb,RED_per_SSAbldg,OR_per_SSAbldg,Yellow_per_LSbl
PH012801000,ADAMS,4.08,0,0,4.08,4.08,0,0,0,0,0
PH012802000,BACARRA,1.41,1.54,1.54,1.41,0,0,1.41,1.48,0.03,0.03
PH012803000,BADOC,2.45,1.68,1.68,2.45,0.04,0,2.4,1.64,0,0.04
PH012804000,BANGUI,2.88,1.51,1.51,2.88,0.41,0,2.47,1.44,0,0.07
PH012805000,CITY OF BATAC,0.03,0.03,0.03,0.03,0.03,0,0,0,0,0.03
PH012806000,BURGOS,2.44,1.38,1.38,2.44,0.15,0,2.29,1.35,0,0.04
PH012807000,CARASI,3.65,0.17,0.17,3.65,3.65,0,0,0,0,0.17
PH012808000,CURRIMAO,2.54,2.04,2.04,2.54,0,0,2.54,1.99,0,0.05
PH012809000,DINGRAS,0.08,0,0,0.08,0.08,0,0,0,0,0
PH012810000,DUMALNEG,2.83,0,0,2.83,2.83,0,0,0,0,0
PH012811000,BANNA (ESPIRITU),0.02,0.02,0.02,0.02,0.02,0,0,0,0,0.02
PH012812000,LAOAG CITY (Capital),1.61,2.66,2.66,1.61,0,0,1.61,2.65,0.01,0
PH012813000,MARCOS,0.06,0,0,0.06,0.06,0,0,0,0,0
PH012814000,NUEVA ERA,3.21,0,0,3.21,3.16,0,0.05,0,0,0
PH012815000,PAGUDPUD,2.48,15.96,15.9,2.48,0.7,0,1.78,15.93,0,0.03
PH012816000,PAOAY,0.88,1.01,1.01,0.88,0,0,0.88,1.01,0,0
PH012817000,PASUQUIN,3.16,9.6,9.6,3.16,0.13,0,3.04,9.57,0.02,0.02
PH012818000,PIDDIG,0.03,0.02,0.02,0.02,0.03,0,0,0,0,0.02
PH012819000,PINILI,1.11,0.08,0.08,1.11,0.04,0,1.07,0,0,0.08
PH012820000,SAN NICOLAS,0,0,0,0,0,0,0,0,0,0
PH012821000,SARRAT,0.14,0,0,0.14,0.14,0,0,0,0,0
PH012822000,SOLSONA,0.07,0,0,0.07,0.07,0,0,0,0,0
PH012823000,VINTAR,1.08,0,0,1.08,1.08,0,0,0,0,0
PH012901000,ALILEM,4.76,0.05,0.05,4.76,4.76,0,0,0,0,0.05
PH012902000,BANAYOYO,0,0.08,0.08,0,0,0,0,0,0,0.08
PH012903000,BANTAY,1.94,0.02,0.02,1.94,0.23,0,1.71,0.02,0,0
PH012904000,BURGOS,0.05,0,0,0.05,0.05,0,0,0,0,0
PH012905000,CABUGAO,0.9,0.35,0.35,0.9,0,0,0.9,0.35,0,0
PH012906000,CITY OF CANDON,1.32,30.03,30,1.32,0,0,1.32,29.96,0.05,0.02
PH012907000,CAOAYAN,2.84,47.22,47.2,2.84,0,0,2.84,47.22,0,0
PH012908000,CERVANTES,1.66,0.1,0.1,1.66,1.66,0,0,0,0,0.1
PH012909000,GALIMUYOD,0.1,0,0,0.1,0.05,0.05,0,0,0,0
PH012910000,GREGORIO DEL PILAR (CONCEPCION),8.29,0,0,8.29,8.29,0,0,0,0,0
PH012911000,LIDLIDDA,0.44,0.11,0.11,0.44,0.44,0,0,0,0,0.11
PH012912000,MAGSINGAL,2.65,7.91,7.91,2.65,0.08,0,2.57,7.66,0.23,0.02
PH012913000,NAGBUKEL,0,0.1,0.1,0,0,0,0,0,0,0.1
PH012914000,NARVACAN,1.26,20.74,20.7,1.26,0.01,0,1.24,20.73,0,0.01
PH012915000,QUIRINO (ANGKAKI),1.33,0.14,0.14,1.33,1.33,0,0,0,0,0.14
PH012916000,SALCEDO (BAUGEN),1.05,0.04,0.04,1.05,1.05,0,0,0,0,0.04
PH012917000,SAN EMILIO,0.68,0.14,0.14,0.68,0.63,0.05,0,0,0,0.14
PH012918000,SAN ESTEBAN,2.34,3.44,3.44,2.34,0,0,2.34,3.44,0,0
PH012919000,SAN ILDEFONSO,4.48,0.17,0.17,4.48,0,0,4.48,0.17,0,0
PH012920000,SAN JUAN (LAPOG),0.79,4.07,4.07,0.79,0,0,0.79,4.04,0,0.03
PH012921000,SAN VICENTE,2.9,24.91,24.9,2.9,0,0,2.9,24.7,0.21,0
PH012922000,SANTA,4.56,7.94,7.94,4.56,1.31,0,3.25,7.9,0.04,0
PH012923000,SANTA CATALINA,1.34,59.1,59.1,1.34,0,0,1.34,58.79,0.31,0
PH012924000,SANTA CRUZ,2.72,11.39,11.3,2.72,0,0,2.72,11.36,0,0.03
PH012925000,SANTA LUCIA,0.86,27.16,27.1,0.86,0,0,0.86,27.14,0,0.02
PH012926000,SANTA MARIA,4.96,7.99,7.99,4.96,0,0,4.96,7.94,0.04,0.02
PH012927000,SANTIAGO,1.87,2.41,2.41,1.87,0,0,1.87,2.38,0,0.03
PH012928000,SANTO DOMINGO,2.93,0.37,0.37,2.93,0,0,2.93,0.35,0.03,0
PH012929000,SIGAY,3.02,0.18,0.18,3.02,3.02,0,0,0,0,0.18
PH012930000,SINAIT,2.1,5.07,5.07,2.1,0.04,0,2.06,4.99,0,0.09
PH012931000,SUGPON,1.17,0,0,1.17,1.17,0,0,0,0,0
PH012932000,SUYO,5.12,0.09,0.09,5.12,5.08,0.04,0,0,0,0.09
PH012933000,TAGUDIN,1.85,16.44,16.4,1.85,0.02,0,1.83,16.42,0.02,0
PH012934000,CITY OF VIGAN (Capital),4.1,14.77,14.7,4.1,0,0,4.1,14.77,0,0
PH013301000,AGOO,0,0,0,0,0,0,0,0,0,0
PH013302000,ARINGAY,0.07,0.02,0.02,0.07,0.02,0,0.05,0,0,0.02
PH013303000,BACNOTAN,2.46,8.35,8.35,2.46,0.06,0,2.4,8.29,0.04,0.01
PH013304000,BAGULIN,1.93,0.07,0.07,1.93,1.72,0.04,0.18,0,0,0.07
PH013305000,BALAOAN,0.13,0.85,0.85,0.13,0,0,0.13,0.83,0,0.02
PH013306000,BANGAR,2.4,10.87,10.8,2.4,0,0,2.4,10.64,0.2,0.02
PH013307000,BAUANG,2.79,23.31,23.3,2.79,0.02,0,2.76,23.29,0,0.02
PH013308000,BURGOS,2.08,0,0,2.08,1.04,0.12,0.92,0,0,0
PH013309000,CABA,1.61,5.26,5.26,1.61,0.09,0,1.52,5.21,0,0.05
PH013310000,LUNA,6.13,1.58,1.58,6.13,0,0,6.13,1.58,0,0
PH013311000,NAGUILIAN,0.19,0.03,0.03,0.19,0.16,0.02,0.02,0,0,0.03
PH013312000,PUGO,0,0,0,0,0,0,0,0,0,0
PH013313000,ROSARIO,0.1,0,0,0.1,0,0,0.1,0,0,0
PH013314000,CITY OF SAN FERNANDO (Capital),3.58,9.19,9.19,3.58,0.03,0,3.54,9.15,0.01,0.03
PH013315000,SAN GABRIEL,1.34,0.18,0.18,1.34,1.29,0.06,0,0,0,0.18
PH013316000,SAN JUAN,2.6,7.44,7.44,2.6,0.06,0,2.54,7.4,0,0.04
PH013317000,SANTO TOMAS,0,0,0,0,0,0,0,0,0,0
PH013318000,SANTOL,0.82,0.09,0.09,0.82,0.74,0.09,0,0,0,0.09
PH013319000,SUDIPEN,2.32,0.04,0.04,2.32,0.64,0,1.68,0,0,0.04
PH013320000,TUBAO,1.37,0,0,1.37,0,0,1.37,0,0,0
PH015501000,AGNO,1.52,1.28,1.28,1.52,0.02,0,1.5,1.28,0,0
PH015502000,AGUILAR,0,0,0,0,0,0,0,0,0,0
PH015503000,CITY OF ALAMINOS,1.45,2.49,2.49,1.45,0.01,0,1.44,2.49,0,0
PH015504000,ALCALA,0,0,0,0,0,0,0,0,0,0
PH015505000,ANDA,3.48,6.6,6.6,3.48,0,0,3.48,6.6,0,0
PH015506000,ASINGAN,0,0,0,0,0,0,0,0,0,0
PH015507000,BALUNGAO,0,0,0,0,0,0,0,0,0,0
PH015508000,BANI,0.97,3.62,3.62,0.97,0,0.01,0.96,3.52,0.1,0
PH015509000,BASISTA,0,0,0,0,0,0,0,0,0,0
PH015510000,BAUTISTA,0,0,0,0,0,0,0,0,0,0
PH015511000,BAYAMBANG,0.3,0,0,0.3,0,0,0.3,0,0,0
PH015512000,BINALONAN,0,0,0,0,0,0,0,0,0,0
PH015513000,BINMALEY,0.88,44.55,44.5,0.88,0,0,0.88,41.76,2.79,0
PH015514000,BOLINAO,3.09,1.92,1.92,3.09,0,0,3.09,1.91,0.01,0
PH015515000,BUGALLON,1.31,0.22,0.22,1.31,0.1,0,1.21,0.15,0.07,0
PH015516000,BURGOS,0.63,0.03,0.03,0.63,0.03,0,0.6,0.03,0,0
PH015517000,CALASIAO,0,0,0,0,0,0,0,0,0,0
PH015518000,DAGUPAN CITY,2.09,29.23,29.2,2.09,0,0,2.09,25.77,3.46,0
PH015519000,DASOL,1.92,11.16,11.1,1.92,0,0,1.92,11.16,0,0
PH015520000,INFANTA,0.77,17.22,17.2,0.77,0.1,0,0.67,17.22,0,0
PH015521000,LABRADOR,1.53,21.11,21.1,1.53,0.2,0,1.33,21.07,0.03,0
PH015522000,LINGAYEN (Capital),0.65,58.94,58.9,0.65,0,0,0.65,58.82,0.12,0
PH015523000,MABINI,0.16,0,0,0.16,0.16,0,0,0,0,0
PH015524000,MALASIQUI,0,0,0,0,0,0,0,0,0,0
PH015525000,MANAOAG,0,0,0,0,0,0,0,0,0,0
PH015526000,MANGALDAN,1.15,1.67,1.67,1.15,0,0,1.15,1.34,0.33,0
PH015527000,MANGATAREM,0.42,0,0,0.42,0,0,0.42,0,0,0
PH015528000,MAPANDAN,0,0,0,0,0,0,0,0,0,0
PH015529000,NATIVIDAD,0.38,0,0,0.38,0.38,0,0,0,0,0
PH015530000,POZORRUBIO,0,0,0,0,0,0,0,0,0,0
PH015531000,ROSALES,0,0,0,0,0,0,0,0,0,0
PH015532000,SAN CARLOS CITY,0,0,0,0,0,0,0,0,0,0
PH015533000,SAN FABIAN,0.96,29.8,29.8,0.96,0,0,0.96,29.61,0.19,0
PH015534000,SAN JACINTO,0,0,0,0,0,0,0,0,0,0
PH015535000,SAN MANUEL,0.25,0,0,0.25,0.25,0,0,0,0,0
PH015536000,SAN NICOLAS,0.37,0,0,0.37,0.37,0,0,0,0,0
PH015537000,SAN QUINTIN,0.1,0,0,0.1,0.1,0,0,0,0,0
PH015538000,SANTA BARBARA,0,0,0,0,0,0,0,0,0,0
PH015539000,SANTA MARIA,0,0,0,0,0,0,0,0,0,0
PH015540000,SANTO TOMAS,0,0,0,0,0,0,0,0,0,0
PH015541000,SISON,0.24,0,0,0.24,0.24,0,0,0,0,0
PH015542000,SUAL,2.03,0.54,0.54,2.03,0.04,0,1.99,0.54,0,0
PH015543000,TAYUG,0,0,0,0,0,0,0,0,0,0
PH015544000,UMINGAN,0.06,0,0,0.06,0.06,0,0,0,0,0
PH015545000,URBIZTONDO,0.36,0,0,0.36,0,0,0.36,0,0,0
PH015546000,CITY OF URDANETA,0,0,0,0,0,0,0,0,0,0
PH015547000,VILLASIS,0,0,0,0,0,0,0,0,0,0
PH015548000,LAOAC,0,0,0,0,0,0,0,0,0,0
PH020901000,BASCO (Capital),2.49,0,0,2.49,0,0,2.49,0,0,0
PH020902000,ITBAYAT,5.57,0.22,0.22,5.57,0.67,0,4.9,0.22,0,0
PH020903000,IVANA,10.98,0,0,10.9,0,0,10.98,0,0,0
PH020904000,MAHATAO,6.67,0.61,0.61,6.67,1.21,0,5.45,0.61,0,0
PH020905000,SABTANG,12.94,1.18,1.18,12.9,2.35,0,10.59,1.18,0,0
PH020906000,UYUGAN,9.05,0.9,0.9,9.05,2.71,0,6.33,0.9,0,0
PH021501000,ABULUG,2.43,7.68,7.68,2.43,0,0,2.43,7.66,0.02,0
PH021502000,ALCALA,0,0,0,0,0,0,0,0,0,0
PH021503000,ALLACAPAN,0,0,0,0,0,0,0,0,0,0
PH021504000,AMULUNG,0,0,0,0,0,0,0,0,0,0
PH021505000,APARRI,1.49,37.1,37.1,1.49,0,0,1.49,36.8,0.3,0
PH021506000,BAGGAO,0.23,0.01,0.01,0.23,0.21,0,0.02,0.01,0,0
PH021507000,BALLESTEROS,3.95,1.35,1.35,3.95,0,0,3.95,1.26,0.09,0
PH021508000,BUGUEY,3.7,10.04,10,3.7,0,0,3.7,9.76,0.28,0
PH021509000,CALAYAN,3.96,0.6,0.6,3.96,0.26,0,3.7,0.6,0,0
PH021510000,CAMALANIUGAN,0.39,1.08,1.08,0.39,0,0,0.39,0.6,0.48,0
PH021511000,CLAVERIA,4.42,2.94,2.94,4.42,0.09,0,4.33,2.91,0.03,0
PH021512000,ENRILE,1.31,0,0,1.31,0,0,1.31,0,0,0
PH021513000,GATTARAN,0.27,0,0,0.27,0.22,0,0.05,0,0,0
PH021514000,GONZAGA,1.2,4.07,4.07,1.2,0.17,0,1.03,4.04,0.03,0
PH021515000,IGUIG,0,0,0,0,0,0,0,0,0,0
PH021516000,LAL-LO,0.39,0,0,0.39,0.27,0.02,0.11,0,0,0
PH021517000,LASAM,0,0,0,0,0,0,0,0,0,0
PH021518000,PAMPLONA,2.76,7.55,7.55,2.76,0,0,2.76,7.55,0,0
PH021519000,PEÃ‘ABLANCA,2.04,0.01,0.01,2.04,1.98,0.01,0.05,0.01,0,0
PH021520000,PIAT,0,0,0,0,0,0,0,0,0,0
PH021521000,RIZAL,0.18,0,0,0.18,0.18,0,0,0,0,0
PH021522000,SANCHEZ-MIRA,5.53,5.64,5.64,5.53,0,0,5.53,5.64,0,0
PH021523000,SANTA ANA,1.44,18.88,18.8,1.44,0.08,0,1.36,18.69,0.18,0
PH021524000,SANTA PRAXEDES,2.12,0,0,2.12,0.53,0,1.59,0,0,0
PH021525000,SANTA TERESITA,2.31,15.2,15.2,2.31,0,0,2.31,15.2,0,0
PH021526000,SANTO NIÃ‘O (FAIRE),0.1,0,0,0.1,0.1,0,0,0,0,0
PH021527000,SOLANA,0,0,0,0,0,0,0,0,0,0
PH021528000,TUAO,0,0,0,0,0,0,0,0,0,0
PH021529000,TUGUEGARAO CITY (Capital),0.02,0,0,0.02,0,0,0.02,0,0,0
PH023101000,ALICIA,0,0,0,0,0,0,0,0,0,0
PH023102000,ANGADANAN,0,0,0,0,0,0,0,0,0,0
PH023103000,AURORA,0,0,0,0,0,0,0,0,0,0
PH023104000,BENITO SOLIVEN,0,0,0,0,0,0,0,0,0,0
PH023105000,BURGOS,0,0,0,0,0,0,0,0,0,0
PH023106000,CABAGAN,0.44,0,0,0.44,0.44,0,0,0,0,0
PH023107000,CABATUAN,0,0,0,0,0,0,0,0,0,0
PH023108000,CITY OF CAUAYAN,0,0,0,0,0,0,0,0,0,0
PH023109000,CORDON,0.04,0,0,0.03,0.03,0,0,0,0,0
PH023110000,DINAPIGUE,5.72,0,0,5.72,1.83,0,3.89,0,0,0
PH023111000,DIVILACAN,2.92,3.3,3.3,2.92,1.77,0,1.14,3.3,0,0
PH023112000,ECHAGUE,0,0,0,0,0,0,0,0,0,0
PH023113000,GAMU,0,0,0,0,0,0,0,0,0,0
PH023114000,ILAGAN CITY (Capital),0.31,0,0,0.31,0.31,0,0,0,0,0
PH023115000,JONES,0.5,0,0,0.5,0,0,0.5,0,0,0
PH023116000,LUNA,0,0,0,0,0,0,0,0,0,0
PH023117000,MACONACON,5.72,4.58,4.58,5.72,3.27,0,2.45,4.58,0,0
PH023118000,DELFIN ALBANO (MAGSAYSAY),0,0,0,0,0,0,0,0,0,0
PH023119000,MALLIG,0,0,0,0,0,0,0,0,0,0
PH023120000,NAGUILIAN,0,0,0,0,0,0,0,0,0,0
PH023121000,PALANAN,1.21,0.72,0.72,1.21,0.18,0,1.03,0.72,0,0
PH023122000,QUEZON,0,0,0,0,0,0,0,0,0,0
PH023123000,QUIRINO,0,0,0,0,0,0,0,0,0,0
PH023124000,RAMON,0,0,0,0,0,0,0,0,0,0
PH023125000,REINA MERCEDES,0,0,0,0,0,0,0,0,0,0
PH023126000,ROXAS,0,0,0,0,0,0,0,0,0,0
PH023127000,SAN AGUSTIN,0.1,0,0,0.1,0,0,0.1,0,0,0
PH023128000,SAN GUILLERMO,0.04,0,0,0.04,0.04,0,0,0,0,0
PH023129000,SAN ISIDRO,0,0,0,0,0,0,0,0,0,0
PH023130000,SAN MANUEL,0,0,0,0,0,0,0,0,0,0
PH023131000,SAN MARIANO,0.7,0,0,0.7,0.69,0,0.01,0,0,0
PH023132000,SAN MATEO,0,0,0,0,0,0,0,0,0,0
PH023133000,SAN PABLO,1.53,0,0,1.53,1.53,0,0,0,0,0
PH023134000,SANTA MARIA,0.03,0,0,0.03,0.03,0,0,0,0,0
PH023135000,CITY OF SANTIAGO,0,0,0,0,0,0,0,0,0,0
PH023136000,SANTO TOMAS,0,0,0,0,0,0,0,0,0,0
PH023137000,TUMAUINI,0.24,0,0,0.24,0.24,0,0,0,0,0
PH025001000,AMBAGUIO,4.27,0.19,0.19,4.27,4.17,0.1,0,0,0,0.19
PH025002000,ARITAO,0.48,0.05,0.05,0.48,0.46,0.01,0,0,0,0.05
PH025003000,BAGABAG,0,0.02,0.02,0,0,0,0,0,0,0.02
PH025004000,BAMBANG,0.53,0.07,0.07,0.53,0.51,0.02,0,0,0,0.07
PH025005000,BAYOMBONG (Capital),0.18,0.01,0.01,0.18,0.18,0,0,0,0,0.01
PH025006000,DIADI,0.11,0,0,0.12,0.08,0.04,0,0,0,0
PH025007000,DUPAX DEL NORTE,0.52,0.15,0.15,0.52,0.48,0.04,0,0,0,0.15
PH025008000,DUPAX DEL SUR,0.71,0.09,0.09,0.71,0.62,0.09,0,0,0,0.09
PH025009000,KASIBU,2.13,0.09,0.09,2.13,2.04,0.03,0.07,0,0,0.09
PH025010000,KAYAPA,2.71,0.02,0.02,2.71,2.69,0.02,0,0,0,0.02
PH025011000,QUEZON,0.75,0.06,0.06,0.75,0.72,0.03,0,0,0,0.06
PH025012000,SANTA FE,0.71,0.15,0.15,0.71,0.67,0.04,0,0,0,0.15
PH025013000,SOLANO,0.19,0,0,0.19,0.18,0.01,0,0,0,0
PH025014000,VILLAVERDE,0.06,0.09,0.09,0.06,0.06,0,0,0,0,0.09
PH025015000,ALFONSO CASTANEDA,1.4,0.07,0.07,1.4,1.33,0,0.07,0,0,0.07
PH025701000,AGLIPAY,0.34,0.07,0.07,0.34,0.27,0,0.07,0,0,0.07
PH025702000,CABARROGUIS (Capital),0.67,0.02,0.02,0.67,0.21,0,0.45,0,0,0.02
PH025703000,DIFFUN,0.54,0,0,0.54,0.38,0.02,0.15,0,0,0
PH025704000,MADDELA,0.85,0.03,0.03,0.85,0.85,0,0,0,0,0.03
PH025705000,SAGUDAY,0.35,0,0,0.35,0,0,0.35,0,0,0
PH025706000,NAGTIPUNAN,3.06,0.05,0.05,3.06,3.01,0.02,0.02,0,0,0.05
PH030801000,ABUCAY,0.78,40.87,40.8,0.78,0,0,0.78,40.83,0.05,0
PH030802000,BAGAC,2.2,0.8,0.8,2.19,0.04,0.03,2.14,0.75,0,0.05
PH030803000,CITY OF BALANGA (Capital),1.79,17.41,17.4,1.79,0,0,1.79,15.85,1.56,0
PH030804000,DINALUPIHAN,0.8,0.01,0.01,0.8,0,0,0.8,0,0,0.01
PH030805000,HERMOSA,2.44,0.77,0.77,2.44,0,0,2.44,0.7,0.05,0.01
PH030806000,LIMAY,4.76,0.24,0.24,4.76,0,0,4.76,0.21,0.02,0.02
PH030807000,MARIVELES,3.62,2.09,2.09,3.62,0.07,0,3.54,2.05,0.01,0.02
PH030808000,MORONG,2.51,11.14,11.1,2.51,0.06,0,2.45,11.11,0,0.03
PH030809000,ORANI,2.85,4.43,4.43,2.85,0,0,2.85,4.41,0,0.02
PH030810000,ORION,1.47,35.92,35.9,1.47,0.01,0,1.45,35.9,0,0.02
PH030811000,PILAR,0.71,24.32,24.3,0.71,0,0,0.71,24.18,0.11,0.03
PH030812000,SAMAL,0.7,38.25,38.2,0.7,0,0,0.7,38.19,0.03,0.03
PH031401000,ANGAT,0,0,0,0,0,0,0,0,0,0
PH031402000,BALAGTAS (BIGAA),0,0,0,0,0,0,0,0,0,0
PH031403000,BALIUAG,0,0,0,0,0,0,0,0,0,0
PH031404000,BOCAUE,0.03,0.01,0.01,0.03,0,0,0.03,0.01,0,0
PH031405000,BULACAN,5.52,8.92,8.92,5.52,0,0,5.52,8.79,0.13,0
PH031406000,BUSTOS,0,0,0,0,0,0,0,0,0,0
PH031407000,CALUMPIT,0,0,0,0,0,0,0,0,0,0
PH031408000,GUIGUINTO,0,0,0,0,0,0,0,0,0,0
PH031409000,HAGONOY,1.47,14.25,14.2,1.47,0,0,1.47,9.91,4.34,0
PH031410000,CITY OF MALOLOS (Capital),0.43,1.35,1.35,0.43,0,0,0.43,1.28,0.07,0
PH031411000,MARILAO,1,0.01,0.01,1,0,0,1,0.01,0,0
PH031412000,CITY OF MEYCAUAYAN,0.67,0.05,0.05,0.67,0,0,0.67,0.05,0,0
PH031413000,NORZAGARAY,0.11,0,0,0.11,0.11,0,0,0,0,0
PH031414000,OBANDO,0,27.74,27.7,0,0,0,0,27.74,0,0
PH031415000,PANDI,0,0,0,0,0,0,0,0,0,0
PH031416000,PAOMBONG,2.13,9.3,9.3,2.13,0,0,2.13,8.34,0.96,0
PH031417000,PLARIDEL,0,0,0,0,0,0,0,0,0,0
PH031418000,PULILAN,0,0,0,0,0,0,0,0,0,0
PH031419000,SAN ILDEFONSO,0,0,0,0,0,0,0,0,0,0
PH031420000,CITY OF SAN JOSE DEL MONTE,0.01,0,0,0.01,0.01,0,0,0,0,0
PH031421000,SAN MIGUEL,0,0,0,0,0,0,0,0,0,0
PH031422000,SAN RAFAEL,0,0,0,0,0,0,0,0,0,0
PH031423000,SANTA MARIA,0.55,0,0,0.55,0,0,0.55,0,0,0
PH031424000,DOÃ‘A REMEDIOS TRINIDAD,0.66,0,0,0.66,0.66,0,0,0,0,0
PH034901000,ALIAGA,0,0,0,0,0,0,0,0,0,0
PH034902000,BONGABON,0.29,0,0,0.29,0.29,0,0,0,0,0
PH034903000,CABANATUAN CITY,0,0,0,0,0,0,0,0,0,0
PH034904000,CABIAO,0,0,0,0,0,0,0,0,0,0
PH034905000,CARRANGLAN,0.11,0,0,0.11,0.11,0,0,0,0,0
PH034906000,CUYAPO,0,0,0,0,0,0,0,0,0,0
PH034907000,GABALDON (BITULOK & SABANI),1.28,0,0,1.28,1.25,0,0.03,0,0,0
PH034908000,CITY OF GAPAN,0,0,0,0,0,0,0,0,0,0
PH034909000,GENERAL MAMERTO NATIVIDAD,0,0,0,0,0,0,0,0,0,0
PH034910000,GENERAL TINIO (PAPAYA),0.41,0,0,0.41,0.41,0,0,0,0,0
PH034911000,GUIMBA,0,0,0,0,0,0,0,0,0,0
PH034912000,JAEN,0,0,0,0,0,0,0,0,0,0
PH034913000,LAUR,0.12,0,0,0.12,0.12,0,0,0,0,0
PH034914000,LICAB,0,0,0,0,0,0,0,0,0,0
PH034915000,LLANERA,0,0,0,0,0,0,0,0,0,0
PH034916000,LUPAO,0,0,0,0,0,0,0,0,0,0
PH034917000,SCIENCE CITY OF MUÃ‘OZ,0,0,0,0,0,0,0,0,0,0
PH034918000,NAMPICUAN,0,0,0,0,0,0,0,0,0,0
PH034919000,PALAYAN CITY (Capital),0,0,0,0,0,0,0,0,0,0
PH034920000,PANTABANGAN,0.02,0,0,0.02,0.02,0,0,0,0,0
PH034921000,PEÃ‘ARANDA,0,0,0,0,0,0,0,0,0,0
PH034922000,QUEZON,0,0,0,0,0,0,0,0,0,0
PH034923000,RIZAL,0.01,0,0,0.01,0.01,0,0,0,0,0
PH034924000,SAN ANTONIO,0,0,0,0,0,0,0,0,0,0
PH034925000,SAN ISIDRO,0,0,0,0,0,0,0,0,0,0
PH034926000,SAN JOSE CITY,0,0,0,0,0,0,0,0,0,0
PH034927000,SAN LEONARDO,0,0,0,0,0,0,0,0,0,0
PH034928000,SANTA ROSA,0,0,0,0,0,0,0,0,0,0
PH034929000,SANTO DOMINGO,0,0,0,0,0,0,0,0,0,0
PH034930000,TALAVERA,0,0,0,0,0,0,0,0,0,0
PH034931000,TALUGTUG,0,0,0,0,0,0,0,0,0,0
PH034932000,ZARAGOZA,0,0,0,0,0,0,0,0,0,0
PH035401000,ANGELES CITY,0,0,0,0,0,0,0,0,0,0
PH035402000,APALIT,0,0,0,0,0,0,0,0,0,0
PH035403000,ARAYAT,0,0,0,0,0,0,0,0,0,0
PH035404000,BACOLOR,0,0,0,0,0,0,0,0,0,0
PH035405000,CANDABA,0,0,0,0,0,0,0,0,0,0
PH035406000,FLORIDABLANCA,0.01,0,0,0.01,0.01,0,0,0,0,0
PH035407000,GUAGUA,0,0,0,0,0,0,0,0,0,0
PH035408000,LUBAO,0.19,1.65,1.65,0.19,0,0,0.19,1.55,0.1,0
PH035409000,MABALACAT CITY,0,0,0,0,0,0,0,0,0,0
PH035410000,MACABEBE,0.2,7.48,7.48,0.2,0,0,0.2,7.26,0.21,0
PH035411000,MAGALANG,0,0,0,0,0,0,0,0,0,0
PH035412000,MASANTOL,1.08,4.6,4.6,1.08,0,0,1.08,3.08,1.52,0
PH035413000,MEXICO,0,0,0,0,0,0,0,0,0,0
PH035414000,MINALIN,0,0,0,0,0,0,0,0,0,0
PH035415000,PORAC,0.16,0,0,0.16,0.16,0,0,0,0,0
PH035416000,CITY OF SAN FERNANDO (Capital),0,0,0,0,0,0,0,0,0,0
PH035417000,SAN LUIS,0,0,0,0,0,0,0,0,0,0
PH035418000,SAN SIMON,0,0,0,0,0,0,0,0,0,0
PH035419000,SANTA ANA,0,0,0,0,0,0,0,0,0,0
PH035420000,SANTA RITA,0,0,0,0,0,0,0,0,0,0
PH035421000,SANTO TOMAS,0,0,0,0,0,0,0,0,0,0
PH035422000,SASMUAN (Sexmoan),0.46,15.89,15.8,0.46,0,0,0.46,15.71,0.17,0
PH036901000,ANAO,0,0,0,0,0,0,0,0,0,0
PH036902000,BAMBAN,0.06,0,0,0.06,0.06,0,0,0,0,0
PH036903000,CAMILING,0,0,0,0,0,0,0,0,0,0
PH036904000,CAPAS,0.01,0,0,0.01,0.01,0,0,0,0,0
PH036905000,CONCEPCION,0,0,0,0,0,0,0,0,0,0
PH036906000,GERONA,0,0,0,0,0,0,0,0,0,0
PH036907000,LA PAZ,0,0,0,0,0,0,0,0,0,0
PH036908000,MAYANTOC,0.04,0,0,0.04,0.04,0,0,0,0,0
PH036909000,MONCADA,0,0,0,0,0,0,0,0,0,0
PH036910000,PANIQUI,0,0,0,0,0,0,0,0,0,0
PH036911000,PURA,0,0,0,0,0,0,0,0,0,0
PH036912000,RAMOS,0,0,0,0,0,0,0,0,0,0
PH036913000,SAN CLEMENTE,0,0,0,0,0,0,0,0,0,0
PH036914000,SAN MANUEL,0,0,0,0,0,0,0,0,0,0
PH036915000,SANTA IGNACIA,0,0,0,0,0,0,0,0,0,0
PH036916000,CITY OF TARLAC (Capital),0,0,0,0,0,0,0,0,0,0
PH036917000,VICTORIA,0,0,0,0,0,0,0,0,0,0
PH036918000,SAN JOSE,0.01,0,0,0.01,0.01,0,0,0,0,0
PH037101000,BOTOLAN,2.66,6.42,6.42,2.66,1.21,0,1.45,6.39,0.02,0.02
PH037102000,CABANGAN,4.62,7.16,7.16,4.62,0.49,0,4.13,7,0.16,0
PH037103000,CANDELARIA,1.61,38.75,38.7,1.61,0.53,0,1.09,38.7,0.03,0.03
PH037104000,CASTILLEJOS,0.01,0,0,0.01,0.01,0,0,0,0,0
PH037105000,IBA (Capital),0.42,51.52,51.5,0.42,0.09,0,0.33,51.47,0.02,0.03
PH037106000,MASINLOC,3.28,12.28,12.2,3.28,0.24,0,3.04,12.26,0,0.02
PH037107000,OLONGAPO CITY,2.58,20.57,20.5,2.58,0.64,0.03,1.92,20.41,0.13,0.03
PH037108000,PALAUIG,1.09,31.81,31.8,1.09,0.12,0,0.97,31.81,0,0
PH037109000,SAN ANTONIO,2.03,4.52,4.52,2.03,0.08,0,1.95,4.44,0.06,0.02
PH037110000,SAN FELIPE,2.14,25.94,25.9,2.14,0.15,0,1.99,23.74,2.2,0
PH037111000,SAN MARCELINO,1.11,0.03,0.03,1.11,1,0,0.1,0,0,0.03
PH037112000,SAN NARCISO,3.56,10,10,3.56,0.04,0,3.51,9.51,0.49,0
PH037113000,SANTA CRUZ,1.85,16.84,16.8,1.85,0.14,0.03,1.68,16.78,0.04,0.01
PH037114000,SUBIC,2.91,15.46,15.4,2.91,0.25,0,2.65,15.39,0.02,0.04
PH037701000,BALER (Capital),3.88,14.58,14.5,3.88,0.21,0,3.67,14.49,0.09,0
PH037702000,CASIGURAN,3.02,12.37,12.3,3.02,0.04,0,2.98,12.37,0,0
PH037703000,DILASAG,1.67,8.03,8.03,1.67,0,0,1.67,8.03,0,0
PH037704000,DINALUNGAN,3.71,6.51,6.51,3.71,0,0,3.71,6.51,0,0
PH037705000,DINGALAN,3.91,0.11,0.11,3.91,0.23,0,3.68,0.11,0,0
PH037706000,DIPACULAO,5.6,0.52,0.52,5.6,0,0,5.6,0.36,0.16,0
PH037707000,MARIA AURORA,0.03,0,0,0.03,0.03,0,0,0,0,0
PH037708000,SAN LUIS,2.56,0.17,0.17,2.56,1.19,0,1.36,0.17,0,0
PH041001000,AGONCILLO,0.44,0.02,0.02,0.44,0,0,0.44,0,0,0.02
PH041002000,ALITAGTAG,0,0,0,0,0,0,0,0,0,0
PH041003000,BALAYAN,1.32,10.1,10.1,1.32,0.01,0,1.31,10.07,0,0.03
PH041004000,BALETE,0,0,0,0,0,0,0,0,0,0
PH041005000,BATANGAS CITY (Capital),0,0,0,0,0,0,0,0,0,0
PH041006000,BAUAN,0,0,0,0,0,0,0,0,0,0
PH041007000,CALACA,1.24,0.23,0.23,1.24,0,0,1.24,0.22,0,0.01
PH041008000,CALATAGAN,0.71,0.04,0.04,0.71,0,0,0.71,0.04,0,0
PH041009000,CUENCA,1.38,0.03,0.03,1.38,1.38,0,0,0,0,0.03
PH041010000,IBAAN,0,0,0,0,0,0,0,0,0,0
PH041011000,LAUREL,0.2,0.02,0.02,0.2,0.2,0,0,0,0,0.02
PH041012000,LEMERY,1.96,0.22,0.22,1.96,0,0,1.96,0.2,0,0.02
PH041013000,LIAN,3.22,1.48,1.48,3.22,0,0,3.22,1.45,0.02,0
PH041014000,LIPA CITY,0,0,0,0,0,0,0,0,0,0
PH041015000,LOBO,1.87,0,0,1.87,0,0,1.87,0,0,0
PH041016000,MABINI,0,0,0,0,0,0,0,0,0,0
PH041017000,MALVAR,0,0,0,0,0,0,0,0,0,0
PH041018000,MATAASNAKAHOY,0,0,0,0,0,0,0,0,0,0
PH041019000,NASUGBU,1.72,13.08,13,1.72,0.08,0,1.64,13.07,0.01,0
PH041020000,PADRE GARCIA,0,0,0,0,0,0,0,0,0,0
PH041021000,ROSARIO,0,0,0,0,0,0,0,0,0,0
PH041022000,SAN JOSE,0,0,0,0,0,0,0,0,0,0
PH041023000,SAN JUAN,0.33,0.11,0.11,0.33,0,0,0.33,0.11,0,0
PH041024000,SAN LUIS,0,0,0,0,0,0,0,0,0,0
PH041025000,SAN NICOLAS,0,0,0,0,0,0,0,0,0,0
PH041026000,SAN PASCUAL,0,0,0,0,0,0,0,0,0,0
PH041027000,SANTA TERESITA,0,0,0,0,0,0,0,0,0,0
PH041028000,SANTO TOMAS,0,0,0,0,0,0,0,0,0,0
PH041029000,TAAL,0.37,0.02,0.02,0.37,0,0,0.37,0.02,0,0
PH041030000,TALISAY,0.38,0,0,0.38,0.38,0,0,0,0,0
PH041031000,CITY OF TANAUAN,0,0,0,0,0,0,0,0,0,0
PH041032000,TAYSAN,0,0,0,0,0,0,0,0,0,0
PH041033000,TINGLOY,0,0,0,0,0,0,0,0,0,0
PH041034000,TUY,0,0,0,0,0,0,0,0,0,0
PH042101000,ALFONSO,0,0.02,0.02,0,0,0,0,0,0,0.02
PH042102000,AMADEO,0,0,0,0,0,0,0,0,0,0
PH042103000,BACOOR CITY,1.27,0.31,0.31,1.27,0,0,1.27,0.29,0.02,0
PH042104000,CARMONA,0,0,0,0,0,0,0,0,0,0
PH042105000,CAVITE CITY,0.37,0.1,0.1,0.37,0,0,0.37,0.1,0,0
PH042106000,CITY OF DASMARIÃ‘AS,0,0.01,0.01,0,0,0,0,0,0,0.01
PH042107000,GENERAL EMILIO AGUINALDO,0,0,0,0,0,0,0,0,0,0
PH042108000,CITY OF GENERAL TRIAS,0.16,0,0,0.16,0,0,0.16,0,0,0
PH042109000,IMUS CITY,0.2,0.78,0.78,0.2,0,0,0.2,0.75,0.03,0
PH042110000,INDANG,0,0.04,0.04,0,0,0,0,0,0,0.04
PH042111000,KAWIT,1.74,27.56,27.5,1.74,0,0,1.74,27.56,0,0
PH042112000,MAGALLANES,0,0,0,0,0,0,0,0,0,0
PH042113000,MARAGONDON,1.44,0.04,0.04,1.44,0.11,0,1.33,0.04,0,0
PH042114000,MENDEZ (MENDEZ-NUÃ‘EZ),0,0,0,0,0,0,0,0,0,0
PH042115000,NAIC,2.05,6.45,6.45,2.05,0,0,2.05,6.43,0,0.02
PH042116000,NOVELETA,3.04,30.18,30.1,3.04,0,0,3.04,30.15,0.03,0
PH042117000,ROSARIO,3.03,6.99,6.99,3.03,0,0,3.03,6.95,0.05,0
PH042118000,SILANG,0,0,0,0,0,0,0,0,0,0
PH042119000,TAGAYTAY CITY,0.1,0.03,0.03,0.1,0.1,0,0,0,0,0.03
PH042120000,TANZA,1.9,0.75,0.75,1.9,0,0,1.9,0.73,0.01,0.01
PH042121000,TERNATE,3.3,17.24,17.2,3.3,0.07,0,3.23,17.24,0,0
PH042122000,TRECE MARTIRES CITY (Capital),0,0.03,0.03,0,0,0,0,0,0,0.03
PH042123000,GEN. MARIANO ALVAREZ,0,0.02,0.02,0,0,0,0,0,0,0.02
PH043401000,ALAMINOS,0,0,0,0,0,0,0,0,0,0
PH043402000,BAY,0.04,0,0,0.04,0.04,0,0,0,0,0
PH043403000,CITY OF BIÃ‘AN,0,0,0,0,0,0,0,0,0,0
PH043404000,CABUYAO CITY,0.27,0,0,0.27,0,0,0.27,0,0,0
PH043405000,CITY OF CALAMBA,0.25,0.01,0.01,0.25,0.01,0,0.25,0,0,0.01
PH043406000,CALAUAN,0,0,0,0,0,0,0,0,0,0
PH043407000,CAVINTI,0,0,0,0,0,0,0,0,0,0
PH043408000,FAMY,0,0,0,0,0,0,0,0,0,0
PH043409000,KALAYAAN,0,0,0,0,0,0,0,0,0,0
PH043410000,LILIW,0,0,0,0,0,0,0,0,0,0
PH043411000,LOS BAÃ‘OS,0.09,0.01,0.01,0.09,0.09,0,0,0,0,0.01
PH043412000,LUISIANA,0,0,0,0,0,0,0,0,0,0
PH043413000,LUMBAN,0,0,0,0,0,0,0,0,0,0
PH043414000,MABITAC,0.08,0,0,0.08,0,0,0.08,0,0,0
PH043415000,MAGDALENA,0,0,0,0,0,0,0,0,0,0
PH043416000,MAJAYJAY,0,0,0,0,0,0,0,0,0,0
PH043417000,NAGCARLAN,0,0,0,0,0,0,0,0,0,0
PH043418000,PAETE,0,0,0,0,0,0,0,0,0,0
PH043419000,PAGSANJAN,0,0,0,0,0,0,0,0,0,0
PH043420000,PAKIL,1.36,0,0,1.36,0,0,1.36,0,0,0
PH043421000,PANGIL,0.06,0,0,0.06,0.06,0,0,0,0,0
PH043422000,PILA,0,0,0,0,0,0,0,0,0,0
PH043423000,RIZAL,0,0,0,0,0,0,0,0,0,0
PH043424000,SAN PABLO CITY,0,0,0,0,0,0,0,0,0,0
PH043425000,CITY OF SAN PEDRO,0,0.01,0.01,0,0,0,0,0,0,0.01
PH043426000,SANTA CRUZ (Capital),0.05,0,0,0.05,0,0,0.05,0,0,0
PH043427000,SANTA MARIA,0.03,0,0,0.03,0.03,0,0,0,0,0
PH043428000,CITY OF SANTA ROSA,0.03,0,0,0.03,0,0,0.03,0,0,0
PH043429000,SINILOAN,0,0,0,0,0,0,0,0,0,0
PH043430000,VICTORIA,0,0,0,0,0,0,0,0,0,0
PH045601000,AGDANGAN,3.53,2.77,2.77,3.53,0,0,3.53,2.67,0.1,0
PH045602000,ALABAT,3.78,15.33,15.3,3.78,0,0,3.78,15.33,0,0
PH045603000,ATIMONAN,2.98,3.48,3.48,2.98,0.37,0,2.61,3.48,0,0
PH045605000,BUENAVISTA,2,2.7,2.7,2,0.19,0,1.82,2.61,0,0.09
PH045606000,BURDEOS,4.67,9.33,9.33,4.67,0.24,0,4.42,9.33,0,0
PH045607000,CALAUAG,2.62,8.6,8.6,2.62,0,0,2.62,8.36,0.19,0.05
PH045608000,CANDELARIA,0.01,0,0,0.01,0.01,0,0,0,0,0
PH045610000,CATANAUAN,1.24,12.63,12.6,1.24,0.04,0,1.2,12.59,0,0.04
PH045615000,DOLORES,0.26,0.07,0.07,0.26,0.26,0,0,0,0,0.07
PH045616000,GENERAL LUNA,1.26,7.5,7.5,1.26,0.07,0,1.2,7.5,0,0
PH045617000,GENERAL NAKAR,4.44,4.73,4.73,4.44,2.1,0.03,2.3,4.69,0,0.03
PH045618000,GUINAYANGAN,2.09,1.69,1.69,2.09,0.06,0,2.03,1.67,0,0.03
PH045619000,GUMACA,3.07,7,7,3.07,0.03,0,3.04,6.95,0,0.05
PH045620000,INFANTA,2.68,33.19,33.1,2.68,0.13,0,2.55,32.81,0.39,0
PH045621000,JOMALIG,4.55,1.08,1.08,4.55,0,0,4.55,1.08,0,0
PH045622000,LOPEZ,2.76,4.52,4.52,2.76,0.02,0,2.74,4.46,0,0.06
PH045623000,LUCBAN,0,0.02,0.02,0,0,0,0,0,0,0.02
PH045624000,LUCENA CITY (Capital),1.58,3.08,3.08,1.58,0,0,1.58,3.07,0,0.01
PH045625000,MACALELON,3.67,7.98,7.98,3.67,0.12,0,3.55,7.92,0,0.06
PH045627000,MAUBAN,3.27,14.5,14.5,3.27,0.64,0,2.64,14.5,0,0
PH045628000,MULANAY,2.19,1.19,1.19,2.19,0.04,0,2.15,1.15,0,0.04
PH045629000,PADRE BURGOS,6.9,1.42,1.42,6.9,0.06,0,6.84,1.42,0,0
PH045630000,PAGBILAO,3.87,1.69,1.69,3.87,0.3,0,3.57,1.69,0,0
PH045631000,PANUKULAN,3.18,0.98,0.98,3.18,0,0,3.18,0.98,0,0
PH045632000,PATNANUNGAN,2.74,2.05,2.05,2.74,0,0,2.74,2.05,0,0
PH045633000,PEREZ,2.52,2.52,2.52,2.52,0,0,2.52,2.52,0,0
PH045634000,PITOGO,4.95,0.79,0.79,4.95,0,0,4.95,0.79,0,0
PH045635000,PLARIDEL,1.36,2.58,2.58,1.36,0.27,0,1.09,2.45,0,0.14
PH045636000,POLILLO,0.94,13.51,13.5,0.94,0,0,0.94,13.51,0,0
PH045637000,QUEZON,5.55,1.65,1.65,5.55,0,0,5.55,1.65,0,0
PH045638000,REAL,3.81,4.5,4.5,3.81,0.95,0,2.86,4.5,0,0
PH045639000,SAMPALOC,0.21,0.11,0.11,0.21,0.21,0,0,0,0,0.11
PH045640000,SAN ANDRES,7.06,0.53,0.53,7.06,0.21,0,6.85,0.48,0,0.05
PH045641000,SAN ANTONIO,0,0.03,0.03,0,0,0,0,0,0,0.03
PH045642000,SAN FRANCISCO (AURORA),2.82,3.91,3.91,2.82,0.19,0,2.63,3.91,0,0
PH045644000,SAN NARCISO,6.25,1.41,1.41,6.25,0.14,0,6.11,1.3,0,0.11
PH045645000,SARIAYA,0.67,1.07,1.07,0.67,0.02,0,0.66,1.07,0,0
PH045646000,TAGKAWAYAN,2.7,0.65,0.65,2.7,0.05,0,2.64,0.65,0,0
PH045647000,CITY OF TAYABAS,0,0,0,0,0,0,0,0,0,0
PH045648000,TIAONG,0.01,0,0,0.01,0.01,0,0,0,0,0
PH045649000,UNISAN,2.07,2.4,2.4,2.07,0,0,2.07,2.35,0,0.05
PH045801000,ANGONO,0.1,0,0,0.1,0.1,0,0,0,0,0
PH045802000,CITY OF ANTIPOLO,0.21,0.04,0.04,0.21,0.21,0,0,0,0,0.04
PH045803000,BARAS,0.11,0.06,0.06,0.11,0.11,0,0,0,0,0.06
PH045804000,BINANGONAN,0.28,0.01,0.01,0.28,0.28,0,0,0,0,0.01
PH045805000,CAINTA,0,0,0,0,0,0,0,0,0,0
PH045806000,CARDONA,0.66,0,0,0.66,0.66,0,0,0,0,0
PH045807000,JALA-JALA,0.21,0,0,0.21,0.21,0,0,0,0,0
PH045808000,RODRIGUEZ (MONTALBAN),0.61,0.01,0.01,0.61,0.6,0.01,0,0,0,0.01
PH045809000,MORONG,0,0,0,0,0,0,0,0,0,0
PH045810000,PILILLA,0.17,0.02,0.02,0.17,0.17,0,0,0,0,0.02
PH045811000,SAN MATEO,0.18,0.04,0.04,0.18,0.18,0,0,0,0,0.04
PH045812000,TANAY,0.45,0.03,0.03,0.45,0.45,0,0,0,0,0.03
PH045813000,TAYTAY,0.01,0.02,0.02,0.01,0.01,0,0,0,0,0.02
PH045814000,TERESA,0.14,0,0,0.14,0.14,0,0,0,0,0
PH050501000,BACACAY,0.61,0,0,0.61,0,0,0.61,0,0,0
PH050502000,CAMALIG,0,0,0,0,0,0,0,0,0,0
PH050503000,DARAGA (LOCSIN),0,0,0,0,0,0,0,0,0,0
PH050504000,GUINOBATAN,0,0,0,0,0,0,0,0,0,0
PH050505000,JOVELLAR,0,0,0,0,0,0,0,0,0,0
PH050506000,LEGAZPI CITY (Capital),0.29,0.06,0.06,0.29,0,0,0.29,0.06,0,0
PH050507000,LIBON,0.76,0.24,0.24,0.76,0,0,0.76,0.24,0,0
PH050508000,CITY OF LIGAO,0,0,0,0,0,0,0,0,0,0
PH050509000,MALILIPOT,0,0,0,0,0,0,0,0,0,0
PH050510000,MALINAO,0,0,0,0,0,0,0,0,0,0
PH050511000,MANITO,0,0,0,0,0,0,0,0,0,0
PH050512000,OAS,0,0,0,0,0,0,0,0,0,0
PH050513000,PIO DURAN,0.24,0,0,0.24,0,0,0.24,0,0,0
PH050514000,POLANGUI,0,0,0,0,0,0,0,0,0,0
PH050515000,RAPU-RAPU,5.29,1.3,1.3,5.29,0,0,5.29,1.3,0,0
PH050516000,SANTO DOMINGO (LIBOG),2.16,0,0,2.16,0,0,2.16,0,0,0
PH050517000,CITY OF TABACO,0,0,0,0,0,0,0,0,0,0
PH050518000,TIWI,0,0,0,0,0,0,0,0,0,0
PH051601000,BASUD,0,0,0,0,0,0,0,0,0,0
PH051602000,CAPALONGA,0,0,0,0,0,0,0,0,0,0
PH051603000,DAET (Capital),0.15,3.04,3.04,0.15,0,0,0.15,3.02,0.02,0
PH051604000,SAN LORENZO RUIZ (IMELDA),0,0,0,0,0,0,0,0,0,0
PH051605000,JOSE PANGANIBAN,0.04,0,0,0.04,0,0,0.04,0,0,0
PH051606000,LABO,0,0,0,0,0,0,0,0,0,0
PH051607000,MERCEDES,0,0,0,0,0,0,0,0,0,0
PH051608000,PARACALE,2.07,8.89,8.89,2.07,0,0,2.07,8.89,0,0
PH051609000,SAN VICENTE,0,0,0,0,0,0,0,0,0,0
PH051610000,SANTA ELENA,0.08,0.04,0.04,0.08,0.04,0,0.04,0,0,0.04
PH051611000,TALISAY,1.35,1.13,1.13,1.35,0,0,1.35,1.13,0,0
PH051612000,VINZONS,4.15,3.05,3.05,4.15,0,0,4.15,2.91,0.13,0
PH051701000,BAAO,0,0.05,0.05,0,0,0,0,0,0,0.05
PH051702000,BALATAN,5.18,0.71,0.71,5.18,0,0,5.18,0.57,0,0.14
PH051703000,BATO,0.97,0.03,0.03,0.97,0,0,0.97,0,0,0.03
PH051704000,BOMBON,5.11,0,0,5.11,0,0,5.11,0,0,0
PH051705000,BUHI,0.05,0,0,0.05,0.05,0,0,0,0,0
PH051706000,BULA,0.53,0,0,0.53,0,0,0.53,0,0,0
PH051707000,CABUSAO,2.61,41.84,41.8,2.61,0,0,2.61,41.84,0,0
PH051708000,CALABANGA,1.22,30.24,30.2,1.22,0,0,1.22,30.22,0.02,0
PH051709000,CAMALIGAN,0,0,0,0,0,0,0,0,0,0
PH051710000,CANAMAN,0,0,0,0,0,0,0,0,0,0
PH051711000,CARAMOAN,3.18,0.7,0.7,3.18,0,0,3.18,0.65,0,0.05
PH051712000,DEL GALLEGO,0,0,0,0,0,0,0,0,0,0
PH051713000,GAINZA,0,0,0,0,0,0,0,0,0,0
PH051714000,GARCHITORENA,4.17,4.71,4.71,4.17,0,0,4.17,4.71,0,0
PH051715000,GOA,0,0,0,0,0,0,0,0,0,0
PH051716000,IRIGA CITY,0,0,0,0,0,0,0,0,0,0
PH051717000,LAGONOY,1.54,0.39,0.39,1.54,0,0.04,1.51,0.36,0.04,0
PH051718000,LIBMANAN,0.73,0.22,0.22,0.73,0.03,0,0.7,0.19,0.03,0
PH051719000,LUPI,0.19,0.13,0.13,0.19,0,0,0.19,0.13,0,0
PH051720000,MAGARAO,0.67,0,0,0.67,0,0,0.67,0,0,0
PH051721000,MILAOR,0,0,0,0,0,0,0,0,0,0
PH051722000,MINALABAC,1.1,0.03,0.03,1.1,0,0,1.1,0,0,0.03
PH051723000,NABUA,0,0,0,0,0,0,0,0,0,0
PH051724000,NAGA CITY,0,0.01,0.01,0,0,0,0,0,0,0.01
PH051725000,OCAMPO,0,0,0,0,0,0,0,0,0,0
PH051726000,PAMPLONA,0,0,0,0,0,0,0,0,0,0
PH051727000,PASACAO,4.62,1.15,1.15,4.63,0.24,0.04,4.34,1.1,0,0.05
PH051728000,PILI (Capital),0,0,0,0,0,0,0,0,0,0
PH051729000,PRESENTACION (PARUBCAN),9.59,0.5,0.5,9.59,0.5,0,9.09,0.5,0,0
PH051730000,RAGAY,2.23,18.02,18,2.23,0,0,2.23,17.99,0,0.02
PH051731000,SAGÃ‘AY,2.91,0.53,0.53,2.91,0,0,2.91,0.42,0,0.11
PH051732000,SAN FERNANDO,1.1,0.06,0.06,1.1,0,0,1.1,0.06,0,0
PH051733000,SAN JOSE,2.24,0.14,0.14,2.24,0,0,2.24,0.14,0,0
PH051734000,SIPOCOT,0.65,1.76,1.76,0.65,0,0,0.65,1.76,0,0
PH051735000,SIRUMA,4.8,0.63,0.63,4.8,0,0,4.8,0.63,0,0
PH051736000,TIGAON,0.26,0.08,0.08,0.26,0.04,0,0.23,0.08,0,0
PH051737000,TINAMBAC,2.56,0.61,0.61,2.56,0.03,0,2.53,0.57,0.03,0
PH052001000,BAGAMANOC,4.26,5.86,5.86,4.26,1.42,0,2.84,5.86,0,0
PH052002000,BARAS,5.76,1.26,1.26,5.76,1.44,0,4.32,1.26,0,0
PH052003000,BATO,6.14,2.5,2.5,6.14,1.14,0,5,2.5,0,0
PH052004000,CARAMORAN,5.86,1.25,1.25,5.86,1.66,0,4.2,1.25,0,0
PH052005000,GIGMOTO,7.3,2.06,2.06,7.3,3.33,0,3.97,2.06,0,0
PH052006000,PANDAN,3.97,13.01,13,3.97,0.79,0,3.17,13.01,0,0
PH052007000,PANGANIBAN (PAYO),2.34,24.58,24.5,2.34,0.17,0,2.17,24.58,0,0
PH052008000,SAN ANDRES (CALOLBON),3.9,11.17,11.1,3.9,1.57,0,2.32,11.17,0,0
PH052009000,SAN MIGUEL,3.45,0,0,3.45,3.45,0,0,0,0,0
PH052010000,VIGA,5.94,1.17,1.17,5.94,1.49,0,4.46,1.17,0,0
PH052011000,VIRAC (Capital),1.05,10.84,10.8,1.05,0.42,0,0.63,10.84,0,0
PH054101000,AROROY,3.1,3.37,3.37,3.1,0.27,0.02,2.8,3.37,0,0
PH054102000,BALENO,1.65,0.38,0.38,1.65,0,0,1.65,0.38,0,0
PH054103000,BALUD,0,0,0,0,0,0,0,0,0,0
PH054104000,BATUAN,3.52,1.32,1.32,3.52,0,0,3.52,1.32,0,0
PH054105000,CATAINGAN,0.03,0,0,0.03,0.03,0,0,0,0,0
PH054106000,CAWAYAN,0,0,0,0,0,0,0,0,0,0
PH054107000,CLAVERIA,3.98,1.8,1.8,3.98,0,0,3.98,1.8,0,0
PH054108000,DIMASALANG,0,0,0,0,0,0,0,0,0,0
PH054109000,ESPERANZA,0,0,0,0,0,0,0,0,0,0
PH054110000,MANDAON,0.28,0,0,0.28,0.24,0.03,0,0,0,0
PH054111000,CITY OF MASBATE (Capital),1.46,0.07,0.07,1.46,0.07,0,1.39,0.07,0,0
PH054112000,MILAGROS,0.08,0,0,0.08,0.08,0,0,0,0,0
PH054113000,MOBO,0.04,0,0,0.04,0.04,0,0,0,0,0
PH054114000,MONREAL,0,0,0,0,0,0,0,0,0,0
PH054115000,PALANAS,0.09,0,0,0.09,0.09,0,0,0,0,0
PH054116000,PIO V. CORPUZ (LIMBUHAN),0,0,0,0,0,0,0,0,0,0
PH054117000,PLACER,0,0,0,0,0,0,0,0,0,0
PH054118000,SAN FERNANDO,1.64,15.7,15.7,1.64,0.07,0,1.57,15.7,0,0
PH054119000,SAN JACINTO,0.22,0.05,0.05,0.22,0,0,0.22,0,0.05,0
PH054120000,SAN PASCUAL,2.23,0.33,0.33,2.23,0.03,0,2.2,0.33,0,0
PH054121000,USON,0,0,0,0,0,0,0,0,0,0
PH056202000,BARCELONA,1.93,12.92,12.9,1.93,0,0,1.93,12.92,0,0
PH056203000,BULAN,1.2,28.33,28.3,1.2,0.05,0,1.15,28.33,0,0
PH056204000,BULUSAN,5.65,0.46,0.46,5.65,0.35,0,5.31,0.46,0,0
PH056205000,CASIGURAN,3.7,4.03,4.03,3.7,0,0,3.7,4.03,0,0
PH056206000,CASTILLA,1.39,0.07,0.07,1.39,0.07,0,1.31,0.07,0,0
PH056207000,DONSOL,1.65,18.26,18.2,1.65,0.1,0.03,1.52,18.26,0,0
PH056208000,GUBAT,1.11,21.23,21.2,1.11,0,0,1.11,21.2,0.03,0
PH056209000,IROSIN,0.25,0,0,0.25,0.25,0,0,0,0,0
PH056210000,JUBAN,2.72,6.44,6.44,2.72,0.45,0,2.26,6.44,0,0
PH056211000,MAGALLANES,3.15,9.2,9.2,3.15,0,0,3.15,9.2,0,0
PH056212000,MATNOG,1.62,4.64,4.64,1.62,0.11,0,1.51,4.64,0,0
PH056213000,PILAR,1.82,4.25,4.25,1.82,0.04,0,1.78,4.25,0,0
PH056214000,PRIETO DIAZ,6.1,3.54,3.54,6.1,0,0,6.1,3.45,0.09,0
PH056215000,SANTA MAGDALENA,4.23,7.22,7.22,4.23,0,0,4.23,7.22,0,0
PH056216000,CITY OF SORSOGON (Capital),3.09,2.63,2.63,3.09,0.16,0,2.93,2.63,0,0
PH060401000,ALTAVAS,0,0,0,0,0,0,0,0,0,0
PH060402000,BALETE,0,0,0,0,0,0,0,0,0,0
PH060403000,BANGA,0,0,0,0,0,0,0,0,0,0
PH060404000,BATAN,0,0,0,0,0,0,0,0,0,0
PH060405000,BURUANGA,0,0,0,0,0,0,0,0,0,0
PH060406000,IBAJAY,0,0,0,0,0,0,0,0,0,0
PH060407000,KALIBO (Capital),0,0,0,0,0,0,0,0,0,0
PH060408000,LEZO,0,0,0,0,0,0,0,0,0,0
PH060409000,LIBACAO,0,0,0,0,0,0,0,0,0,0
PH060410000,MADALAG,0,0,0,0,0,0,0,0,0,0
PH060411000,MAKATO,0,0,0,0,0,0,0,0,0,0
PH060412000,MALAY,0,0,0,0,0,0,0,0,0,0
PH060413000,MALINAO,0,0,0,0,0,0,0,0,0,0
PH060414000,NABAS,0,0,0,0,0,0,0,0,0,0
PH060415000,NEW WASHINGTON,0.08,0,0,0.08,0,0,0.08,0,0,0
PH060416000,NUMANCIA,0,0,0,0,0,0,0,0,0,0
PH060417000,TANGALAN,0,0,0,0,0,0,0,0,0,0
PH060601000,ANINI-Y,1.42,0,0,1.42,0,0,1.42,0,0,0
PH060602000,BARBAZA,0,0,0,0,0,0,0,0,0,0
PH060603000,BELISON,0,0,0,0,0,0,0,0,0,0
PH060604000,BUGASONG,0,0,0,0,0,0,0,0,0,0
PH060605000,CALUYA,0,0,0,0,0,0,0,0,0,0
PH060606000,CULASI,0.6,0.05,0.05,0.6,0,0,0.6,0.05,0,0
PH060607000,TOBIAS FORNIER (DAO),0,0,0,0,0,0,0,0,0,0
PH060608000,HAMTIC,0,0,0,0,0,0,0,0,0,0
PH060609000,LAUA-AN,0,0,0,0,0,0,0,0,0,0
PH060610000,LIBERTAD,0,0,0,0,0,0,0,0,0,0
PH060611000,PANDAN,0,0,0,0,0,0,0,0,0,0
PH060612000,PATNONGON,0,0,0,0,0,0,0,0,0,0
PH060613000,SAN JOSE (Capital),0,0,0,0,0,0,0,0,0,0
PH060614000,SAN REMIGIO,0,0,0,0,0,0,0,0,0,0
PH060615000,SEBASTE,0,0,0,0,0,0,0,0,0,0
PH060616000,SIBALOM,0.07,0,0,0.07,0.07,0,0,0,0,0
PH060617000,TIBIAO,0,0,0,0,0,0,0,0,0,0
PH060618000,VALDERRAMA,0,0,0,0,0,0,0,0,0,0
PH061901000,CUARTERO,0,0,0,0,0,0,0,0,0,0
PH061902000,DAO,0,0,0,0,0,0,0,0,0,0
PH061903000,DUMALAG,0,0,0,0,0,0,0,0,0,0
PH061904000,DUMARAO,0,0,0,0,0,0,0,0,0,0
PH061905000,IVISAN,0,0,0,0,0,0,0,0,0,0
PH061906000,JAMINDAN,0,0,0,0,0,0,0,0,0,0
PH061907000,MA-AYON,0,0,0,0,0,0,0,0,0,0
PH061908000,MAMBUSAO,0,0,0,0,0,0,0,0,0,0
PH061909000,PANAY,0,0,0,0,0,0,0,0,0,0
PH061910000,PANITAN,0,0,0,0,0,0,0,0,0,0
PH061911000,PILAR,0,0,0,0,0,0,0,0,0,0
PH061912000,PONTEVEDRA,0,0,0,0,0,0,0,0,0,0
PH061913000,PRESIDENT ROXAS,0,0,0,0,0,0,0,0,0,0
PH061914000,ROXAS CITY (Capital),0,0,0,0,0,0,0,0,0,0
PH061915000,SAPI-AN,0,0,0,0,0,0,0,0,0,0
PH061916000,SIGMA,0,0,0,0,0,0,0,0,0,0
PH061917000,TAPAZ,0,0,0,0,0,0,0,0,0,0
PH063001000,AJUY,0.23,0,0,0.23,0.23,0,0,0,0,0
PH063002000,ALIMODIAN,0.53,0,0,0.53,0.53,0,0,0,0,0
PH063003000,ANILAO,0.34,0,0,0.34,0.34,0,0,0,0,0
PH063004000,BADIANGAN,0.07,0,0,0.07,0.07,0,0,0,0,0
PH063005000,BALASAN,0.05,0,0,0.05,0.05,0,0,0,0,0
PH063006000,BANATE,0.04,0,0,0.03,0.04,0,0,0,0,0
PH063007000,BAROTAC NUEVO,0,0,0,0,0,0,0,0,0,0
PH063008000,BAROTAC VIEJO,0.26,0,0,0.26,0.26,0,0,0,0,0
PH063009000,BATAD,0.1,0,0,0.1,0.1,0,0,0,0,0
PH063010000,BINGAWAN,0,0,0,0,0,0,0,0,0,0
PH063012000,CABATUAN,0,0,0,0,0,0,0,0,0,0
PH063013000,CALINOG,0.16,0,0,0.16,0.16,0,0,0,0,0
PH063014000,CARLES,1.58,0.21,0.21,1.58,0.21,0,1.37,0.21,0,0
PH063015000,CONCEPCION,0.82,0,0,0.82,0.77,0,0.05,0,0,0
PH063016000,DINGLE,0.16,0,0,0.16,0.16,0,0,0,0,0
PH063017000,DUEÃ‘AS,0,0,0,0,0,0,0,0,0,0
PH063018000,DUMANGAS,0,0,0,0,0,0,0,0,0,0
PH063019000,ESTANCIA,0.06,0,0,0.07,0.06,0,0,0,0,0
PH063020000,GUIMBAL,0,0,0,0,0,0,0,0,0,0
PH063021000,IGBARAS,0.86,0,0,0.86,0.86,0,0,0,0,0
PH063022000,ILOILO CITY (Capital),0,0,0,0,0,0,0,0,0,0
PH063023000,JANIUAY,0.53,0,0,0.53,0.53,0,0,0,0,0
PH063025000,LAMBUNAO,0.68,0,0,0.68,0.68,0,0,0,0,0
PH063026000,LEGANES,0,0,0,0,0,0,0,0,0,0
PH063027000,LEMERY,0,0,0,0,0,0,0,0,0,0
PH063028000,LEON,0.94,0,0,0.94,0.94,0,0,0,0,0
PH063029000,MAASIN,0.2,0,0,0.2,0.2,0,0,0,0,0
PH063030000,MIAGAO,0.26,0,0,0.26,0.26,0,0,0,0,0
PH063031000,MINA,0,0,0,0,0,0,0,0,0,0
PH063032000,NEW LUCENA,0,0,0,0,0,0,0,0,0,0
PH063034000,OTON,0,0,0,0,0,0,0,0,0,0
PH063035000,CITY OF PASSI,0.04,0,0,0.04,0.04,0,0,0,0,0
PH063036000,PAVIA,0,0,0,0,0,0,0,0,0,0
PH063037000,POTOTAN,0,0,0,0,0,0,0,0,0,0
PH063038000,SAN DIONISIO,0.09,0,0,0.09,0.06,0.03,0,0,0,0
PH063039000,SAN ENRIQUE,0.35,0,0,0.35,0.35,0,0,0,0,0
PH063040000,SAN JOAQUIN,0.42,0,0,0.42,0.42,0,0,0,0,0
PH063041000,SAN MIGUEL,0,0,0,0,0,0,0,0,0,0
PH063042000,SAN RAFAEL,0.01,0,0,0,0.01,0,0,0,0,0
PH063043000,SANTA BARBARA,0,0,0,0,0,0,0,0,0,0
PH063044000,SARA,0.09,0,0,0.09,0.09,0,0,0,0,0
PH063045000,TIGBAUAN,0,0,0,0,0,0,0,0,0,0
PH063046000,TUBUNGAN,0.74,0,0,0.74,0.69,0.05,0,0,0,0
PH063047000,ZARRAGA,0,0,0,0,0,0,0,0,0,0
PH067901000,BUENAVISTA,0,0,0,0,0,0,0,0,0,0
PH067902000,JORDAN (Capital),0,0,0,0,0,0,0,0,0,0
PH067903000,NUEVA VALENCIA,0,0,0,0,0,0,0,0,0,0
PH067904000,SAN LORENZO,0,0,0,0,0,0,0,0,0,0
PH067905000,SIBUNAG,0,0,0,0,0,0,0,0,0,0
PH071201000,ALBURQUERQUE,0,0,0,0,0,0,0,0,0,0
PH071202000,ALICIA,0,0,0,0,0,0,0,0,0,0
PH071203000,ANDA,2.17,1.66,1.66,2.17,0.21,0,1.97,1.66,0,0
PH071204000,ANTEQUERA,0,0,0,0,0,0,0,0,0,0
PH071205000,BACLAYON,0,0,0,0,0,0,0,0,0,0
PH071206000,BALILIHAN,0,0,0,0,0,0,0,0,0,0
PH071207000,BATUAN,0,0,0,0,0,0,0,0,0,0
PH071208000,BILAR,0,0,0,0,0,0,0,0,0,0
PH071209000,BUENAVISTA,0,0,0,0,0,0,0,0,0,0
PH071210000,CALAPE,0,0,0,0,0,0,0,0,0,0
PH071211000,CANDIJAY,0.07,0,0,0.08,0.04,0,0.04,0,0,0
PH071212000,CARMEN,0,0,0,0,0,0,0,0,0,0
PH071213000,CATIGBIAN,0,0,0,0,0,0,0,0,0,0
PH071214000,CLARIN,0,0,0,0,0,0,0,0,0,0
PH071215000,CORELLA,0,0,0,0,0,0,0,0,0,0
PH071216000,CORTES,0,0,0,0,0,0,0,0,0,0
PH071217000,DAGOHOY,0,0,0,0,0,0,0,0,0,0
PH071218000,DANAO,0,0,0,0,0,0,0,0,0,0
PH071219000,DAUIS,0,0,0,0,0,0,0,0,0,0
PH071220000,DIMIAO,0,0,0,0,0,0,0,0,0,0
PH071221000,DUERO,0,0,0,0,0,0,0,0,0,0
PH071222000,GARCIA HERNANDEZ,0,0,0,0,0,0,0,0,0,0
PH071223000,GUINDULMAN,0,0,0,0,0,0,0,0,0,0
PH071224000,INABANGA,0,0,0,0,0,0,0,0,0,0
PH071225000,JAGNA,0,0,0,0,0,0,0,0,0,0
PH071226000,GETAFE,0,0,0,0,0,0,0,0,0,0
PH071227000,LILA,0,0,0,0,0,0,0,0,0,0
PH071228000,LOAY,0,0,0,0,0,0,0,0,0,0
PH071229000,LOBOC,0,0,0,0,0,0,0,0,0,0
PH071230000,LOON,0,0,0,0,0,0,0,0,0,0
PH071231000,MABINI,0,0,0,0,0,0,0,0,0,0
PH071232000,MARIBOJOC,0,0,0,0,0,0,0,0,0,0
PH071233000,PANGLAO,0,0,0,0,0,0,0,0,0,0
PH071234000,PILAR,0,0,0,0,0,0,0,0,0,0
PH071235000,PRES. CARLOS P. GARCIA (PITOGO),2.42,0.19,0.19,2.42,0,0,2.42,0.19,0,0
PH071236000,SAGBAYAN (BORJA),0,0,0,0,0,0,0,0,0,0
PH071237000,SAN ISIDRO,0,0,0,0,0,0,0,0,0,0
PH071238000,SAN MIGUEL,0,0,0,0,0,0,0,0,0,0
PH071239000,SEVILLA,0,0,0,0,0,0,0,0,0,0
PH071240000,SIERRA BULLONES,0,0,0,0,0,0,0,0,0,0
PH071241000,SIKATUNA,0,0,0,0,0,0,0,0,0,0
PH071242000,TAGBILARAN CITY (Capital),0,0,0,0,0,0,0,0,0,0
PH071243000,TALIBON,0,0,0,0,0,0,0,0,0,0
PH071244000,TRINIDAD,0,0,0,0,0,0,0,0,0,0
PH071245000,TUBIGON,0,0,0,0,0,0,0,0,0,0
PH071246000,UBAY,0.01,0,0,0.01,0.01,0,0,0,0,0
PH071247000,VALENCIA,0,0,0,0,0,0,0,0,0,0
PH071248000,BIEN UNIDO,0,0,0,0,0,0,0,0,0,0
PH072201000,ALCANTARA,0,0,0,0,0,0,0,0,0,0
PH072202000,ALCOY,0,0,0,0,0,0,0,0,0,0
PH072203000,ALEGRIA,0,0,0,0,0,0,0,0,0,0
PH072204000,ALOGUINSAN,0.1,0.05,0.05,0.1,0.1,0,0,0,0,0.05
PH072205000,ARGAO,2.06,0.76,0.76,2.06,0.05,0,2.01,0.73,0,0.03
PH072206000,ASTURIAS,0.24,0.03,0.03,0.24,0.18,0.05,0,0,0,0.03
PH072207000,BADIAN,0,0,0,0,0,0,0,0,0,0
PH072208000,BALAMBAN,0.68,0.01,0.01,0.68,0.68,0,0,0,0,0.01
PH072209000,BANTAYAN,0.36,0.31,0.31,0.36,0,0,0.36,0.27,0.04,0
PH072210000,BARILI,0,0,0,0,0,0,0,0,0,0
PH072211000,CITY OF BOGO,0.04,0.03,0.03,0.04,0.04,0,0,0,0,0.03
PH072212000,BOLJOON,0,0,0,0,0,0,0,0,0,0
PH072213000,BORBON,0,0.03,0.03,0,0,0,0,0,0,0.03
PH072214000,CITY OF CARCAR,2.87,0.71,0.71,2.87,0.25,0,2.62,0.66,0.03,0.02
PH072215000,CARMEN,0.57,0.06,0.06,0.57,0.53,0.04,0,0,0,0.06
PH072216000,CATMON,0.42,0,0,0.43,0.36,0.06,0,0,0,0
PH072217000,CEBU CITY (Capital),1.43,0.72,0.72,1.43,0.25,0.01,1.17,0.52,0.19,0.02
PH072218000,COMPOSTELA,0.29,0,0,0.29,0.29,0,0,0,0,0
PH072219000,CONSOLACION,4.76,0.37,0.37,4.76,0.07,0,4.69,0.32,0,0.05
PH072220000,CORDOVA,7.85,0.88,0.88,7.85,0,0,7.85,0.88,0,0
PH072221000,DAANBANTAYAN,0.18,0.05,0.05,0.18,0,0,0.18,0.05,0,0
PH072222000,DALAGUETE,0,0,0,0,0,0,0,0,0,0
PH072223000,DANAO CITY,0.48,0.05,0.05,0.48,0.48,0,0,0,0,0.05
PH072224000,DUMANJUG,0,0,0,0,0,0,0,0,0,0
PH072225000,GINATILAN,0,0,0,0,0,0,0,0,0,0
PH072226000,LAPU-LAPU CITY (OPON),3.62,5.61,5.61,3.62,0,0,3.62,4.24,1.38,0
PH072227000,LILOAN,3.35,0.25,0.25,3.35,0.06,0.01,3.29,0.24,0,0.01
PH072228000,MADRIDEJOS,0,0,0,0,0,0,0,0,0,0
PH072229000,MALABUYOC,0,0,0,0,0,0,0,0,0,0
PH072230000,MANDAUE CITY,2.49,1.62,1.62,2.49,0,0,2.49,1.54,0.06,0.01
PH072231000,MEDELLIN,0.22,0,0,0.22,0,0,0.22,0,0,0
PH072232000,MINGLANILLA,2.42,1.83,1.83,2.42,0.16,0.02,2.23,1.81,0.01,0.01
PH072233000,MOALBOAL,0,0,0,0,0,0,0,0,0,0
PH072234000,CITY OF NAGA,4.11,1.16,1.16,4.11,0.58,0.01,3.53,1.11,0,0.05
PH072235000,OSLOB,0,0,0,0,0,0,0,0,0,0
PH072236000,PILAR,0,0,0,0,0,0,0,0,0,0
PH072237000,PINAMUNGAHAN,2.55,4.73,4.73,2.55,0.64,0,1.91,4.73,0,0
PH072238000,PORO,0,0,0,0,0,0,0,0,0,0
PH072239000,RONDA,0,0,0,0,0,0,0,0,0,0
PH072240000,SAMBOAN,0,0,0,0,0,0,0,0,0,0
PH072241000,SAN FERNANDO,4.13,0.17,0.17,4.13,0.75,0,3.38,0.14,0,0.03
PH072242000,SAN FRANCISCO,0,0,0,0,0,0,0,0,0,0
PH072243000,SAN REMIGIO,0.02,0.05,0.05,0.02,0.02,0,0,0,0,0.05
PH072244000,SANTA FE,1.77,0.11,0.11,1.77,0,0,1.77,0.11,0,0
PH072245000,SANTANDER,1.33,0,0,1.33,0,0,1.33,0,0,0
PH072246000,SIBONGA,3.04,1.44,1.44,3.04,0.47,0,2.56,1.42,0,0.02
PH072247000,SOGOD,0.04,0.08,0.08,0.04,0.04,0,0,0,0,0.08
PH072248000,TABOGON,0.04,0.12,0.12,0.04,0.04,0,0,0,0,0.12
PH072249000,TABUELAN,0.06,0,0,0.06,0.06,0,0,0,0,0
PH072250000,CITY OF TALISAY,2.26,4.73,4.73,2.26,0.33,0,1.93,4.71,0,0.02
PH072251000,TOLEDO CITY,3.21,4.3,4.3,3.21,0.67,0,2.53,4.29,0.01,0
PH072252000,TUBURAN,0.48,0.06,0.06,0.48,0.48,0,0,0,0,0.06
PH072253000,TUDELA,0,0,0,0,0,0,0,0,0,0
PH076101000,ENRIQUE VILLANUEVA,3.92,0.29,0.29,3.92,0,0,3.92,0.29,0,0
PH076102000,LARENA,5.4,0.11,0.11,5.4,0,0,5.4,0,0,0.11
PH076103000,LAZI,2.2,0.18,0.18,2.2,0,0,2.2,0.07,0,0.11
PH076104000,MARIA,2.59,0.14,0.14,2.59,0,0,2.59,0.14,0,0
PH076105000,SAN JUAN,3.19,0.2,0.2,3.19,0,0,3.19,0.15,0,0.05
PH076106000,SIQUIJOR (Capital),3.83,0.5,0.5,3.83,0.08,0,3.74,0.47,0,0.03
PH082601000,ARTECHE,0,0,0,0,0,0,0,0,0,0
PH082602000,BALANGIGA,0,0,0,0,0,0,0,0,0,0
PH082603000,BALANGKAYAN,0,0,0,0,0,0,0,0,0,0
PH082604000,CITY OF BORONGAN (Capital),0.03,0,0,0.02,0.03,0,0,0,0,0
PH082605000,CAN-AVID,0,0,0,0,0,0,0,0,0,0
PH082606000,DOLORES,0,0,0,0,0,0,0,0,0,0
PH082607000,GENERAL MACARTHUR,0,0.1,0.1,0,0,0,0,0,0,0.1
PH082608000,GIPORLOS,0,0,0,0,0,0,0,0,0,0
PH082609000,GUIUAN,1.67,13.16,13.1,1.67,0,0,1.67,13.14,0.02,0
PH082610000,HERNANI,0,0,0,0,0,0,0,0,0,0
PH082611000,JIPAPAD,0,0,0,0,0,0,0,0,0,0
PH082612000,LAWAAN,0,0,0,0,0,0,0,0,0,0
PH082613000,LLORENTE,0,0,0,0,0,0,0,0,0,0
PH082614000,MASLOG,0,0,0,0,0,0,0,0,0,0
PH082615000,MAYDOLONG,0.08,0,0,0.11,0.08,0,0,0,0,0
PH082616000,MERCEDES,0,0,0,0,0,0,0,0,0,0
PH082617000,ORAS,0,0,0,0,0,0,0,0,0,0
PH082618000,QUINAPONDAN,0.15,0.08,0.08,0.15,0.15,0,0,0,0,0.08
PH082619000,SALCEDO,0.05,0.52,0.52,0.05,0,0,0.05,0.52,0,0
PH082620000,SAN JULIAN,0,0,0,0,0,0,0,0,0,0
PH082621000,SAN POLICARPO,0,0,0,0,0,0,0,0,0,0
PH082622000,SULAT,0,0,0,0,0,0,0,0,0,0
PH082623000,TAFT,0.06,0,0,0.06,0,0.06,0,0,0,0
PH083701000,ABUYOG,0.06,0,0,0.06,0.06,0,0,0,0,0
PH083702000,ALANGALANG,0,0,0,0,0,0,0,0,0,0
PH083703000,ALBUERA,0.07,0,0,0.07,0.07,0,0,0,0,0
PH083705000,BABATNGON,0,0,0,0,0,0,0,0,0,0
PH083706000,BARUGO,0,0,0,0,0,0,0,0,0,0
PH083707000,BATO,0,0,0,0,0,0,0,0,0,0
PH083708000,CITY OF BAYBAY,0.31,0.03,0.03,0.31,0.31,0,0,0,0,0.03
PH083710000,BURAUEN,0.26,0,0,0.26,0.26,0,0,0,0,0
PH083713000,CALUBIAN,0,0,0,0,0,0,0,0,0,0
PH083714000,CAPOOCAN,0,0,0,0,0,0,0,0,0,0
PH083715000,CARIGARA,0,0,0,0,0,0,0,0,0,0
PH083717000,DAGAMI,0,0,0,0,0,0,0,0,0,0
PH083718000,DULAG,0,0,0,0,0,0,0,0,0,0
PH083719000,HILONGOS,1.17,10.35,10.3,1.17,0,0,1.17,9.77,0.58,0
PH083720000,HINDANG,0.5,0.1,0.1,0.5,0.05,0,0.45,0.1,0,0
PH083721000,INOPACAN,0,0,0,0,0,0,0,0,0,0
PH083722000,ISABEL,0.29,0.09,0.09,0.29,0.29,0,0,0,0,0.09
PH083723000,JARO,0.05,0,0,0.05,0.05,0,0,0,0,0
PH083724000,JAVIER (BUGHO),0.51,0,0,0.51,0.51,0,0,0,0,0
PH083725000,JULITA,0,0,0,0,0,0,0,0,0,0
PH083726000,KANANGA,0,0,0,0,0,0,0,0,0,0
PH083728000,LA PAZ,0.25,0,0,0.25,0.25,0,0,0,0,0
PH083729000,LEYTE,0,0,0,0,0,0,0,0,0,0
PH083730000,MACARTHUR,0,0,0,0,0,0,0,0,0,0
PH083731000,MAHAPLAG,0,0,0,0,0,0,0,0,0,0
PH083733000,MATAG-OB,0,0,0,0,0,0,0,0,0,0
PH083734000,MATALOM,0.19,0,0,0.19,0.04,0,0.15,0,0,0
PH083735000,MAYORGA,0,0,0,0,0,0,0,0,0,0
PH083736000,MERIDA,0.26,0.03,0.03,0.26,0.26,0,0,0,0,0.03
PH083738000,ORMOC CITY,0.11,0.01,0.01,0.11,0.11,0,0,0,0,0.01
PH083739000,PALO,0,0,0,0,0,0,0,0,0,0
PH083740000,PALOMPON,0.17,0.08,0.08,0.17,0.17,0,0,0,0,0.08
PH083741000,PASTRANA,0,0,0,0,0,0,0,0,0,0
PH083742000,SAN ISIDRO,0,0,0,0,0,0,0,0,0,0
PH083743000,SAN MIGUEL,0,0,0,0,0,0,0,0,0,0
PH083744000,SANTA FE,0,0,0,0,0,0,0,0,0,0
PH083745000,TABANGO,0,0,0,0,0,0,0,0,0,0
PH083746000,TABONTABON,0,0,0,0,0,0,0,0,0,0
PH083747000,TACLOBAN CITY (Capital),0,0,0,0,0,0,0,0,0,0
PH083748000,TANAUAN,0,0,0,0,0,0,0,0,0,0
PH083749000,TOLOSA,0.05,0,0,0.05,0.05,0,0,0,0,0
PH083750000,TUNGA,0,0,0,0,0,0,0,0,0,0
PH083751000,VILLABA,0,0,0,0,0,0,0,0,0,0
PH084801000,ALLEN,1.99,1.57,1.57,1.99,0,0,1.99,1.57,0,0
PH084802000,BIRI,0.97,1.13,1.13,0.97,0.01,0,0.97,1.13,0,0
PH084803000,BOBON,1.11,16.71,16.7,1.11,0,0,1.11,16.71,0,0
PH084804000,CAPUL,0,0,0,0,0,0,0,0,0,0
PH084805000,CATARMAN (Capital),3.65,2.06,2.06,3.65,0.09,0,3.56,2.02,0.05,0
PH084806000,CATUBIG,0,0.07,0.07,0,0,0,0,0,0,0.07
PH084807000,GAMAY,2.01,2.81,2.81,2.01,0,0,2.01,2.81,0,0
PH084808000,LAOANG,3.35,3.87,3.87,3.35,0,0,3.35,3.87,0,0
PH084809000,LAPINIG,0,0,0,0,0,0,0,0,0,0
PH084810000,LAS NAVAS,0,0,0,0,0,0,0,0,0,0
PH084811000,LAVEZARES,2.19,0.83,0.83,2.19,0,0,2.19,0.83,0,0
PH084812000,MAPANAS,2.3,7.47,7.47,2.3,0,0,2.3,7.47,0,0
PH084813000,MONDRAGON,1.23,7.59,7.59,1.23,0,0,1.23,7.59,0,0
PH084814000,PALAPAG,1.23,3.88,3.88,1.23,0.18,0,1.06,3.88,0,0
PH084815000,PAMBUJAN,0.85,24.07,24,0.85,0.06,0,0.79,24.07,0,0
PH084816000,ROSARIO,6.69,0.84,0.84,6.69,0,0,6.69,0.84,0,0
PH084817000,SAN ANTONIO,0.74,0,0,0.74,0,0,0.74,0,0,0
PH084818000,SAN ISIDRO,1.11,0.74,0.74,1.11,0.07,0,1.04,0.74,0,0
PH084819000,SAN JOSE,1.06,4.53,4.53,1.06,0,0,1.06,4.53,0,0
PH084820000,SAN ROQUE,1.82,4.1,4.1,1.82,0,0,1.82,4.03,0,0.07
PH084821000,SAN VICENTE,0.39,0,0,0.38,0.39,0,0,0,0,0
PH084822000,SILVINO LOBOS,0,0,0,0,0,0,0,0,0,0
PH084823000,VICTORIA,1.8,6.25,6.25,1.8,0.12,0,1.68,6.25,0,0
PH084824000,LOPE DE VEGA,0,0,0,0,0,0,0,0,0,0
PH086001000,ALMAGRO,2.24,0,0,2.26,2.01,0.23,0,0,0,0
PH086002000,BASEY,0.09,0,0,0.09,0.06,0,0.03,0,0,0
PH086003000,CALBAYOG CITY,0.13,0,0,0.13,0.13,0,0,0,0,0
PH086004000,CALBIGA,0,0,0,0,0,0,0,0,0,0
PH086005000,CITY OF CATBALOGAN (Capital),0.68,0,0,0.68,0.66,0.02,0,0,0,0
PH086006000,DARAM,0.29,0,0,0.29,0.29,0,0,0,0,0
PH086007000,GANDARA,0.15,0,0,0.15,0.15,0,0,0,0,0
PH086008000,HINABANGAN,1.1,0,0,1.1,1.1,0,0,0,0,0
PH086009000,JIABONG,0.14,0,0,0.14,0.14,0,0,0,0,0
PH086010000,MARABUT,0,0,0,0,0,0,0,0,0,0
PH086011000,MATUGUINAO,0,0,0,0,0,0,0,0,0,0
PH086012000,MOTIONG,0,0,0,0,0,0,0,0,0,0
PH086013000,PINABACDAO,0,0,0,0,0,0,0,0,0,0
PH086014000,SAN JOSE DE BUAN,0.47,0,0,0.47,0.47,0,0,0,0,0
PH086015000,SAN SEBASTIAN,0,0,0,0,0,0,0,0,0,0
PH086016000,SANTA MARGARITA,0,0,0,0,0,0,0,0,0,0
PH086017000,SANTA RITA,0.08,0,0,0.08,0.08,0,0,0,0,0
PH086018000,SANTO NIÃ‘O,0.54,0,0,0.54,0.54,0,0,0,0,0
PH086019000,TALALORA,0,0,0,0,0,0,0,0,0,0
PH086020000,TARANGNAN,0,0,0,0,0,0,0,0,0,0
PH086021000,VILLAREAL,0.06,0.06,0.06,0.06,0,0,0.06,0.06,0,0
PH086022000,PARANAS (WRIGHT),0.49,0,0,0.49,0.49,0,0,0,0,0
PH086023000,ZUMARRAGA,0.9,0,0,0.9,0.9,0,0,0,0,0
PH086024000,TAGAPUL-AN,0.31,0,0,0.31,0.31,0,0,0,0,0
PH086025000,SAN JORGE,0.27,0,0,0.27,0.27,0,0,0,0,0
PH086026000,PAGSANGHAN,0,0,0,0,0,0,0,0,0,0
PH086401000,ANAHAWAN,5.15,0,0,5.15,0.14,0,5.01,0,0,0
PH086402000,BONTOC,1.92,4.27,4.27,1.92,0.05,0,1.88,4.22,0,0.05
PH086403000,HINUNANGAN,1.5,32.8,32.8,1.5,0.3,0,1.2,32.65,0.11,0.04
PH086404000,HINUNDAYAN,1.61,22.38,22.3,1.6,0,0,1.6,22.3,0,0.08
PH086405000,LIBAGON,8.49,0.45,0.45,8.49,1.19,0,7.3,0.45,0,0
PH086406000,LILOAN,9.26,0.44,0.44,9.26,1.42,0,7.84,0.33,0,0.11
PH086407000,CITY OF MAASIN (Capital),2.91,1.18,1.18,2.91,0.3,0,2.61,1.09,0,0.09
PH086408000,MACROHON,5.04,2.26,2.26,5.04,0.72,0,4.32,2.21,0,0.05
PH086409000,MALITBOG,4.24,1.37,1.37,4.24,0.75,0,3.49,1.37,0,0
PH086410000,PADRE BURGOS,6.46,3.15,3.15,6.46,0.9,0,5.56,3,0,0.15
PH086411000,PINTUYAN,12.52,0.19,0.19,12.5,1.9,0,10.63,0.19,0,0
PH086412000,SAINT BERNARD,4.28,1.71,1.71,4.28,1.35,0.07,2.85,1.71,0,0
PH086413000,SAN FRANCISCO,5.18,3.88,3.88,5.18,0,0,5.18,3.88,0,0
PH086414000,SAN JUAN (CABALIAN),6.81,0.44,0.44,6.81,0.11,0,6.7,0.44,0,0
PH086415000,SAN RICARDO,13.53,0,0,13.5,5.3,0,8.23,0,0,0
PH086416000,SILAGO,0.6,0,0,0.6,0.6,0,0,0,0,0
PH086417000,SOGOD,4.71,0,0,4.71,0.45,0,4.26,0,0,0
PH086418000,TOMAS OPPUS,3.4,0.85,0.85,3.4,0,0,3.4,0.77,0,0.09
PH086419000,LIMASAWA,7.46,1.1,1.1,7.46,1.38,0,6.08,1.1,0,0
PH087801000,ALMERIA,0,0,0,0,0,0,0,0,0,0
PH087802000,BILIRAN,0,0,0,0,0,0,0,0,0,0
PH087803000,CABUCGAYAN,0,0,0,0,0,0,0,0,0,0
PH087804000,CAIBIRAN,0,0,0,0,0,0,0,0,0,0
PH087805000,CULABA,0,0,0,0,0,0,0,0,0,0
PH087806000,KAWAYAN,0,0,0,0,0,0,0,0,0,0
PH087807000,MARIPIPI,0,0,0,0,0,0,0,0,0,0
PH087808000,NAVAL (Capital),0.3,0.02,0.02,0.3,0,0,0.3,0.02,0,0
PH097201000,DAPITAN CITY,1.88,0.11,0.11,1.88,1.05,0.02,0.81,0.09,0,0.02
PH097202000,DIPOLOG CITY (Capital),0.13,0,0,0.13,0.13,0,0,0,0,0
PH097203000,KATIPUNAN,0.59,0.12,0.12,0.59,0.56,0.03,0,0,0,0.12
PH097204000,LA LIBERTAD,0,0,0,0,0,0,0,0,0,0
PH097205000,LABASON,0,0,0,0,0,0,0,0,0,0
PH097206000,LILOY,0,0,0,0,0,0,0,0,0,0
PH097207000,MANUKAN,1.62,0.05,0.05,1.62,1.59,0.03,0,0,0,0.05
PH097208000,MUTIA,0.23,0,0,0.23,0.23,0,0,0,0,0
PH097209000,PIÃ‘AN (NEW PIÃ‘AN),0.06,0,0,0.06,0.06,0,0,0,0,0
PH097210000,POLANCO,0.06,0,0,0.06,0.06,0,0,0,0,0
PH097211000,PRES. MANUEL A. ROXAS,1.94,0.07,0.07,1.94,1.9,0.03,0,0,0,0.07
PH097212000,RIZAL,0.28,0,0,0.28,0.09,0,0.19,0,0,0
PH097213000,SALUG,0,0,0,0,0,0,0,0,0,0
PH097214000,SERGIO OSMEÃ‘A SR.,2.02,0.08,0.08,2.02,2.02,0,0,0,0,0.08
PH097215000,SIAYAN,0.73,0.1,0.1,0.73,0.69,0.04,0,0,0,0.1
PH097216000,SIBUCO,0.04,0,0,0.04,0.04,0,0,0,0,0
PH097217000,SIBUTAD,2.66,0.09,0.09,2.66,2.09,0,0.57,0.09,0,0
PH097218000,SINDANGAN,0.15,0.06,0.06,0.15,0.15,0,0,0,0,0.06
PH097219000,SIOCON,0,0,0,0,0,0,0,0,0,0
PH097220000,SIRAWAI,0.04,0,0,0.04,0.04,0,0,0,0,0
PH097221000,TAMPILISAN,0,0,0,0,0,0,0,0,0,0
PH097222000,JOSE DALMAN (PONOT),1.52,0,0,1.52,1.52,0,0,0,0,0
PH097223000,GUTALAC,0,0,0,0,0,0,0,0,0,0
PH097224000,BALIGUIAN,0,0,0,0,0,0,0,0,0,0
PH097225000,GODOD,0,0,0,0,0,0,0,0,0,0
PH097226000,BACUNGAN (Leon T. Postigo),0,0,0,0,0,0,0,0,0,0
PH097227000,KALAWIT,0,0,0,0,0,0,0,0,0,0
PH097302000,AURORA,0.33,2.01,2.01,0.34,0.01,0.02,0.29,1.96,0,0.05
PH097303000,BAYOG,0.15,0.08,0.08,0.15,0.15,0,0,0,0,0.08
PH097305000,DIMATALING,3.79,0.68,0.68,3.79,0,0,3.79,0.61,0,0.08
PH097306000,DINAS,0.75,4.78,4.78,0.75,0,0,0.75,4.78,0,0
PH097307000,DUMALINAO,0.58,0.18,0.18,0.58,0,0,0.58,0.18,0,0
PH097308000,DUMINGAG,0.48,0.06,0.06,0.48,0.44,0.04,0,0,0,0.06
PH097311000,KUMALARANG,3.81,9.81,9.81,3.81,0.2,0,3.62,9.81,0,0
PH097312000,LABANGAN,1.98,7.18,7.18,1.98,0.23,0,1.75,7.05,0.13,0
PH097313000,LAPUYAN,1.68,1.01,1.01,1.68,0.04,0,1.64,1.01,0,0
PH097315000,MAHAYAG,0.31,0.02,0.02,0.31,0.31,0,0,0,0,0.02
PH097317000,MARGOSATUBIG,3.18,0.73,0.73,3.18,0,0,3.18,0.64,0,0.09
PH097318000,MIDSALIP,1.27,0.11,0.11,1.27,1.22,0.05,0,0,0,0.11
PH097319000,MOLAVE,0.1,0,0,0.1,0.1,0,0,0,0,0
PH097322000,PAGADIAN CITY (Capital),2.05,5.31,5.31,2.05,0.09,0,1.97,5.29,0,0.02
PH097323000,RAMON MAGSAYSAY (LIARGO),0.08,0.04,0.04,0.08,0.08,0,0,0,0,0.04
PH097324000,SAN MIGUEL,0.13,0,0,0.13,0.13,0,0,0,0,0
PH097325000,SAN PABLO,2.12,0.48,0.48,2.12,0.05,0,2.07,0.48,0,0
PH097327000,TABINA,3.56,0.44,0.44,3.56,0,0,3.56,0.37,0,0.06
PH097328000,TAMBULIG,0.2,3.32,3.32,0.2,0.03,0,0.17,3.13,0.2,0
PH097330000,TUKURAN,3,1.34,1.34,2.99,0.02,0,2.99,1.29,0,0.05
PH097332000,ZAMBOANGA CITY,2.28,5.54,5.54,2.28,0.11,0.01,2.16,5.26,0.24,0.04
PH097333000,LAKEWOOD,0.55,0,0,0.55,0.47,0.08,0,0,0,0
PH097337000,JOSEFINA,0.01,0,0,0,0.01,0,0,0,0,0
PH097338000,PITOGO,4.87,0.22,0.22,4.87,0,0,4.87,0.22,0,0
PH097340000,SOMINOT (DON MARIANO MARCOS),0.06,0,0,0.06,0.06,0,0,0,0,0
PH097341000,VINCENZO A. SAGUN,4.09,0.43,0.43,4.09,0,0,4.09,0.38,0,0.05
PH097343000,GUIPOS,0.06,0.06,0.06,0.06,0.06,0,0,0,0,0.06
PH097344000,TIGBAO,1.35,0.08,0.08,1.35,1.35,0,0,0,0,0.08
PH098301000,ALICIA,4.33,2.13,2.13,4.33,0.07,0,4.26,2.13,0,0
PH098302000,BUUG,0.65,0,0,0.65,0.37,0,0.28,0,0,0
PH098303000,DIPLAHAN,0.18,0,0,0.18,0.18,0,0,0,0,0
PH098304000,IMELDA,0.3,0,0,0.3,0.3,0,0,0,0,0
PH098305000,IPIL (Capital),2.32,3.13,3.13,2.32,0.2,0,2.12,3.13,0,0
PH098306000,KABASALAN,4.36,6.92,6.92,4.36,0.82,0.02,3.51,6.85,0.07,0
PH098307000,MABUHAY,2.9,0.68,0.68,2.9,0,0,2.9,0.68,0,0
PH098308000,MALANGAS,1.36,0.2,0.2,1.36,0,0,1.36,0.2,0,0
PH098309000,NAGA,1.83,4.23,4.23,1.83,0.26,0,1.56,4.2,0.03,0
PH098310000,OLUTANGA,3.42,2.22,2.22,3.42,0,0,3.42,2.22,0,0
PH098311000,PAYAO,2.65,10.49,10.4,2.65,0.13,0,2.52,10.42,0.06,0
PH098312000,ROSELLER LIM,2.91,0.9,0.9,2.91,0.28,0.03,2.61,0.9,0,0
PH098313000,SIAY,1.19,9.16,9.16,1.19,0,0,1.19,8.95,0.22,0
PH098314000,TALUSAN,3.39,0.78,0.78,3.39,0,0,3.39,0.78,0,0
PH098315000,TITAY,0.05,0,0,0.05,0.05,0,0,0,0,0
PH098316000,TUNGAWAN,2.74,1.02,1.02,2.74,0.1,0,2.64,1.02,0,0
PH099701000,CITY OF ISABELA,3.25,0.79,0.79,3.25,0.02,0,3.23,0.79,0,0
PH101301000,BAUNGON,0.13,0,0,0.13,0,0,0.13,0,0,0
PH101302000,DAMULOG,0.06,0,0,0.06,0.06,0,0,0,0,0
PH101303000,DANGCAGAN,0,0,0,0,0,0,0,0,0,0
PH101304000,DON CARLOS,0,0,0,0,0,0,0,0,0,0
PH101305000,IMPASUG-ONG,0.56,0.04,0.04,0.56,0,0,0.56,0,0,0.04
PH101306000,KADINGILAN,0,0,0,0,0,0,0,0,0,0
PH101307000,KALILANGAN,0,0,0,0,0,0,0,0,0,0
PH101308000,KIBAWE,0.03,0,0,0.03,0.03,0,0,0,0,0
PH101309000,KITAOTAO,0.45,0.03,0.03,0.45,0.45,0,0,0,0,0.03
PH101310000,LANTAPAN,0.05,0.02,0.02,0.05,0.05,0,0,0,0,0.02
PH101311000,LIBONA,0.23,0,0,0.23,0.03,0,0.2,0,0,0
PH101312000,CITY OF MALAYBALAY (Capital),0.13,0.04,0.04,0.13,0.12,0.01,0,0,0,0.04
PH101313000,MALITBOG,0.7,0,0,0.7,0.7,0,0,0,0,0
PH101314000,MANOLO FORTICH,0.07,0,0,0.07,0,0,0.07,0,0,0
PH101315000,MARAMAG,0.02,0,0,0.02,0.01,0.01,0,0,0,0
PH101316000,PANGANTUCAN,0,0,0,0,0,0,0,0,0,0
PH101317000,QUEZON,0.05,0.01,0.01,0.05,0.04,0.01,0,0,0,0.01
PH101318000,SAN FERNANDO,0.06,0,0,0.06,0.06,0,0,0,0,0
PH101319000,SUMILAO,0.67,0.03,0.03,0.67,0.03,0,0.65,0,0,0.03
PH101320000,TALAKAG,0.04,0,0,0.04,0.04,0,0,0,0,0
PH101321000,CITY OF VALENCIA,0.09,0.03,0.03,0.09,0.08,0.01,0,0,0,0.03
PH101322000,CABANGLASAN,0.08,0,0,0.08,0.08,0,0,0,0,0
PH101801000,CATARMAN,4.09,0.22,0.22,4.09,0.86,0,3.23,0.22,0,0
PH101802000,GUINSILIBAN,1.53,2.29,2.29,1.53,0.19,0,1.34,2.1,0.19,0
PH101803000,MAHINOG,4.4,0.46,0.46,4.4,0.09,0,4.3,0.46,0,0
PH101804000,MAMBAJAO (Capital),4.85,0.77,0.77,4.85,0.62,0,4.22,0.77,0,0
PH101805000,SAGAY,4.83,0.25,0.25,4.83,1.02,0,3.81,0.25,0,0
PH103501000,BACOLOD,6.7,0.42,0.42,6.7,0,0,6.7,0.42,0,0
PH103502000,BALOI,0,0,0,0,0,0,0,0,0,0
PH103503000,BAROY,3.38,4.23,4.23,3.38,0,0,3.38,4.23,0,0
PH103504000,ILIGAN CITY,3.84,2.6,2.6,3.84,0.1,0,3.74,1.52,1.08,0
PH103505000,KAPATAGAN,0.86,6.13,6.13,0.86,0.09,0,0.77,6.11,0,0.02
PH103506000,SULTAN NAGA DIMAPORO (KAROMATAN),2.77,1.84,1.84,2.77,0.56,0,2.21,1.84,0,0
PH103507000,KAUSWAGAN,5.23,2.09,2.09,5.23,0,0,5.23,2.09,0,0
PH103508000,KOLAMBUGAN,3.63,2.87,2.87,3.63,0,0,3.63,2.87,0,0
PH103509000,LALA,1.05,9.84,9.84,1.05,0,0,1.05,9.83,0.02,0
PH103510000,LINAMON,7.72,0.59,0.59,7.72,0,0,7.72,0.59,0,0
PH103511000,MAGSAYSAY,0,0,0,0,0,0,0,0,0,0
PH103512000,MAIGO,5.1,4.16,4.16,5.1,0,0,5.1,3.85,0.31,0
PH103513000,MATUNGAO,0,0,0,0,0,0,0,0,0,0
PH103514000,MUNAI,0.17,0,0,0.17,0.17,0,0,0,0,0
PH103515000,NUNUNGAN,0.37,0,0,0.37,0.37,0,0,0,0,0
PH103516000,PANTAO RAGAT,0,0,0,0,0,0,0,0,0,0
PH103517000,POONA PIAGAPO,0,0,0,0,0,0,0,0,0,0
PH103518000,SALVADOR,0,0,0,0,0,0,0,0,0,0
PH103519000,SAPAD,0,0,0,0,0,0,0,0,0,0
PH103520000,TAGOLOAN,2.47,0,0,2.47,2.08,0,0.39,0,0,0
PH103521000,TANGCAL,0,0,0,0,0,0,0,0,0,0
PH103522000,TUBOD (Capital),3.87,1.21,1.21,3.87,0,0,3.87,1.21,0,0
PH103523000,PANTAR,3.6,0,0,3.63,0.2,0,3.4,0,0,0
PH104201000,ALORAN,3.97,6.06,6.06,3.97,0.03,0,3.94,6.03,0.03,0
PH104202000,BALIANGAO,3.99,0.5,0.5,3.99,0,0,3.99,0.5,0,0
PH104203000,BONIFACIO,0.91,3.68,3.68,0.91,0,0,0.91,3.68,0,0
PH104204000,CALAMBA,0,0,0,0,0,0,0,0,0,0
PH104205000,CLARIN,1.88,9.35,9.35,1.88,0.13,0,1.75,9.32,0.03,0
PH104206000,CONCEPCION,0,0.3,0.3,0,0,0,0,0,0,0.3
PH104207000,JIMENEZ,1.8,3.08,3.08,1.8,0.07,0,1.73,3.05,0,0.04
PH104208000,LOPEZ JAENA,3.58,3.81,3.81,3.58,0,0,3.58,3.76,0,0.05
PH104209000,OROQUIETA CITY (Capital),3.35,9.85,9.85,3.35,0.09,0,3.26,9.8,0.01,0.03
PH104210000,OZAMIS CITY,2.14,9.2,9.2,2.14,0.01,0,2.13,9.2,0,0
PH104211000,PANAON,1.06,11.51,11.5,1.06,0,0,1.06,11.51,0,0
PH104212000,PLARIDEL,1.98,23.81,23.8,1.98,0,0,1.98,23.81,0,0
PH104213000,SAPANG DALAGA,1.76,0.2,0.2,1.76,0,0,1.76,0.13,0,0.07
PH104214000,SINACABAN,1.24,2.54,2.54,1.24,0.25,0,0.99,2.54,0,0
PH104215000,TANGUB CITY,1.65,0.47,0.47,1.65,0,0,1.65,0.41,0.02,0.04
PH104216000,TUDELA,1.64,1.46,1.46,1.64,0.23,0,1.41,1.46,0,0
PH104217000,DON VICTORIANO CHIONGBIAN  (DON MARIANO MARCOS),1.84,0.05,0.05,1.84,1.79,0.05,0,0,0,0.05
PH104301000,ALUBIJID,1.15,2.45,2.45,1.15,0.22,0,0.94,2.35,0,0.1
PH104302000,BALINGASAG,1.95,8.34,8.34,1.96,0.6,0.01,1.34,8.31,0.02,0.02
PH104303000,BALINGOAN,2.8,1.73,1.73,2.8,0,0,2.8,1.73,0,0
PH104304000,BINUANGAN,3.34,0,0,3.34,0,0,3.34,0,0,0
PH104305000,CAGAYAN DE ORO CITY (Capital),2.61,6.63,6.63,2.61,0.05,0,2.56,5.9,0.7,0.03
PH104306000,CLAVERIA,0.89,0.15,0.15,0.89,0.89,0,0,0,0,0.15
PH104307000,CITY OF EL SALVADOR,1.51,4.41,4.41,1.51,0.02,0,1.49,4.41,0,0
PH104308000,GINGOOG CITY,2.14,15.15,15.1,2.14,0.16,0.01,1.97,15.07,0.04,0.04
PH104309000,GITAGUM,3.13,0.04,0.04,3.13,0,0,3.13,0,0,0.04
PH104310000,INITAO,2.46,0.86,0.86,2.46,0.16,0.05,2.25,0.86,0,0
PH104311000,JASAAN,4.38,3.57,3.57,4.38,0.06,0,4.32,3.55,0,0.03
PH104312000,KINOGUITAN,3.21,0.94,0.94,3.21,0,0,3.21,0.94,0,0
PH104313000,LAGONGLONG,1.95,14.84,14.8,1.95,0.16,0,1.8,14.84,0,0
PH104314000,LAGUINDINGAN,1.92,0.09,0.09,1.92,0,0,1.92,0.09,0,0
PH104315000,LIBERTAD,2.61,0.54,0.54,2.61,0,0,2.61,0.54,0,0
PH104316000,LUGAIT,0.09,0,0,0.09,0.09,0,0,0,0,0
PH104317000,MAGSAYSAY (LINUGOS),2.08,0.74,0.74,2.08,0,0,2.08,0.6,0,0.13
PH104318000,MANTICAO,2.85,1.94,1.94,2.85,0.32,0,2.53,1.88,0.05,0
PH104319000,MEDINA,4.08,1.39,1.39,4.08,0.1,0,3.98,1.36,0,0.03
PH104320000,NAAWAN,2.26,4.36,4.36,2.26,0.47,0.16,1.63,4.28,0,0.08
PH104321000,OPOL,2.14,9.26,9.26,2.14,0,0.02,2.12,9.24,0,0.02
PH104322000,SALAY,3,2.66,2.66,3,0,0,3,2.66,0,0
PH104323000,SUGBONGCOGON,1.3,0.13,0.13,1.3,0,0,1.3,0,0,0.13
PH104324000,TAGOLOAN,3.21,8.06,8.06,3.21,0.17,0,3.04,8.03,0,0.03
PH104325000,TALISAYAN,3.96,1.89,1.89,3.96,0.12,0,3.84,1.77,0,0.12
PH104326000,VILLANUEVA,3.48,2.14,2.14,3.48,0.06,0.03,3.39,2.14,0,0
PH112301000,ASUNCION (SAUG),0.02,0.04,0.04,0.02,0.02,0,0,0,0,0.04
PH112303000,CARMEN,1.29,3.93,3.93,1.29,0,0,1.29,3.21,0.72,0
PH112305000,KAPALONG,0.32,0.03,0.03,0.32,0.32,0,0,0,0,0.03
PH112314000,NEW CORELLA,0.02,0.05,0.05,0.02,0.02,0,0,0,0,0.05
PH112315000,CITY OF PANABO,1.65,11.77,11.7,1.65,0,0,1.65,11.52,0.23,0.02
PH112317000,ISLAND GARDEN CITY OF SAMAL,0.93,0.29,0.29,0.93,0.01,0.02,0.9,0.24,0,0.05
PH112318000,SANTO TOMAS,0,0.03,0.03,0,0,0,0,0,0,0.03
PH112319000,CITY OF TAGUM (Capital),0.27,4.65,4.65,0.27,0,0,0.27,4.11,0.55,0
PH112322000,TALAINGOD,2.68,0,0,2.68,2.68,0,0,0,0,0
PH112323000,BRAULIO E. DUJALI,0,0,0,0,0,0,0,0,0,0
PH112324000,SAN ISIDRO,0.09,0.05,0.05,0.09,0.09,0,0,0,0,0.05
PH112401000,BANSALAN,0.06,0.03,0.03,0.06,0.06,0,0,0,0,0.03
PH112402000,DAVAO CITY,1.36,9.01,9.01,1.36,0.15,0,1.21,8.98,0.01,0.02
PH112403000,CITY OF DIGOS (Capital),1.1,3.83,3.83,1.1,0.12,0,0.98,3.82,0.01,0
PH112404000,HAGONOY,0.57,9.85,9.85,0.57,0,0,0.57,9.82,0.03,0
PH112406000,KIBLAWAN,0.16,0,0,0.16,0.16,0,0,0,0,0
PH112407000,MAGSAYSAY,0.1,0,0,0.1,0.1,0,0,0,0,0
PH112408000,MALALAG,2.49,1.84,1.84,2.49,0.16,0,2.33,1.8,0,0.03
PH112410000,MATANAO,0.1,0.02,0.02,0.1,0.1,0,0,0,0,0.02
PH112411000,PADADA,1.76,5.44,5.44,1.76,0.19,0,1.57,5.38,0.06,0
PH112412000,SANTA CRUZ,3.01,4.03,4.03,3.01,0.44,0,2.57,4.01,0.01,0.01
PH112414000,SULOP,3,8.88,8.88,3,0,0,3,8.85,0.03,0
PH112501000,BAGANGA,3.47,5.01,5.01,3.47,1.86,0.01,1.59,4.98,0,0.03
PH112502000,BANAYBANAY,3.97,6.24,6.24,3.97,0.79,0.05,3.12,6.19,0.05,0
PH112503000,BOSTON,1.51,2.3,2.3,1.51,0.92,0,0.59,2.3,0,0
PH112504000,CARAGA,4.34,0.3,0.3,4.34,2.64,0,1.7,0.16,0,0.13
PH112505000,CATEEL,2.51,5.32,5.32,2.51,1.09,0,1.42,5.23,0.05,0.05
PH112506000,GOVERNOR GENEROSO,3.47,4.26,4.26,3.47,0.99,0,2.48,4.26,0,0
PH112507000,LUPON,2.45,3.23,3.23,2.45,1.2,0,1.24,3.17,0.04,0.02
PH112508000,MANAY,2.8,1.07,1.07,2.8,0.88,0,1.92,1.07,0,0
PH112509000,CITY OF MATI (Capital),3.83,1.34,1.34,3.83,0.55,0.01,3.26,1.3,0,0.04
PH112510000,SAN ISIDRO,1.87,1.15,1.15,1.87,0.84,0,1.03,1.15,0,0
PH112511000,TARRAGONA,4.6,0,0,4.6,1.47,0,3.13,0,0,0
PH118201000,COMPOSTELA,0.02,0,0,0.02,0.02,0,0,0,0,0
PH118202000,LAAK (SAN VICENTE),0.09,0,0,0.09,0.02,0,0.07,0,0,0
PH118203000,MABINI (DOÃ‘A ALICIA),1.14,1.06,1.06,1.14,0,0,1.14,1.06,0,0
PH118204000,MACO,1.31,2.84,2.84,1.31,0,0,1.31,2.84,0,0
PH118205000,MARAGUSAN (SAN MARIANO),0.03,0,0,0.03,0.03,0,0,0,0,0
PH118206000,MAWAB,0.17,0,0,0.17,0,0,0.17,0,0,0
PH118207000,MONKAYO,1.19,0,0,1.19,1.19,0,0,0,0,0
PH118208000,MONTEVISTA,0.03,0,0,0.03,0,0,0.03,0,0,0
PH118209000,NABUNTURAN (Capital),0,0,0,0,0,0,0,0,0,0
PH118210000,NEW BATAAN,0,0,0,0,0,0,0,0,0,0
PH118211000,PANTUKAN,2.49,3.1,3.1,2.49,0.65,0,1.84,3.1,0,0
PH118601000,DON MARCELINO,6.94,0.15,0.15,6.94,5.03,0,1.91,0.15,0,0
PH118602000,JOSE ABAD SANTOS (TRINIDAD),5.15,0.42,0.42,5.15,1.47,0.03,3.65,0.42,0,0
PH118603000,MALITA,2.77,5.42,5.42,2.77,1.51,0.02,1.24,5.42,0,0
PH118604000,SANTA MARIA,2.3,0.73,0.73,2.29,0.94,0,1.35,0.73,0,0
PH118605000,SARANGANI,7.88,0.25,0.25,7.88,0.19,0.06,7.63,0.19,0,0.06
PH124701000,ALAMADA,0.02,0,0,0.02,0,0.02,0,0,0,0
PH124702000,CARMEN,0,0,0,0,0,0,0,0,0,0
PH124703000,KABACAN,0,0,0,0,0,0,0,0,0,0
PH124704000,CITY OF KIDAPAWAN (Capital),0.11,0.02,0.02,0.11,0.11,0,0,0,0,0.02
PH124705000,LIBUNGAN,0,0,0,0,0,0,0,0,0,0
PH124706000,MAGPET,0.98,0.02,0.02,0.98,0.96,0.02,0,0,0,0.02
PH124707000,MAKILALA,0.09,0.02,0.02,0.09,0.09,0,0,0,0,0.02
PH124708000,MATALAM,0,0,0,0,0,0,0,0,0,0
PH124709000,MIDSAYAP,0,0,0,0,0,0,0,0,0,0
PH124710000,M'LANG,0,0,0,0,0,0,0,0,0,0
PH124711000,PIGKAWAYAN,0,0,0,0,0,0,0,0,0,0
PH124712000,PIKIT,0,0,0,0,0,0,0,0,0,0
PH124713000,PRESIDENT ROXAS,0.33,0.03,0.03,0.33,0.33,0,0,0,0,0.03
PH124714000,TULUNAN,0,0,0,0,0,0,0,0,0,0
PH124715000,ANTIPAS,0.03,0,0,0.03,0.03,0,0,0,0,0
PH124716000,BANISILAN,0,0,0,0,0,0,0,0,0,0
PH124717000,ALEOSAN,0,0,0,0,0,0,0,0,0,0
PH124718000,ARAKAN,0.78,0.08,0.08,0.78,0.76,0.02,0,0,0,0.08
PH126302000,BANGA,0,0,0,0,0,0,0,0,0,0
PH126303000,GENERAL SANTOS CITY (DADIANGAS),1.65,0.71,0.71,1.65,0.01,0,1.64,0.7,0,0
PH126306000,CITY OF KORONADAL (Capital),0.01,0,0,0.01,0.01,0,0,0,0,0
PH126311000,NORALA,0,0,0,0,0,0,0,0,0,0
PH126312000,POLOMOLOK,0,0,0,0,0,0,0,0,0,0
PH126313000,SURALLAH,0.01,0,0,0.01,0.01,0,0,0,0,0
PH126314000,TAMPAKAN,0,0,0,0,0,0,0,0,0,0
PH126315000,TANTANGAN,0,0,0,0,0,0,0,0,0,0
PH126316000,T'BOLI,0.75,0.01,0.01,0.75,0.69,0,0.06,0,0,0.01
PH126317000,TUPI,0,0,0,0,0,0,0,0,0,0
PH126318000,SANTO NIÃ‘O,0,0,0,0,0,0,0,0,0,0
PH126319000,LAKE SEBU,0.11,0.02,0.02,0.11,0.1,0,0.01,0,0,0.02
PH126501000,BAGUMBAYAN,0.49,0.03,0.03,0.49,0.49,0,0,0,0,0.03
PH126502000,COLUMBIO,0.24,0.03,0.03,0.24,0.24,0,0,0,0,0.03
PH126503000,ESPERANZA,0.31,0.02,0.02,0.31,0.31,0,0,0,0,0.02
PH126504000,ISULAN (Capital),0.52,0,0,0.52,0.49,0.01,0.01,0,0,0
PH126505000,KALAMANSIG,2.85,2.1,2.1,2.85,1.47,0.06,1.32,2.1,0,0
PH126506000,LEBAK,1.78,2.64,2.64,1.78,0.43,0.01,1.33,2.52,0.01,0.11
PH126507000,LUTAYAN,0.2,0,0,0.2,0.2,0,0,0,0,0
PH126508000,LAMBAYONG (MARIANO MARCOS),0,0,0,0,0,0,0,0,0,0
PH126509000,PALIMBANG,2.12,9.01,9.01,2.12,0.37,0,1.76,8.91,0.07,0.02
PH126510000,PRESIDENT QUIRINO,0,0,0,0,0,0,0,0,0,0
PH126511000,CITY OF TACURONG,0,0.01,0.01,0,0,0,0,0,0,0.01
PH126512000,SEN. NINOY AQUINO,0.46,0.1,0.1,0.46,0.18,0,0.28,0,0,0.1
PH128001000,ALABEL (Capital),2.22,0.17,0.17,2.22,0.76,0,1.46,0.17,0,0
PH128002000,GLAN,4.13,5.37,5.37,4.13,1.7,0,2.44,5.29,0,0.08
PH128003000,KIAMBA,2.47,2.63,2.63,2.47,0.13,0,2.34,2.63,0,0
PH128004000,MAASIM,2.88,1.33,1.33,2.88,0.61,0,2.26,1.3,0,0.02
PH128005000,MAITUM,1.98,2.92,2.92,1.98,0,0,1.98,2.92,0,0
PH128006000,MALAPATAN,4.18,0.33,0.33,4.18,2.26,0,1.92,0.31,0,0.02
PH128007000,MALUNGON,1.07,0,0,1.07,0.91,0.01,0.15,0,0,0
PH129804000,COTABATO CITY,0.02,0,0,0.02,0,0,0.02,0,0,0
PH133901000,TONDO I / II,0.53,47.16,47.1,0.53,0,0,0.53,47.15,0.01,0
PH133902000,BINONDO,0,75.88,75.8,0,0,0,0,75.88,0,0
PH133903000,QUIAPO,0,4.8,4.8,0,0,0,0,4.8,0,0
PH133904000,SAN NICOLAS,0,62.98,62.9,0,0,0,0,62.98,0,0
PH133905000,SANTA CRUZ,2.4,9.1,9.1,2.4,0,0,2.4,8.15,0.95,0
PH133906000,SAMPALOC,3.95,3.15,3.15,3.95,0,0,3.95,2.18,0.97,0
PH133907000,SAN MIGUEL,0,1.83,1.83,0,0,0,0,1.83,0,0
PH133908000,ERMITA,0.06,38.27,38.2,0.06,0,0,0.06,38.27,0,0
PH133909000,INTRAMUROS,0.34,5,5,0.34,0,0,0.34,5,0,0
PH133910000,MALATE,0.16,25.67,25.6,0.16,0,0,0.16,25.67,0,0
PH133911000,PACO,0.33,7.84,7.84,0.33,0,0,0.33,7.47,0.37,0
PH133912000,PANDACAN,6.52,1.71,1.71,6.52,0,0,6.52,1.51,0.21,0
PH133913000,PORT AREA,0.08,15.72,15.7,0.08,0,0,0.08,15.72,0,0
PH133914000,SANTA ANA,3.91,4.72,4.72,3.91,0,0,3.91,2.71,2.01,0
PH137401000,CITY OF MANDALUYONG,0,0,0,0,0,0,0,0,0,0
PH137402000,CITY OF MARIKINA,0,0,0,0,0,0,0,0,0,0
PH137403000,CITY OF PASIG,0,0,0,0,0,0,0,0,0,0
PH137404000,QUEZON CITY,0,0,0,0,0,0,0,0,0,0
PH137405000,CITY OF SAN JUAN,0,0,0,0,0,0,0,0,0,0
PH137501000,CALOOCAN CITY,0.35,2.67,2.67,0.35,0,0,0.35,2.67,0,0
PH137502000,CITY OF MALABON,1.41,45.64,45.6,1.41,0,0,1.41,45.64,0,0
PH137503000,CITY OF NAVOTAS,0.1,65.71,65.7,0.1,0,0,0.1,65.71,0,0
PH137504000,CITY OF VALENZUELA,1.22,0.19,0.19,1.22,0,0,1.22,0.19,0,0
PH137601000,CITY OF LAS PIÃ‘AS,2,2.95,2.95,2,0,0,2,2.94,0.01,0
PH137602000,CITY OF MAKATI,1.14,0.25,0.25,1.14,0,0,1.14,0.22,0.03,0
PH137603000,CITY OF MUNTINLUPA,0,0,0,0,0,0,0,0,0,0
PH137604000,CITY OF PARAÃ‘AQUE,1.09,1,1,1.09,0,0,1.09,1,0.01,0
PH137605000,PASAY CITY,2.16,2.67,2.67,2.16,0,0,2.16,2.37,0.31,0
PH137606000,PATEROS,0,0,0,0,0,0,0,0,0,0
PH137607000,TAGUIG CITY,0,0,0,0,0,0,0,0,0,0
PH140101000,BANGUED (Capital),0,0,0,0,0,0,0,0,0,0
PH140102000,BOLINEY,0,0,0,0,0,0,0,0,0,0
PH140103000,BUCAY,0,0,0,0,0,0,0,0,0,0
PH140104000,BUCLOC,0,0,0,0,0,0,0,0,0,0
PH140105000,DAGUIOMAN,0,0,0,0,0,0,0,0,0,0
PH140106000,DANGLAS,0,0,0,0,0,0,0,0,0,0
PH140107000,DOLORES,0,0,0,0,0,0,0,0,0,0
PH140108000,LA PAZ,0,0,0,0,0,0,0,0,0,0
PH140109000,LACUB,0,0,0,0,0,0,0,0,0,0
PH140110000,LAGANGILANG,0,0,0,0,0,0,0,0,0,0
PH140111000,LAGAYAN,0,0,0,0,0,0,0,0,0,0
PH140112000,LANGIDEN,0,0,0,0,0,0,0,0,0,0
PH140113000,LICUAN-BAAY (LICUAN),0,0,0,0,0,0,0,0,0,0
PH140114000,LUBA,0,0,0,0,0,0,0,0,0,0
PH140115000,MALIBCONG,0.78,0,0,0.78,0,0,0.78,0,0,0
PH140116000,MANABO,0,0,0,0,0,0,0,0,0,0
PH140117000,PEÃ‘ARRUBIA,0,0,0,0,0,0,0,0,0,0
PH140118000,PIDIGAN,0,0,0,0,0,0,0,0,0,0
PH140119000,PILAR,0,0,0,0,0,0,0,0,0,0
PH140120000,SALLAPADAN,0,0,0,0,0,0,0,0,0,0
PH140121000,SAN ISIDRO,0,0,0,0,0,0,0,0,0,0
PH140122000,SAN JUAN,0,0,0,0,0,0,0,0,0,0
PH140123000,SAN QUINTIN,0,0,0,0,0,0,0,0,0,0
PH140124000,TAYUM,0,0,0,0,0,0,0,0,0,0
PH140125000,TINEG,0.31,0,0,0.31,0.13,0,0.18,0,0,0
PH140126000,TUBO,0.35,0,0,0.35,0.35,0,0,0,0,0
PH140127000,VILLAVICIOSA,0,0,0,0,0,0,0,0,0,0
PH141101000,ATOK,3.23,0.01,0.01,3.23,3.2,0.03,0,0,0,0.01
PH141102000,BAGUIO CITY,0.2,0.09,0.09,0.2,0.19,0.01,0,0,0,0.09
PH141103000,BAKUN,1.05,0.01,0.01,1.05,1.05,0,0,0,0,0.01
PH141104000,BOKOD,1.93,0,0,1.93,1.93,0,0,0,0,0
PH141105000,BUGUIAS,0.26,0,0,0.26,0.26,0,0,0,0,0
PH141106000,ITOGON,1.46,0.06,0.06,1.46,1.43,0.03,0,0,0,0.06
PH141107000,KABAYAN,0,0,0,0,0,0,0,0,0,0
PH141108000,KAPANGAN,4.33,0.13,0.13,4.33,4.33,0,0,0,0,0.13
PH141109000,KIBUNGAN,1.09,0.02,0.02,1.09,1.09,0,0,0,0,0.02
PH141110000,LA TRINIDAD (Capital),1.08,0.06,0.06,1.08,1.05,0.03,0,0,0,0.06
PH141111000,MANKAYAN,0.03,0,0,0.03,0.03,0,0,0,0,0
PH141112000,SABLAN,0.12,0,0,0.12,0.12,0,0,0,0,0
PH141113000,TUBA,0.15,0,0,0.15,0.11,0.01,0.03,0,0,0
PH141114000,TUBLAY,2.35,0.15,0.15,2.35,2.32,0.03,0,0,0,0.15
PH142701000,BANAUE,0,0,0,0,0,0,0,0,0,0
PH142702000,HUNGDUAN,2.01,0,0,2.01,2.01,0,0,0,0,0
PH142703000,KIANGAN,3.46,0.07,0.07,3.46,3.46,0,0,0,0,0.07
PH142704000,LAGAWE (Capital),2.77,0.03,0.03,2.77,2.77,0,0,0,0,0.03
PH142705000,LAMUT,0,0,0,0,0,0,0,0,0,0
PH142706000,MAYOYAO,0.12,0,0,0.12,0.12,0,0,0,0,0
PH142707000,ALFONSO LISTA (POTIA),0,0,0,0,0,0,0,0,0,0
PH142708000,AGUINALDO,0,0,0,0,0,0,0,0,0,0
PH142709000,HINGYON,0,0,0,0,0,0,0,0,0,0
PH142710000,TINOC,2.43,0.05,0.05,2.43,2.43,0,0,0,0,0.05
PH142711000,ASIPULO,0.4,0,0,0.4,0.4,0,0,0,0,0
PH143201000,BALBALAN,9.82,0,0,9.82,9.74,0,0.08,0,0,0
PH143206000,LUBUAGAN,9.8,0,0,9.8,9.8,0,0,0,0,0
PH143208000,PASIL,9.26,0.07,0.07,9.26,9.26,0,0,0,0,0.07
PH143209000,PINUKPUK,2.14,0.06,0.06,2.14,1.38,0,0.76,0,0,0.06
PH143211000,RIZAL (LIWAN),0.48,0,0,0.48,0.06,0,0.42,0,0,0
PH143213000,CITY OF TABUK (Capital),0.71,0.04,0.04,0.71,0.71,0,0,0,0,0.04
PH143214000,TANUDAN,0.79,0,0,0.79,0.79,0,0,0,0,0
PH143215000,TINGLAYAN,0.97,0,0,0.97,0.97,0,0,0,0,0
PH144401000,BARLIG,6.75,0,0,6.75,6.75,0,0,0,0,0
PH144402000,BAUKO,3.01,0.15,0.15,3.01,3,0.01,0,0,0,0.15
PH144403000,BESAO,3.93,0,0,3.93,3.8,0.13,0,0,0,0
PH144404000,BONTOC (Capital),7.87,0.04,0.04,7.87,7.87,0,0,0,0,0.04
PH144405000,NATONIN,8.3,0.22,0.22,8.3,8.3,0,0,0,0,0.22
PH144406000,PARACELIS,0.42,0.02,0.02,0.42,0.4,0.02,0,0,0,0.02
PH144407000,SABANGAN,10.02,0,0,10,10.02,0,0,0,0,0
PH144408000,SADANGA,6.03,0.08,0.08,6.03,6.03,0,0,0,0,0.08
PH144409000,SAGADA,3.77,0.07,0.07,3.77,3.7,0.07,0,0,0,0.07
PH144410000,TADIAN,4.58,0.07,0.07,4.58,4.54,0.05,0,0,0,0.07
PH148101000,CALANASAN (BAYAG),0.57,0,0,0.57,0.57,0,0,0,0,0
PH148102000,CONNER,0,0,0,0,0,0,0,0,0,0
PH148103000,FLORA,0,0,0,0,0,0,0,0,0,0
PH148104000,KABUGAO (Capital),0,0,0,0,0,0,0,0,0,0
PH148105000,LUNA,0,0,0,0,0,0,0,0,0,0
PH148106000,PUDTOL,0,0,0,0,0,0,0,0,0,0
PH148107000,SANTA MARCELA,0,0,0,0,0,0,0,0,0,0
PH150702000,CITY OF LAMITAN,4.7,0.74,0.74,4.7,0.12,0,4.58,0.72,0.02,0
PH150703000,LANTAWAN,1.96,1.34,1.34,1.96,0,0,1.96,1.34,0,0
PH150704000,MALUSO,1.61,9.69,9.69,1.61,0,0,1.61,9.69,0,0
PH150705000,SUMISIP,1.38,0.21,0.21,1.39,0.1,0.04,1.24,0.15,0,0.05
PH150706000,TIPO-TIPO,0.28,0.96,0.96,0.28,0,0,0.28,0.96,0,0
PH150707000,TUBURAN,0.76,0,0,0.76,0.19,0,0.57,0,0,0
PH150708000,AKBAR,1.64,0.14,0.14,1.64,0,0,1.64,0.14,0,0
PH150709000,AL-BARKA,0.39,3.13,3.13,0.39,0,0,0.39,3.13,0,0
PH150710000,HADJI MOHAMMAD AJUL,2.75,0.39,0.39,2.75,0.08,0,2.68,0.39,0,0
PH150711000,UNGKAYA PUKAN,0.22,0.22,0.22,0.22,0,0,0.22,0.22,0,0
PH150712000,HADJI MUHTAMAD,3.59,2.34,2.34,3.59,0,0,3.59,2.34,0,0
PH150713000,TABUAN-LASA,0.77,12.34,12.3,0.77,0,0,0.77,12.34,0,0
PH153601000,BACOLOD-KALAWI (BACOLOD GRANDE),0,0,0,0,0,0,0,0,0,0
PH153602000,BALABAGAN,0,0,0,0,0,0,0,0,0,0
PH153603000,BALINDONG (WATU),0.12,0,0,0.12,0.06,0.06,0,0,0,0
PH153604000,BAYANG,0.14,0,0,0.14,0.14,0,0,0,0,0
PH153605000,BINIDAYAN,1.48,0,0,1.48,1.48,0,0,0,0,0
PH153606000,BUBONG,0.08,0,0,0.08,0.08,0,0,0,0,0
PH153607000,BUTIG,0.39,0,0,0.39,0.13,0,0.26,0,0,0
PH153609000,GANASSI,0.71,0,0,0.71,0.71,0,0,0,0,0
PH153610000,KAPAI,0,0,0,0,0,0,0,0,0,0
PH153611000,LUMBA-BAYABAO (MAGUING),0.19,0,0,0.19,0.19,0,0,0,0,0
PH153612000,LUMBATAN,0.05,0,0,0,0.05,0,0,0,0,0
PH153613000,MADALUM,0,0,0,0,0,0,0,0,0,0
PH153614000,MADAMBA,0.28,0,0,0.28,0.28,0,0,0,0,0
PH153615000,MALABANG,0,0,0,0,0,0,0,0,0,0
PH153616000,MARANTAO,0,0,0,0,0,0,0,0,0,0
PH153617000,MARAWI CITY (Capital),0.44,0,0,0.44,0.05,0,0.4,0,0,0
PH153618000,MASIU,0,0,0,0,0,0,0,0,0,0
PH153619000,MULONDO,0,0,0,0,0,0,0,0,0,0
PH153620000,PAGAYAWAN (TATARIKAN),0,0,0,0,0,0,0,0,0,0
PH153621000,PIAGAPO,0.46,0,0,0.46,0.46,0,0,0,0,0
PH153622000,POONA BAYABAO (GATA),0,0,0,0,0,0,0,0,0,0
PH153623000,PUALAS,0.1,0,0,0.1,0.1,0,0,0,0,0
PH153624000,DITSAAN-RAMAIN,0.19,0,0,0.19,0.19,0,0,0,0,0
PH153625000,SAGUIARAN,0.02,0,0,0,0.02,0,0,0,0,0
PH153626000,TAMPARAN,0,0,0,0,0,0,0,0,0,0
PH153627000,TARAKA,0,0,0,0,0,0,0,0,0,0
PH153628000,TUBARAN,0.13,0,0,0.13,0.13,0,0,0,0,0
PH153629000,TUGAYA,0.26,0,0,0.26,0.26,0,0,0,0,0
PH153630000,WAO,0,0,0,0,0,0,0,0,0,0
PH153631000,MAROGONG,0,0,0,0,0,0,0,0,0,0
PH153632000,CALANOGAS,0,0,0,0,0,0,0,0,0,0
PH153633000,BUADIPOSO-BUNTONG,0,0,0,0,0,0,0,0,0,0
PH153634000,MAGUING,0.07,0,0,0.07,0.07,0,0,0,0,0
PH153635000,PICONG (SULTAN GUMANDER),0.4,0.32,0.32,0.4,0.32,0,0.08,0.32,0,0
PH153636000,LUMBAYANAGUE,1.95,0,0,1.95,0,0,1.95,0,0,0
PH153637000,BUMBARAN,0.3,0,0,0.3,0.3,0,0,0,0,0
PH153638000,TAGOLOAN II,1.61,0,0,1.61,1.61,0,0,0,0,0
PH153639000,KAPATAGAN,0,0,0,0,0,0,0,0,0,0
PH153640000,SULTAN DUMALONDONG,0.64,0,0,0.64,0,0,0.64,0,0,0
PH153641000,LUMBACA-UNAYAN,0,0,0,0,0,0,0,0,0,0
PH153801000,AMPATUAN,0.12,0,0,0.12,0.04,0,0.08,0,0,0
PH153802000,BULDON,0.22,0,0,0.22,0.22,0,0,0,0,0
PH153803000,BULUAN,0,0,0,0,0,0,0,0,0,0
PH153805000,DATU PAGLAS,0,0,0,0,0,0,0,0,0,0
PH153806000,DATU PIANG,0,0,0,0,0,0,0,0,0,0
PH153807000,DATU ODIN SINSUAT (DINAIG),0.19,0.01,0.01,0.19,0.15,0,0.05,0,0,0.01
PH153808000,SHARIFF AGUAK (MAGANOY) (Capital),0,0,0,0,0,0,0,0,0,0
PH153809000,MATANOG,0.34,0,0,0.34,0,0,0.34,0,0,0
PH153810000,PAGALUNGAN,0,0,0,0,0,0,0,0,0,0
PH153811000,PARANG,0.35,0,0,0.35,0,0.02,0.33,0,0,0
PH153812000,SULTAN KUDARAT (NULING),0.31,0,0,0.31,0,0,0.31,0,0,0
PH153813000,SULTAN SA BARONGIS (LAMBAYONG),0,0,0,0,0,0,0,0,0,0
PH153814000,KABUNTALAN (TUMBAO),0,0,0,0,0,0,0,0,0,0
PH153815000,UPI,0.21,0.06,0.06,0.21,0.19,0.02,0,0,0,0.06
PH153816000,TALAYAN,0.19,0,0,0.19,0.19,0,0,0,0,0
PH153817000,SOUTH UPI,0.45,0.02,0.02,0.45,0.07,0.02,0.36,0,0,0.02
PH153818000,BARIRA,0,0,0,0,0,0,0,0,0,0
PH153819000,GEN. S.K. PENDATUN,0,0,0,0,0,0,0,0,0,0
PH153820000,MAMASAPANO,0,0,0,0,0,0,0,0,0,0
PH153821000,TALITAY,0,0,0,0,0,0,0,0,0,0
PH153822000,PAGAGAWAN,0,0,0,0,0,0,0,0,0,0
PH153823000,PAGLAT,0,0,0,0,0,0,0,0,0,0
PH153824000,SULTAN MASTURA,0.16,0,0,0.16,0,0,0.16,0,0,0
PH153825000,GUINDULUNGAN,0.11,0,0,0.11,0.11,0,0,0,0,0
PH153826000,DATU SAUDI-AMPATUAN,0,0,0,0,0,0,0,0,0,0
PH153827000,DATU UNSAY,0,0,0,0,0,0,0,0,0,0
PH153828000,DATU ABDULLAH SANGKI,0,0,0,0,0,0,0,0,0,0
PH153829000,RAJAH BUAYAN,0,0,0,0,0,0,0,0,0,0
PH153830000,DATU BLAH T. SINSUAT,1.87,1.44,1.44,1.87,0.65,0,1.22,1.36,0.07,0
PH153831000,DATU ANGGAL MIDTIMBANG,0,0,0,0,0,0,0,0,0,0
PH153832000,MANGUDADATU,0,0,0,0,0,0,0,0,0,0
PH153833000,PANDAG,0,0,0,0,0,0,0,0,0,0
PH153834000,NORTHERN KABUNTALAN,0,0,0,0,0,0,0,0,0,0
PH153835000,DATU HOFFER AMPATUAN,0,0,0,0,0,0,0,0,0,0
PH153836000,DATU SALIBO,0,0,0,0,0,0,0,0,0,0
PH153837000,SHARIFF SAYDONA MUSTAPHA,0,0,0,0,0,0,0,0,0,0
PH156601000,INDANAN,1.7,1.16,1.16,1.7,0,0,1.7,1.16,0,0
PH156602000,JOLO (Capital),3.21,24.47,24.4,3.21,0,0,3.21,24.47,0,0
PH156603000,KALINGALAN CALUANG,1.35,0.36,0.36,1.35,0,0,1.35,0.36,0,0
PH156604000,LUUK,1.02,0.8,0.8,1.02,0,0,1.02,0.8,0,0
PH156605000,MAIMBUNG,1.78,3.48,3.48,1.78,0,0,1.78,3.48,0,0
PH156606000,HADJI PANGLIMA TAHIL (MARUNGGAS),0,31.58,31.5,0,0,0,0,31.58,0,0
PH156607000,OLD PANAMAO,1.23,0.54,0.54,1.23,0,0,1.23,0.54,0,0
PH156608000,PANGUTARAN,0.11,2.36,2.36,0.11,0,0,0.11,2.36,0,0
PH156609000,PARANG,1.24,0.53,0.53,1.24,0.12,0,1.12,0.53,0,0
PH156610000,PATA,3.84,0.31,0.31,3.84,0,0,3.84,0.31,0,0
PH156611000,PATIKUL,1.86,0.25,0.25,1.86,0,0,1.86,0.25,0,0
PH156612000,SIASI,1.73,2.07,2.07,1.73,0,0,1.73,2.07,0,0
PH156613000,TALIPAO,0.48,0.24,0.24,0.48,0.08,0,0.4,0.24,0,0
PH156614000,TAPUL,10.06,2.52,2.52,10,0,0,10.06,2.52,0,0
PH156615000,TONGKIL,1.56,18.01,18,1.56,0,0,1.56,18.01,0,0
PH156616000,PANGLIMA ESTINO (NEW PANAMAO),1.98,0.37,0.37,1.98,0.12,0,1.85,0.37,0,0
PH156617000,LUGUS,3.45,1.04,1.04,3.45,0,0,3.45,1.04,0,0
PH156618000,PANDAMI,2.95,0.31,0.31,2.95,0,0,2.95,0.31,0,0
PH156619000,OMAR,1.66,1,1,1.66,0.08,0,1.58,1,0,0
PH157001000,PANGLIMA SUGALA (BALIMBING),3.71,0.85,0.85,3.71,0.13,0,3.58,0.85,0,0
PH157002000,BONGAO (Capital),6.14,0.83,0.83,6.14,0.42,0,5.72,0.77,0,0.06
PH157003000,MAPUN (CAGAYAN DE TAWI-TAWI),3.45,0.73,0.73,3.45,0,0,3.45,0.73,0,0
PH157004000,SIMUNUL,0.31,4.3,4.3,0.31,0,0,0.31,4.3,0,0
PH157005000,SITANGKAI,0,1.6,1.6,0,0,0,0,1.6,0,0
PH157006000,SOUTH UBIAN,1.21,0.3,0.3,1.21,0,0,1.21,0.3,0,0
PH157007000,TANDUBAS,2.08,4.25,4.25,2.08,0,0,2.08,4.16,0,0.09
PH157008000,TURTLE ISLANDS,0,0,0,0,0,0,0,0,0,0
PH157009000,LANGUYAN,2.63,1.06,1.06,2.63,0,0,2.63,1.06,0,0
PH157010000,SAPA-SAPA,3.32,0.86,0.86,3.32,0,0,3.32,0.86,0,0
PH157011000,SIBUTU,0.74,4.31,4.31,0.74,0,0,0.74,4.31,0,0
PH160201000,BUENAVISTA,0.76,25.13,25.1,0.76,0.04,0.02,0.7,25.13,0,0
PH160202000,BUTUAN CITY (Capital),1.63,1.46,1.46,1.63,0,0,1.63,1.43,0.04,0
PH160203000,CITY OF CABADBARAN,2.04,22.58,22.5,2.04,0,0,2.04,22.55,0.03,0
PH160204000,CARMEN,1.94,5.37,5.37,1.94,0,0,1.94,5.29,0,0.07
PH160205000,JABONGA,1.06,0,0,1.06,0,0,1.06,0,0,0
PH160206000,KITCHARAO,1.23,0,0,1.23,0,0,1.23,0,0,0
PH160207000,LAS NIEVES,0,0,0,0,0,0,0,0,0,0
PH160208000,MAGALLANES,0.77,69.32,69.3,0.77,0,0,0.77,69.32,0,0
PH160209000,NASIPIT,2.7,3.9,3.9,2.7,0,0,2.7,3.9,0,0
PH160210000,SANTIAGO,0.22,0,0,0.22,0.22,0,0,0,0,0
PH160211000,TUBAY,2.07,10.41,10.4,2.07,0,0,2.07,10.41,0,0
PH160212000,REMEDIOS T. ROMUALDEZ,0.34,0.09,0.09,0.34,0,0,0.34,0.09,0,0
PH160301000,CITY OF BAYUGAN,0,0,0,0,0,0,0,0,0,0
PH160302000,BUNAWAN,0,0,0,0,0,0,0,0,0,0
PH160303000,ESPERANZA,0.21,0,0,0.21,0.19,0.02,0,0,0,0
PH160304000,LA PAZ,0,0,0,0,0,0,0,0,0,0
PH160305000,LORETO,0.03,0,0,0.03,0.03,0,0,0,0,0
PH160306000,PROSPERIDAD (Capital),0.02,0,0,0.02,0.02,0,0,0,0,0
PH160307000,ROSARIO,0,0,0,0,0,0,0,0,0,0
PH160308000,SAN FRANCISCO,0,0,0,0,0,0,0,0,0,0
PH160309000,SAN LUIS,0,0,0,0,0,0,0,0,0,0
PH160310000,SANTA JOSEFA,0,0,0,0,0,0,0,0,0,0
PH160311000,TALACOGON,0,0,0,0,0,0,0,0,0,0
PH160312000,TRENTO,0,0,0,0,0,0,0,0,0,0
PH160313000,VERUELA,0,0,0,0,0,0,0,0,0,0
PH160314000,SIBAGAT,0.09,0,0,0.09,0.09,0,0,0,0,0
PH166701000,ALEGRIA,0.34,0.11,0.11,0.34,0.34,0,0,0,0,0.11
PH166702000,BACUAG,1.38,18.57,18.5,1.38,0.1,0,1.28,18.57,0,0
PH166704000,BURGOS,2.38,2.78,2.78,2.38,0,0,2.38,2.78,0,0
PH166706000,CLAVER,2.94,5.01,5.01,2.94,0.33,0,2.6,4.61,0.3,0.1
PH166707000,DAPA,2.05,3.8,3.8,2.05,0.12,0,1.93,3.8,0,0
PH166708000,DEL CARMEN,4.52,1.22,1.22,4.52,0,0,4.52,1.22,0,0
PH166710000,GENERAL LUNA,0.31,14.58,14.5,0.31,0,0,0.31,14.43,0.08,0.08
PH166711000,GIGAQUIT,1.53,12.41,12.4,1.53,0.22,0,1.31,12.41,0,0
PH166714000,MAINIT,0.21,0,0,0.21,0.21,0,0,0,0,0
PH166715000,MALIMONO,8.12,0.19,0.19,8.12,0.58,0,7.54,0.19,0,0
PH166716000,PILAR,2.05,9.42,9.42,2.05,0,0,2.05,9.3,0.12,0
PH166717000,PLACER,1.71,1.92,1.92,1.71,0,0,1.71,1.87,0,0.05
PH166718000,SAN BENITO,2.29,0.92,0.92,2.29,0,0,2.29,0.92,0,0
PH166719000,SAN FRANCISCO (ANAO-AON),7.11,2.09,2.09,7.11,0,0,7.11,2.09,0,0
PH166720000,SAN ISIDRO,2.01,0.43,0.43,2.01,0,0,2.01,0.29,0,0.14
PH166721000,SANTA MONICA (SAPAO),2.18,3.51,3.51,2.18,0,0,2.18,3.51,0,0
PH166722000,SISON,0,0,0,0,0,0,0,0,0,0
PH166723000,SOCORRO,2.51,0.91,0.91,2.51,0,0,2.51,0.91,0,0
PH166724000,SURIGAO CITY (Capital),2.41,14.24,14.2,2.42,0.03,0.01,2.37,14.2,0.01,0.03
PH166725000,TAGANA-AN,3.13,10.25,10.2,3.17,0,0.06,3.07,10.25,0,0
PH166727000,TUBOD,0,0,0,0,0,0,0,0,0,0
PH166801000,BAROBO,2.63,0.27,0.27,2.63,0.05,0,2.57,0.21,0,0.05
PH166802000,BAYABAS,4.19,26.01,26,4.19,0,0,4.19,26.01,0,0
PH166803000,CITY OF BISLIG,2.12,12.73,12.7,2.12,0.3,0,1.82,12.72,0,0.02
PH166804000,CAGWAIT,2.23,11.37,11.3,2.23,0,0.08,2.15,11.37,0,0
PH166805000,CANTILAN,0.87,35.65,35.6,0.87,0.15,0,0.73,35.29,0.36,0
PH166806000,CARMEN,1.19,1,1,1.19,0,0,1.19,0.46,0.36,0.18
PH166807000,CARRASCAL,3.1,20.98,20.9,3.1,0.14,0,2.96,20.94,0,0.05
PH166808000,CORTES,5.01,2.97,2.97,5.01,0,0,5.01,2.97,0,0
PH166809000,HINATUAN,1.38,17.81,17.8,1.38,0,0,1.38,17.81,0,0
PH166810000,LANUZA,2.49,10.19,10.1,2.49,0.15,0,2.35,9.38,0.81,0
PH166811000,LIANGA,1.68,12.2,12.2,1.68,0.05,0,1.63,12.2,0,0
PH166812000,LINGIG,1.17,7.88,7.88,1.17,0,0,1.17,7.88,0,0
PH166813000,MADRID,1.45,3.84,3.84,1.45,0.13,0,1.32,3.84,0,0
PH166814000,MARIHATAG,1.64,19.02,19,1.64,0,0,1.64,18.81,0.1,0.1
PH166815000,SAN AGUSTIN,1.1,19.16,19.1,1.1,0,0,1.1,19.16,0,0
PH166816000,SAN MIGUEL,0.22,0,0,0.22,0.22,0,0,0,0,0
PH166817000,TAGBINA,0,0,0,0,0,0,0,0,0,0
PH166818000,TAGO,1.71,21.81,21.8,1.71,0,0.04,1.67,21.24,0.53,0.04
PH166819000,CITY OF TANDAG (Capital),1.63,38.03,38,1.63,0,0,1.63,38.01,0,0.03
PH168501000,BASILISA (RIZAL),3.07,0.09,0.09,3.07,0.28,0,2.79,0.09,0,0
PH168502000,CAGDIANAO,1.89,0.11,0.11,1.89,0.21,0,1.68,0.11,0,0
PH168503000,DINAGAT,0,0,0,0,0,0,0,0,0,0
PH168504000,LIBJO (ALBOR),3.2,0.09,0.09,3.2,0.19,0,3.01,0.09,0,0
PH168505000,LORETO,4.58,3.4,3.4,4.58,0.79,0,3.8,3.27,0,0.13
PH168506000,SAN JOSE (Capital),0,0,0,0,0,0,0,0,0,0
PH168507000,TUBAJON,3.88,3.39,3.39,3.88,0.81,0,3.07,3.23,0,0.16
PH174001000,BOAC (Capital),0,0,0,0,0,0,0,0,0,0
PH174002000,BUENAVISTA,0,0,0,0,0,0,0,0,0,0
PH174003000,GASAN,0,0,0,0,0,0,0,0,0,0
PH174004000,MOGPOG,0,0,0,0,0,0,0,0,0,0
PH174005000,SANTA CRUZ,0,0,0,0,0,0,0,0,0,0
PH174006000,TORRIJOS,0,0,0,0,0,0,0,0,0,0
PH175101000,ABRA DE ILOG,2.64,6.18,6.18,2.64,1.17,0.03,1.43,6.12,0,0.06
PH175102000,CALINTAAN,1.09,0.03,0.03,1.09,1.03,0,0.06,0.03,0,0
PH175103000,LOOC,3.26,10.14,10.1,3.26,0.27,0,2.99,10.14,0,0
PH175104000,LUBANG,2.78,11.49,11.4,2.78,0.06,0,2.72,11.49,0,0
PH175105000,MAGSAYSAY,0.2,0,0,0.2,0.2,0,0,0,0,0
PH175106000,MAMBURAO (Capital),1.66,38.13,38.1,1.66,0.35,0.02,1.29,38.07,0,0.07
PH175107000,PALUAN,4.37,3.59,3.59,4.37,1.8,0,2.57,3.59,0,0
PH175108000,RIZAL,0.37,0,0,0.37,0.37,0,0,0,0,0
PH175109000,SABLAYAN,3.67,10.66,10.6,3.67,2.59,0.01,1.08,10.6,0.01,0.04
PH175110000,SAN JOSE,0.13,0.01,0.01,0.13,0.13,0,0,0,0,0.01
PH175111000,SANTA CRUZ,2.49,21.04,21,2.49,1.84,0,0.65,21.01,0.03,0
PH175201000,BACO,2.58,7.27,7.27,2.58,2.04,0.02,0.52,7.21,0.02,0.04
PH175202000,BANSUD,1.11,2.26,2.26,1.11,0.3,0,0.81,2.2,0.04,0.02
PH175203000,BONGABONG,1.46,16.07,16,1.46,0.31,0,1.16,16.05,0,0.01
PH175204000,BULALACAO (SAN PEDRO),0.19,0,0,0.19,0.17,0,0.03,0,0,0
PH175205000,CITY OF CALAPAN (Capital),1.38,12.28,12.2,1.38,0,0,1.38,12.28,0.01,0
PH175206000,GLORIA,1.4,2.13,2.13,1.4,0.13,0,1.27,2.07,0.06,0
PH175207000,MANSALAY,3.94,2.35,2.35,3.94,0.6,0,3.33,2.33,0,0.02
PH175208000,NAUJAN,0.82,7.89,7.89,0.82,0.4,0,0.43,7.74,0.15,0
PH175209000,PINAMALAYAN,1.59,10.43,10.4,1.59,0.05,0.01,1.53,9.99,0.44,0
PH175210000,POLA,1.47,1.63,1.63,1.47,0.06,0.03,1.38,1.63,0,0
PH175211000,PUERTO GALERA,6.47,1.07,1.07,6.47,0.64,0.03,5.8,0.92,0,0.15
PH175212000,ROXAS,1.22,4.11,4.11,1.22,0.16,0,1.07,4.05,0.06,0
PH175213000,SAN TEODORO,3.59,4.73,4.73,3.59,2.45,0,1.14,4.69,0,0.04
PH175214000,SOCORRO,0.07,0.07,0.07,0.07,0.07,0,0,0,0,0.07
PH175215000,VICTORIA,0.1,0,0,0.1,0.1,0,0,0,0,0
PH175301000,ABORLAN,1.94,3.82,3.82,1.94,0.05,0,1.88,3.82,0,0
PH175302000,AGUTAYA,5.52,0.36,0.36,5.52,0,0,5.52,0.36,0,0
PH175303000,ARACELI,0.07,0,0,0.07,0.07,0,0,0,0,0
PH175304000,BALABAC,4.4,3.14,3.14,4.4,0,0,4.4,2.95,0.19,0
PH175305000,BATARAZA,1.81,2.68,2.68,1.81,0.07,0,1.74,2.55,0.11,0.01
PH175306000,BROOKE'S POINT,1.48,8.98,8.98,1.48,0.41,0,1.07,8.92,0.06,0
PH175307000,BUSUANGA,0.16,0.08,0.08,0.16,0,0,0.16,0.08,0,0
PH175308000,CAGAYANCILLO,0,0,0,0,0,0,0,0,0,0
PH175309000,CORON,0.7,0.07,0.07,0.7,0.48,0.02,0.2,0.02,0,0.05
PH175310000,CUYO,1.62,0.08,0.08,1.62,0,0,1.62,0.08,0,0
PH175311000,DUMARAN,0.32,0.43,0.43,0.32,0.04,0,0.28,0.43,0,0
PH175312000,EL NIDO (BACUIT),4.89,2.22,2.22,4.89,0.44,0.02,4.43,2.15,0.05,0.02
PH175313000,LINAPACAN,1.94,0.61,0.61,1.94,0.1,0.1,1.74,0.41,0,0.2
PH175314000,MAGSAYSAY,0.32,0,0,0.33,0,0.05,0.27,0,0,0
PH175315000,NARRA,1.8,9.69,9.69,1.8,0.01,0,1.79,9.48,0.21,0
PH175316000,PUERTO PRINCESA CITY (Capital),3.46,2.12,2.12,3.46,0.09,0,3.37,2.1,0.02,0.01
PH175317000,QUEZON,2.51,4.5,4.5,2.51,0.07,0.02,2.43,4.48,0,0.02
PH175318000,ROXAS,1.86,10.56,10.5,1.86,0.12,0.01,1.73,10.56,0,0
PH175319000,SAN VICENTE,3.69,17.35,17.3,3.69,0.08,0.03,3.58,17.33,0,0.03
PH175320000,TAYTAY,3.4,1.14,1.14,3.4,0.15,0.02,3.22,1.1,0.01,0.02
PH175322000,CULION,0.84,0.11,0.11,0.84,0.05,0.05,0.74,0.05,0,0.05
PH175323000,RIZAL (MARCOS),2.34,10.02,10,2.34,0.1,0,2.24,9.99,0.03,0
PH175324000,SOFRONIO ESPAÃ‘OLA,2.43,2.94,2.94,2.42,0.01,0.05,2.37,2.91,0,0.03
PH175901000,ALCANTARA,0.18,0,0,0.18,0.09,0.09,0,0,0,0
PH175902000,BANTON,9.77,0,0,9.77,5.08,0,4.7,0,0,0
PH175903000,CAJIDIOCAN,2.01,4.02,4.02,2.01,0.08,0,1.93,4.02,0,0
PH175904000,CALATRAVA,4.48,2.04,2.04,4.48,0.2,0,4.28,2.04,0,0
PH175905000,CONCEPCION,5.77,0.21,0.21,5.77,1.03,0,4.74,0.21,0,0
PH175906000,CORCUERA,4.72,0.1,0.1,4.72,0.21,0,4.51,0.1,0,0
PH175907000,LOOC,0.08,0,0,0.08,0.08,0,0,0,0,0
PH175908000,MAGDIWANG,2.7,7.56,7.56,2.7,0,0,2.7,7.56,0,0
PH175909000,ODIONGAN,1.67,15.97,15.9,1.67,0.32,0,1.35,15.97,0,0
PH175910000,ROMBLON (Capital),6.03,0.38,0.38,6.03,0.05,0.11,5.87,0.38,0,0
PH175911000,SAN AGUSTIN,5.98,4.64,4.64,5.98,0.45,0.07,5.46,4.64,0,0
PH175912000,SAN ANDRES,3.18,6.35,6.35,3.18,0,0,3.18,6.35,0,0
PH175913000,SAN FERNANDO,3.54,2.11,2.11,3.54,1.58,0,1.96,2.11,0,0
PH175914000,SAN JOSE,0,0,0,0,0,0,0,0,0,0
PH175915000,SANTA FE,0,0,0,0,0,0,0,0,0,0
PH175916000,FERROL,0,0,0,0,0,0,0,0,0,0
PH175917000,SANTA MARIA (IMELDA),4.81,0.52,0.52,4.81,0.34,0,4.47,0.52,0,0
PH184501000,BACOLOD CITY (Capital),0,0,0,0,0,0,0,0,0,0
PH184502000,BAGO CITY,0.03,0,0,0.03,0.03,0,0,0,0,0
PH184503000,BINALBAGAN,0,0,0,0,0,0,0,0,0,0
PH184504000,CADIZ CITY,0.27,0,0,0.27,0.27,0,0,0,0,0
PH184505000,CALATRAVA,0.1,0,0,0.1,0.07,0.03,0,0,0,0
PH184506000,CANDONI,0.03,0,0,0.03,0.03,0,0,0,0,0
PH184507000,CAUAYAN,1.46,1.38,1.38,1.46,0.21,0,1.25,1.35,0.03,0
PH184508000,ENRIQUE B. MAGALONA (SARAVIA),0,0,0,0,0,0,0,0,0,0
PH184509000,CITY OF ESCALANTE,0,0,0,0,0,0,0,0,0,0
PH184510000,CITY OF HIMAMAYLAN,0,0,0,0,0,0,0,0,0,0
PH184511000,HINIGARAN,0,0,0,0,0,0,0,0,0,0
PH184512000,HINOBA-AN (ASIA),1.63,7.58,7.58,1.63,0.16,0.03,1.44,7.58,0,0
PH184513000,ILOG,0,0,0,0,0,0,0,0,0,0
PH184514000,ISABELA,0,0,0,0,0,0,0,0,0,0
PH184515000,CITY OF KABANKALAN,0,0,0,0,0,0,0,0,0,0
PH184516000,LA CARLOTA CITY,0.32,0,0,0.32,0.32,0,0,0,0,0
PH184517000,LA CASTELLANA,0.23,0,0,0.23,0.23,0,0,0,0,0
PH184518000,MANAPLA,0,0,0,0,0,0,0,0,0,0
PH184519000,MOISES PADILLA (MAGALLON),0.04,0,0,0.04,0.04,0,0,0,0,0
PH184520000,MURCIA,0.38,0,0,0.38,0.36,0.02,0,0,0,0
PH184521000,PONTEVEDRA,0.31,15.47,15.4,0.31,0,0,0.31,15.47,0,0
PH184522000,PULUPANDAN,0,0,0,0,0,0,0,0,0,0
PH184523000,SAGAY CITY,0.02,0,0,0.02,0,0.01,0.01,0,0,0
PH184524000,SAN CARLOS CITY,0.59,0.08,0.08,0.59,0.55,0.01,0.03,0.08,0,0
PH184525000,SAN ENRIQUE,1.75,35.67,35.6,1.75,0,0,1.75,35.67,0,0
PH184526000,SILAY CITY,0.03,0,0,0.03,0.03,0,0,0,0,0
PH184527000,CITY OF SIPALAY,1.61,7.77,7.77,1.61,0.32,0.02,1.27,7.75,0.02,0
PH184528000,CITY OF TALISAY,0.04,0,0,0.04,0.04,0,0,0,0,0
PH184529000,TOBOSO,0.13,0,0,0.13,0.03,0.1,0,0,0,0
PH184530000,VALLADOLID,0,0,0,0,0,0,0,0,0,0
PH184531000,CITY OF VICTORIAS,0,0,0,0,0,0,0,0,0,0
PH184532000,SALVADOR BENEDICTO,0.37,0,0,0.37,0.37,0,0,0,0,0
PH184601000,AMLAN (AYUQUITAN),2.93,7.33,7.33,2.92,0.03,0.02,2.88,7.33,0,0
PH184602000,AYUNGON,1.7,7.53,7.53,1.7,0.54,0.13,1.03,7.44,0,0.09
PH184603000,BACONG,1.61,0.02,0.02,1.61,0.05,0,1.56,0.02,0,0
PH184604000,BAIS CITY,2.32,11.87,11.8,2.32,0.47,0.02,1.84,11.78,0,0.09
PH184605000,BASAY,1.47,5.46,5.46,1.47,0.22,0,1.25,5.42,0,0.04
PH184606000,CITY OF BAYAWAN (TULONG),0.7,4.74,4.74,0.7,0.11,0,0.58,4.68,0.01,0.05
PH184607000,BINDOY (PAYABON),2.23,1.88,1.88,2.23,0.67,0.04,1.53,1.72,0,0.16
PH184608000,CANLAON CITY,0.63,0.1,0.1,0.63,0.61,0.02,0,0,0,0.1
PH184609000,DAUIN,2.02,0.21,0.21,2.01,0.04,0,1.98,0.21,0,0
PH184610000,DUMAGUETE CITY (Capital),2.23,1.11,1.11,2.23,0,0,2.23,1.1,0.01,0
PH184611000,CITY OF GUIHULNGAN,2.79,0.49,0.49,2.79,0.46,0.01,2.32,0.35,0.05,0.09
PH184612000,JIMALALUD,3.76,0.52,0.52,3.76,1.08,0.12,2.56,0.4,0,0.12
PH184613000,LA LIBERTAD,2.28,0.6,0.6,2.28,0.48,0,1.79,0.4,0,0.2
PH184614000,MABINAY,0.12,0.02,0.02,0.12,0.12,0,0,0,0,0.02
PH184615000,MANJUYOD,2.82,4.36,4.36,2.82,0.59,0.03,2.2,4.32,0,0.03
PH184616000,PAMPLONA,0.4,0,0,0.4,0.13,0.03,0.23,0,0,0
PH184617000,SAN JOSE,2.36,2.38,2.38,2.34,0.19,0.02,2.14,2.29,0,0.1
PH184618000,SANTA CATALINA,2.5,1.67,1.67,2.5,0.21,0.02,2.27,1.64,0,0.04
PH184619000,SIATON,3.03,4.44,4.44,3.03,0.2,0.04,2.79,4.33,0.02,0.09
PH184620000,SIBULAN,2.36,3.83,3.83,2.36,0.15,0,2.21,3.8,0.02,0.02
PH184621000,CITY OF TANJAY,2.78,21.88,21.8,2.78,0.05,0,2.74,21.7,0.13,0.05
PH184622000,TAYASAN,2.11,0.18,0.18,2.1,0.83,0.01,1.27,0.09,0,0.09
PH184623000,VALENCIA (LUZURRIAGA),1.26,0,0,1.26,1.23,0.04,0,0,0,0
PH184624000,VALLEHERMOSO,2.67,2,2,2.67,0.76,0.04,1.87,1.87,0,0.13
PH184625000,ZAMBOANGUITA,3.47,0.85,0.85,3.47,0.31,0,3.16,0.8,0.04,0
