,year,actual,predicted,typhoon
265,,0.0,0.647381,fengshen2008
266,,15.050697084917616,2.1002362,fengshen2008
268,,0.0128106584678452,0.49690455,fengshen2008
271,,1.4964643973030751,4.486607,fengshen2008
273,,0.0090702947845804,0.81015927,fengshen2008
275,,0.0,0.9869801,fengshen2008
277,,6.41025641025641,6.95277,fengshen2008
283,,1.8582755203171455,2.1510339,fengshen2008
284,,1.3445378151260503,6.953707,fengshen2008
291,,7.681671531725303,3.776459,fengshen2008
297,,0.0,2.1331825,fengshen2008
299,,0.6240465954791291,1.2704333,fengshen2008
306,,0.1701258931609391,3.0021367,fengshen2008
311,,2.8998778998779,5.9247074,fengshen2008
312,,1.4743049705139006,4.45708,fengshen2008
314,,25.10206606457998,13.538223,fengshen2008
315,,0.0,1.6179327,fengshen2008
316,,0.0,3.5797043,fengshen2008
321,,12.189213311232946,8.669601,fengshen2008
324,,1.0568893528183716,2.819249,fengshen2008
325,,10.04003029319485,5.1867747,fengshen2008
328,,7.627765064836003,10.025213,fengshen2008
331,,5.478948336091193,0.71803236,fengshen2008
332,,1.2903225806451613,1.1057359,fengshen2008
333,,1.164680390032503,3.4986475,fengshen2008
335,,95.06456468351422,4.270307,fengshen2008
337,,8.16643982111608,8.267641,fengshen2008
338,,4.023205952831378,5.692882,fengshen2008
339,,0.0,0.6696509,fengshen2008
340,,0.0,2.1287482,fengshen2008
341,,0.0,0.71957815,fengshen2008
344,,0.0934142923867351,1.3359003,fengshen2008
346,,3.4509803921568625,5.730771,fengshen2008
348,,0.0,0.85601914,fengshen2008
349,,0.0,3.1984818,fengshen2008
352,,0.4347138792285804,1.9000643,fengshen2008
364,,4.168369431957499,2.2288814,fengshen2008
366,,0.9310548025928108,1.282051,fengshen2008
367,,0.0,0.79096675,fengshen2008
371,,5.261910405309314,1.1595265,fengshen2008
377,,1.823966065747614,7.8202376,fengshen2008
379,,3.8598699391650935,2.5273058,fengshen2008
381,,4.322359119369825,8.487154,fengshen2008
384,,0.0,0.3561025,fengshen2008
387,,0.0454778011483144,0.88468146,fengshen2008
388,,0.0026450128283122,3.9856112,fengshen2008
389,,0.0981932443047918,6.17403,fengshen2008
390,,1.92822710230316,3.255979,fengshen2008
393,,0.2180605438686506,4.6526628,fengshen2008
395,,0.0,0.8615654,fengshen2008
397,,0.0,6.5572224,fengshen2008
404,,0.1262512399675354,0.96342874,fengshen2008
405,,18.628673196794303,2.5851662,fengshen2008
406,,22.13259885894157,12.737424,fengshen2008
410,,0.1858045336306205,7.9105177,fengshen2008
415,,0.0933706816059757,1.2650119,fengshen2008
416,,0.7344300822561692,1.0206677,fengshen2008
417,,0.7048340980118359,4.9878087,fengshen2008
421,,0.3404518724852987,0.7192516,fengshen2008
423,,0.379871988343654,3.4382997,fengshen2008
424,,1.32208344406059,6.139712,fengshen2008
425,,0.0,0.80162007,fengshen2008
427,,0.4028735074264634,5.700915,fengshen2008
428,,0.0,0.59166646,fengshen2008
437,,0.0,2.325401,fengshen2008
443,,1.1404845745519523,2.0659723,fengshen2008
449,,0.0,0.60145223,fengshen2008
450,,0.0,0.69652325,fengshen2008
452,,0.2241572549357703,2.0201917,fengshen2008
457,,9.551098376313275,7.1379814,fengshen2008
458,,10.579651398459667,9.710716,fengshen2008
459,,0.2022401991288114,4.7817917,fengshen2008
461,,6.443298969072164,3.1943798,fengshen2008
462,,3.251689189189189,1.0208907,fengshen2008
464,,4.338130954794242,7.8363457,fengshen2008
470,,0.2413665057556628,4.949645,fengshen2008
473,,2.315484804630969,2.0032144,fengshen2008
475,,3.868172675228222,1.3985188,fengshen2008
478,,0.6784434203789043,1.8817711,fengshen2008
480,,0.4553215708594195,1.5921422,fengshen2008
481,,1.118925831202046,1.3815321,fengshen2008
482,,0.3822351656352384,5.7432675,fengshen2008
485,,0.51698670605613,8.197717,fengshen2008
486,,17.897676094397404,13.393894,fengshen2008
487,,0.4707837164220438,1.626574,fengshen2008
488,,0.7259528130671506,13.319289,fengshen2008
493,,0.7127672877328999,2.0628283,fengshen2008
494,,0.0235890782567671,0.5488528,fengshen2008
496,,0.953053300388281,3.2029483,fengshen2008
497,,2.1922428330522767,4.254174,fengshen2008
502,,0.0,4.2406707,fengshen2008
508,,1.9041471679845088,2.3211362,fengshen2008
509,,0.1903772931810315,1.9411393,fengshen2008
511,,0.0,0.50480103,fengshen2008
512,,0.7797270955165692,6.2156715,fengshen2008
513,,4.386911183027688,4.724449,fengshen2008
515,,0.0,0.6780168,fengshen2008
516,,4.775409386149483,5.0174146,fengshen2008
522,,0.1167280237047679,0.6498343,fengshen2008
524,,5.964965267290849,3.5686615,fengshen2008
525,,3.3675626698882515,3.5686615,fengshen2008
527,,0.4534815681685196,0.91377056,fengshen2008
528,,0.351288056206089,2.7190235,fengshen2008
529,,15.39298143851508,2.6244078,fengshen2008
535,,1.5854374633000587,1.9355348,fengshen2008
536,,24.76945569050832,2.493319,fengshen2008
537,,1.1889862327909888,1.6135943,fengshen2008
539,,1.1287171695246363,3.5028937,fengshen2008
546,,1.9309202141218456,2.337033,fengshen2008
550,,7.015477792732167,3.8387764,fengshen2008
553,,0.7316262055204523,4.173713,fengshen2008
557,,6.101403609281008,2.6726317,fengshen2008
559,,3.050640634533252,2.699955,fengshen2008
560,,0.2477291494632535,2.4050007,fengshen2008
562,,0.7675194660734149,1.2736773,fengshen2008
565,,0.0,1.1183684,fengshen2008
567,,0.3618561089825458,4.6908083,fengshen2008
572,,0.0,0.77464515,fengshen2008
575,,0.0,1.7389439,fengshen2008
579,,2.888047593293672,7.219791,fengshen2008
582,,0.0102490519626934,0.46792972,fengshen2008
585,,1.013342340820807,2.6227915,fengshen2008
587,,5.897617362585515,3.9656386,fengshen2008
588,,16.904378023068336,6.0503755,fengshen2008
591,,0.1737921445950643,2.1418688,fengshen2008
594,,0.5569306930693069,1.1632074,fengshen2008
595,,8.978280819822576,10.219368,fengshen2008
598,,0.0554763036931367,2.1357472,fengshen2008
601,,0.2277196977538557,2.179603,fengshen2008
603,,0.0229252636405318,4.714586,fengshen2008
606,,0.017826900793297,0.8605959,fengshen2008
609,,7.550969041026932,4.2320557,fengshen2008
613,,0.963275135460566,3.7142067,fengshen2008
615,,0.0,1.5404772,fengshen2008
619,,1.4361467079098542,2.3582628,fengshen2008
621,,1.7981201471189212,2.1173306,fengshen2008
623,,0.7754342431761787,4.921257,fengshen2008
625,,2.2101191885705265,5.8648224,fengshen2008
628,,0.2435273006921302,2.357114,fengshen2008
629,,0.0,0.6199846,fengshen2008
630,,0.4808112597255005,4.334548,fengshen2008
631,,5.741818911865088,0.76913935,fengshen2008
633,,0.0647584509778526,4.740726,fengshen2008
634,,0.2798393965202579,2.3220744,fengshen2008
637,,0.0,0.55996466,fengshen2008
639,,0.0,7.2131906,fengshen2008
641,,0.9452037297228254,2.2795968,fengshen2008
642,,0.138048908756245,1.1954702,fengshen2008
644,,0.0,0.61125755,fengshen2008
646,,0.0,0.7054945,fengshen2008
649,,1.163185600271693,2.7155254,fengshen2008
650,,8.743068391866913,7.2564054,fengshen2008
653,,49.29078014184397,2.3168752,fengshen2008
655,,0.1404987706357569,3.6650987,fengshen2008
660,,0.0952728452120327,1.2516844,fengshen2008
662,,10.37553232675184,3.9496198,fengshen2008
663,,0.0092747171211278,1.0004175,fengshen2008
664,,0.1105990783410138,1.4929469,fengshen2008
665,,0.2685347343841214,1.7110213,fengshen2008
667,,0.1461225341822356,1.1075214,fengshen2008
668,,0.0,1.2388462,fengshen2008
669,,0.0855724798904672,6.0713863,fengshen2008
672,,0.0064168377823408,2.8025093,fengshen2008
673,,0.318758228812972,1.9295354,fengshen2008
675,,8.539038215395868,11.88031,fengshen2008
679,,0.667531985907658,1.5262368,fengshen2008
681,,2.9608704749947687,2.3172963,fengshen2008
691,,1.3778100072516315,3.3727424,fengshen2008
692,,0.3178527282359173,1.4397725,fengshen2008
694,,9.77711181869264,11.889613,fengshen2008
697,,20.39258451472192,6.8654113,fengshen2008
698,,0.1296613246200923,1.6381689,fengshen2008
699,,0.1708104004554944,5.3863716,fengshen2008
700,,4.320253666270313,3.9060993,fengshen2008
701,,1.7345399698340875,8.229641,fengshen2008
706,,2.3856502242152464,2.991689,fengshen2008
709,,3.4125839031428398,0.85388863,fengshen2008
711,,4.067993607438617,8.08716,fengshen2008
720,,0.0,5.615721,fengshen2008
730,,0.015401794309037,1.0857699,fengshen2008
734,,8.964629535276607,4.6822743,fengshen2008
737,,0.8652182272639877,6.3360486,fengshen2008
743,,0.1975169300225733,8.307362,fengshen2008
750,,3.928133020868207,6.6313767,fengshen2008
751,,2.349698083486479,1.1002879,fengshen2008
753,,0.0537153088630259,0.6211255,fengshen2008
772,,0.1813351326276726,1.2720594,fengshen2008
773,,1.27862027951234,8.253931,fengshen2008
790,,0.0,0.91982645,fengshen2008
791,,0.0068544794022893,0.5872457,fengshen2008
795,,1.986408782017773,3.3162606,fengshen2008
798,,1.6148325358851676,11.116337,fengshen2008
806,,0.1404234876759912,1.2262348,fengshen2008
816,,0.0534664052753519,5.649595,fengshen2008
820,,5.531914893617021,4.53632,fengshen2008
824,,0.0,0.6221895,fengshen2008
832,,4.552898788077301,12.3267145,fengshen2008
833,,1.455570797134583,4.6562777,fengshen2008
834,,0.8632293556504945,1.475193,fengshen2008
837,,2.7366306803916647,2.449599,fengshen2008
838,,0.0,5.1327915,fengshen2008
841,,0.52916416115454,1.2877,fengshen2008
847,,0.0,9.010619,fengshen2008
849,,2.0163754124404254,3.6572192,fengshen2008
850,,0.1678908709338929,2.9629457,fengshen2008
852,,0.1258851298190401,8.146131,fengshen2008
853,,0.4420580932964614,2.8718429,fengshen2008
854,,0.0,7.585513,fengshen2008
859,,0.0,9.177331,fengshen2008
863,,0.0,2.3888264,fengshen2008
864,,0.0274908691041903,0.99758047,fengshen2008
865,,6.646341463414634,4.565255,fengshen2008
867,,0.2893997023317347,2.3138187,fengshen2008
869,,0.0,0.8514858,fengshen2008
875,,5.133964383122092,0.77096665,fengshen2008
877,,0.1192368839427662,1.635989,fengshen2008
879,,0.0583515681983953,2.9162238,fengshen2008
884,,0.0200347268598904,1.443303,fengshen2008
885,,0.628930817610063,5.6295395,fengshen2008
888,,9.397278029812057,2.5552697,fengshen2008
890,,0.2514305531472169,5.7583594,fengshen2008
895,,0.6690241804453789,3.4921844,fengshen2008
896,,13.848224802288406,5.748708,fengshen2008
899,,4.152568440479852,8.7463,fengshen2008
2165,,32.11975327215285,10.166288,haiyan2013
2166,,40.01314060446781,2.0085711,haiyan2013
2167,,69.19914487748726,6.2613034,haiyan2013
2168,,46.21134629003068,21.491936,haiyan2013
2169,,39.64937778181488,11.848145,haiyan2013
2170,,1.4184397163120568,0.7800847,haiyan2013
2171,,0.2482313516197095,0.75863564,haiyan2013
2172,,10.45589692765114,1.6124874,haiyan2013
2173,,55.8655462184874,10.321222,haiyan2013
2174,,1.1337868480725624,1.9800218,haiyan2013
2175,,19.649715778153325,4.98908,haiyan2013
2176,,0.6071883263147586,2.5832224,haiyan2013
2177,,16.48751446998512,12.061735,haiyan2013
2178,,2.432800272201429,2.3393378,haiyan2013
2180,,89.1025641025641,21.240675,haiyan2013
2181,,24.59983150800337,22.59346,haiyan2013
2182,,40.20784362241742,11.480186,haiyan2013
2183,,68.95612274161171,12.642778,haiyan2013
2184,,0.8415147265077139,1.2195151,haiyan2013
2185,,28.731732776617957,4.4176345,haiyan2013
2186,,50.55717840527967,11.512983,haiyan2013
2187,,57.38803530565544,30.423632,haiyan2013
2188,,45.96433167861739,3.0514762,haiyan2013
2189,,3.97989107666527,1.9073306,haiyan2013
2190,,31.184543156374144,7.3192205,haiyan2013
2191,,55.6849614208764,8.870722,haiyan2013
2192,,9.19749663313,11.925629,haiyan2013
2193,,0.3297105873733056,2.2962935,haiyan2013
2194,,39.14057942834921,9.902578,haiyan2013
2195,,48.42981460461597,11.050306,haiyan2013
2197,,1.1471648639790233,0.5252922,haiyan2013
2199,,32.96732026143791,3.6692557,haiyan2013
2200,,34.99562554680665,5.40248,haiyan2013
2201,,1.6712245518079611,2.8031683,haiyan2013
2202,,46.01855198168895,8.374502,haiyan2013
2203,,0.1324832325908752,0.61314857,haiyan2013
2204,,13.826454161558372,3.7625594,haiyan2013
2205,,1.2728344136711844,1.3464576,haiyan2013
2206,,52.12043766472326,12.175602,haiyan2013
2207,,0.2197802197802197,2.3428328,haiyan2013
2208,,6.684048352690211,10.3356495,haiyan2013
2209,,31.39904610492846,9.953883,haiyan2013
2210,,0.9220584758452204,1.0641171,haiyan2013
2211,,24.96288441145281,2.6428318,haiyan2013
2212,,0.3218020917135961,2.4879699,haiyan2013
2213,,8.93643801132788,3.739356,haiyan2013
2215,,29.1682607697605,4.233599,haiyan2013
2216,,0.1244167962674961,0.6215321,haiyan2013
2217,,29.2842483324782,8.949405,haiyan2013
2218,,9.212835297066936,3.317624,haiyan2013
2219,,48.21722435545804,12.437086,haiyan2013
2220,,40.48975957257346,11.414434,haiyan2013
2221,,50.1409928519903,13.2206,haiyan2013
2223,,2.0066889632107023,1.9271585,haiyan2013
2224,,1.947489901904212,4.622775,haiyan2013
2225,,2.3738280470775983,1.1753712,haiyan2013
2227,,24.04441349427422,6.8918557,haiyan2013
2228,,33.803403236717486,12.002203,haiyan2013
2229,,6.8030826468243415,5.48183,haiyan2013
2230,,0.160178623434618,1.607631,haiyan2013
2231,,0.134901791495791,1.0991495,haiyan2013
2232,,0.1153358194609972,0.52510905,haiyan2013
2233,,37.76738319230567,4.7591267,haiyan2013
2234,,0.060155200417076,0.43005648,haiyan2013
2235,,0.2993731873889045,1.2486057,haiyan2013
2237,,0.0564746528469869,1.2679336,haiyan2013
2238,,0.1443001443001443,0.92593163,haiyan2013
2239,,43.80179708627759,10.283791,haiyan2013
2240,,81.06720597386435,10.702652,haiyan2013
2241,,3.9396170839469806,4.4066734,haiyan2013
2242,,25.010557432432435,9.361489,haiyan2013
2243,,32.80172413793103,7.7167783,haiyan2013
2244,,0.4386839481555333,0.6387594,haiyan2013
2245,,69.22765051692681,21.905346,haiyan2013
2246,,80.86935753522809,12.734271,haiyan2013
2248,,62.370466321243526,9.955086,haiyan2013
2249,,0.0,6.9033184,haiyan2013
2250,,0.6937307297019527,2.1043448,haiyan2013
2251,,0.0,2.0331912,haiyan2013
2252,,13.671008200675349,3.7862062,haiyan2013
2253,,7.104454685099847,3.27629,haiyan2013
2254,,68.81793478260869,17.766138,haiyan2013
2255,,63.83039271485487,7.0865436,haiyan2013
2256,,5.070332480818415,1.3605797,haiyan2013
2257,,49.153622133236254,10.166274,haiyan2013
2258,,0.0739566825145272,1.0353168,haiyan2013
2259,,2.1418020679468244,3.7561932,haiyan2013
2260,,53.99027202305891,11.493811,haiyan2013
2261,,2.05686630369026,1.2576965,haiyan2013
2262,,51.56829679595278,16.872908,haiyan2013
2263,,31.16235587410408,20.926872,haiyan2013
2264,,0.29546065001343,0.44981992,haiyan2013
2265,,80.74874939486848,20.909212,haiyan2013
2266,,0.3904390058089705,0.64845556,haiyan2013
2267,,80.65302144249513,18.933764,haiyan2013
2268,,52.30769230769232,4.218235,haiyan2013
2270,,53.49769492884345,4.3974113,haiyan2013
2271,,2.570397111913357,5.993311,haiyan2013
2272,,3.8195587751070135,2.8836792,haiyan2013
2273,,6.138505168786022,12.029937,haiyan2013
2274,,2.1829076901127125,1.4955972,haiyan2013
2275,,0.0797927574409479,0.7358562,haiyan2013
2276,,53.734693877551024,3.322884,haiyan2013
2277,,51.78234713118434,6.802619,haiyan2013
2278,,61.15977046209604,12.950413,haiyan2013
2279,,80.91334894613583,16.094427,haiyan2013
2280,,3.88631090487239,2.3626163,haiyan2013
2281,,72.71597265382225,14.842653,haiyan2013
2282,,52.7731373204143,11.82699,haiyan2013
2284,,0.0240847784200385,0.6039189,haiyan2013
2285,,73.75197057277983,11.939694,haiyan2013
2286,,15.27777777777778,8.691305,haiyan2013
2287,,72.70807259073842,17.000965,haiyan2013
2288,,4.81875406989364,2.320726,haiyan2013
2289,,51.05910833165221,14.999825,haiyan2013
2290,,15.179709406066785,3.0925517,haiyan2013
2292,,23.78869448183041,3.5637717,haiyan2013
2293,,95.3109411373462,18.013092,haiyan2013
2294,,3.5480193787403818,0.81136245,haiyan2013
2295,,52.51511642866332,8.019763,haiyan2013
2296,,0.5121519694571189,0.7456024,haiyan2013
2297,,26.51204083897459,13.312456,haiyan2013
2298,,21.99942709825265,9.203923,haiyan2013
2299,,47.62050030506406,20.806158,haiyan2013
2300,,0.3478810879190386,2.8759825,haiyan2013
2301,,19.68070465180292,8.103295,haiyan2013
2302,,0.0,4.3375387,haiyan2013
2304,,0.4928050463236744,1.4070264,haiyan2013
2305,,0.6549568323905924,1.5923594,haiyan2013
2306,,14.3252447850149,21.366158,haiyan2013
2308,,10.99640933572711,10.516311,haiyan2013
2309,,43.688480259599785,15.83079,haiyan2013
2310,,2.1747995106701103,1.7946883,haiyan2013
2311,,73.68524719322434,15.708187,haiyan2013
2312,,0.2652959708174432,0.7658857,haiyan2013
2313,,50.43642368483133,15.605166,haiyan2013
2314,,76.0759022696267,31.096708,haiyan2013
2315,,3.932151117964534,2.0697591,haiyan2013
2316,,0.585865983156353,1.6516044,haiyan2013
2317,,4.042690815006468,3.806489,haiyan2013
2318,,17.497705720403793,12.454338,haiyan2013
2319,,1.252179426216516,2.66848,haiyan2013
2321,,0.3014842300556586,1.4291449,haiyan2013
2322,,44.2190249456578,10.28704,haiyan2013
2325,,0.2495766111061591,0.82331526,haiyan2013
2326,,57.18600553737729,18.288937,haiyan2013
2327,,3.7326911499096926,1.6730455,haiyan2013
2328,,50.022094564737074,17.174164,haiyan2013
2329,,54.882604055496266,1.5279087,haiyan2013
2330,,54.90074441687345,9.270476,haiyan2013
2331,,48.839962121212125,13.681587,haiyan2013
2332,,40.19259610071828,24.47266,haiyan2013
2333,,11.984282907662084,17.698503,haiyan2013
2334,,32.055883106895664,11.8062725,haiyan2013
2335,,2.5714082199586863,0.45644584,haiyan2013
2336,,2.8761255354489026,0.9234635,haiyan2013
2337,,1.7667135113431038,1.8057934,haiyan2013
2338,,0.0597470707338931,0.44039196,haiyan2013
2340,,8.430195427257631,3.1948857,haiyan2013
2341,,15.002547121752418,2.8858805,haiyan2013
2342,,0.9798040391921616,1.9767886,haiyan2013
2343,,33.93715341959334,11.065564,haiyan2013
2344,,0.0655236431145571,0.71374893,haiyan2013
2345,,14.2253136933988,5.5382776,haiyan2013
2346,,0.6673691605198454,0.6627409,haiyan2013
2347,,28.646720181626527,11.303859,haiyan2013
2349,,0.5448449287510477,0.8155352,haiyan2013
2350,,86.50539014373717,19.312288,haiyan2013
2351,,49.650058900977065,9.66298,haiyan2013
2352,,57.26823916620955,13.24936,haiyan2013
2353,,14.45876288659794,8.120472,haiyan2013
2354,,83.42749529190208,12.037008,haiyan2013
2355,,0.8738481093104544,2.4300694,haiyan2013
2356,,77.57225433526011,12.3116045,haiyan2013
2357,,3.4192037470725998,1.3204666,haiyan2013
2358,,0.4802015271982995,0.55973715,haiyan2013
2359,,39.21146282075295,11.624549,haiyan2013
2360,,24.673585537328425,23.476736,haiyan2013
2361,,0.4249893752656183,2.1463423,haiyan2013
2362,,15.40348964013086,9.053095,haiyan2013
2363,,0.1446759259259259,0.6695,haiyan2013
2364,,0.5871725383920506,1.3833153,haiyan2013
2365,,2.97969254127918,1.7425874,haiyan2013
2366,,1.5166750460868108,1.8450993,haiyan2013
2367,,18.547085201793724,12.041944,haiyan2013
2368,,10.784635587655943,8.313621,haiyan2013
2369,,1.185621981055141,1.7681388,haiyan2013
2370,,0.2137998056365403,1.529194,haiyan2013
2371,,61.557460409705065,12.795373,haiyan2013
2372,,75.15546342907906,15.22584,haiyan2013
2373,,0.3085687158794208,0.98569995,haiyan2013
2374,,36.44310959749001,10.762896,haiyan2013
2375,,0.4577046957111375,2.4714427,haiyan2013
2376,,49.240530667179385,14.607292,haiyan2013
2377,,0.2533783783783784,2.2677114,haiyan2013
2378,,44.70483204999442,12.445409,haiyan2013
2379,,25.26909950118141,4.649231,haiyan2013
2380,,3.635768096953816,6.769564,haiyan2013
2381,,0.1013513513513513,1.9971745,haiyan2013
2382,,37.654242462791,9.475574,haiyan2013
2384,,0.261756476216265,0.6276962,haiyan2013
2385,,0.5041518386714117,0.5820499,haiyan2013
2386,,1.0372714486638537,1.6080742,haiyan2013
2387,,0.7234211409908122,1.8592197,haiyan2013
2388,,3.4295273943956506,2.5082147,haiyan2013
2389,,2.314397354974452,2.2084672,haiyan2013
2390,,8.444840915848944,2.5485759,haiyan2013
2391,,0.1669170422300116,0.86945814,haiyan2013
2392,,0.4810882548108826,0.8732586,haiyan2013
2393,,54.26302265825742,11.960752,haiyan2013
2394,,44.24986931521171,5.91598,haiyan2013
2395,,2.857577139382885,1.1025085,haiyan2013
2396,,34.70861985135792,24.031492,haiyan2013
2397,,4.844497607655502,6.075046,haiyan2013
2398,,0.0221926320461606,0.91314167,haiyan2013
2399,,34.633129930049115,24.670416,haiyan2013
2400,,44.11016949152543,17.23539,haiyan2013
2401,,2.844757518287727,2.1433153,haiyan2013
2402,,0.3723404255319149,0.7713095,haiyan2013
2404,,13.083371091980064,17.580273,haiyan2013
2405,,82.24697019325254,11.729244,haiyan2013
2406,,29.94208199969517,9.06899,haiyan2013
2407,,22.219432588501128,11.217723,haiyan2013
2408,,0.6446230850902472,0.5085497,haiyan2013
2409,,0.0402576489533011,0.6724221,haiyan2013
2410,,50.183100501831,10.359301,haiyan2013
2411,,4.3604651162790695,4.1642666,haiyan2013
2412,,5.299429657794677,4.2763247,haiyan2013
2413,,1.0304071118294778,3.094694,haiyan2013
2414,,7.643835616438356,2.2816901,haiyan2013
2415,,51.61921055847488,22.281162,haiyan2013
2416,,27.34522560335782,16.918213,haiyan2013
2417,,46.89978370583994,12.091611,haiyan2013
2418,,34.22501966955153,6.9894085,haiyan2013
2419,,24.767364405240105,17.651907,haiyan2013
2420,,3.427787934186472,1.5538344,haiyan2013
2421,,14.859197124026364,6.28632,haiyan2013
2422,,0.0490470852017937,1.7997214,haiyan2013
2423,,49.88780852655198,27.530054,haiyan2013
2424,,12.01219512195122,16.630589,haiyan2013
2425,,48.7183727468166,9.784519,haiyan2013
2428,,42.83651532167496,4.303629,haiyan2013
2429,,0.0,0.5409815,haiyan2013
2431,,47.63513513513514,19.758318,haiyan2013
2432,,1.0696653867251782,4.2650547,haiyan2013
2433,,1.0331702011963024,7.827686,haiyan2013
2434,,1.3636363636363635,1.5110731,haiyan2013
2435,,3.8533457993856017,5.9333534,haiyan2013
2436,,49.36525208560029,6.9559083,haiyan2013
2437,,78.42767295597484,11.407565,haiyan2013
2438,,13.15345699831366,2.780509,haiyan2013
2439,,49.08725986810666,16.929073,haiyan2013
2441,,0.786593707250342,1.9844614,haiyan2013
2442,,9.350968932636112,4.7877865,haiyan2013
2825,,6.290883785664579,1.2697068,kammuri2019
2826,,1.394169835234474,1.1748945,kammuri2019
2830,,17.540359151097405,8.499035,kammuri2019
2831,,13.12870473619344,1.6672871,kammuri2019
2833,,1.1302177229233117,0.32418734,kammuri2019
2834,,1.9578577699736608,4.2065444,kammuri2019
2835,,3.4848062447727908,15.999125,kammuri2019
2836,,2.364209505334627,4.1613407,kammuri2019
2837,,7.515945526633338,4.631204,kammuri2019
2839,,1.0859389627410598,2.9007487,kammuri2019
2840,,0.2805049088359046,1.3036704,kammuri2019
2841,,6.321084864391952,2.160866,kammuri2019
2842,,10.641296687808316,3.0717483,kammuri2019
2844,,4.281537176274018,10.883019,kammuri2019
2845,,0.4846882573254021,0.83658427,kammuri2019
2846,,0.0278200967079552,0.6938212,kammuri2019
2847,,4.403292181069959,10.638232,kammuri2019
2848,,15.329218106995883,10.638232,kammuri2019
2850,,4.014496793978255,1.7806057,kammuri2019
2852,,15.738284703801945,24.848797,kammuri2019
2853,,1.2013910844135314,3.4183097,kammuri2019
2854,,11.79157151754204,19.611843,kammuri2019
2855,,3.2839290903807035,2.2058675,kammuri2019
2856,,1.21580547112462,1.2684448,kammuri2019
2857,,3.198104826769322,1.0128304,kammuri2019
2859,,5.834255502274684,5.5386295,kammuri2019
2860,,2.462542649458537,5.949021,kammuri2019
2861,,0.2946375957572186,1.1001099,kammuri2019
2862,,14.486843382852705,5.635486,kammuri2019
2863,,5.316934720908231,10.683377,kammuri2019
2864,,4.464973056197074,3.361648,kammuri2019
2865,,6.220965461522924,0.9749017,kammuri2019
2866,,2.676841796301732,1.6825151,kammuri2019
2868,,0.0,0.45865265,kammuri2019
2870,,0.5288432314145036,0.8563207,kammuri2019
2872,,1.7884914463452566,0.9867651,kammuri2019
2873,,2.6078710289236606,12.500469,kammuri2019
2874,,1.2877348532826685,3.5771844,kammuri2019
2875,,0.044474093840338,1.5746778,kammuri2019
2876,,2.583237657864524,2.8831632,kammuri2019
2878,,20.87691069991955,6.161641,kammuri2019
2879,,0.8706215833164608,4.3249984,kammuri2019
2880,,5.88235294117647,2.0950446,kammuri2019
2882,,7.141692483287135,12.059393,kammuri2019
2883,,0.2136752136752137,1.8023461,kammuri2019
2884,,0.7681701792397084,1.7495079,kammuri2019
2885,,5.116279069767442,5.0441537,kammuri2019
2886,,2.21980751319466,5.130283,kammuri2019
2887,,0.6582884500299222,1.359553,kammuri2019
2888,,1.8961878380160928,1.4300054,kammuri2019
2889,,1.9385531990574003,13.214947,kammuri2019
2890,,1.1214169679819734,2.085345,kammuri2019
2891,,6.927599625074558,7.0397835,kammuri2019
2892,,4.314822213343987,10.93089,kammuri2019
2893,,0.6035003017501509,0.32761994,kammuri2019
2896,,5.26955816781516,3.0550575,kammuri2019
2898,,2.1596312293564663,2.948117,kammuri2019
2899,,0.2860957467098989,0.66284007,kammuri2019
2900,,0.7240995172669884,1.6890892,kammuri2019
2902,,12.485368708544671,14.106415,kammuri2019
2903,,1.2099213551119177,1.1020029,kammuri2019
2904,,2.1305530371713512,3.1111126,kammuri2019
2905,,4.07925407925408,4.034924,kammuri2019
2906,,0.2392007879555368,3.121062,kammuri2019
2907,,2.571652925009816,3.0007348,kammuri2019
2908,,2.863573840190071,2.9930236,kammuri2019
2909,,0.7589128132721497,1.6979408,kammuri2019
2910,,27.981651376146782,8.360644,kammuri2019
2911,,10.519681985650571,3.4809897,kammuri2019
2912,,1.149245563286686,1.5326406,kammuri2019
2913,,4.838709677419355,14.969677,kammuri2019
2914,,0.1668465992737265,0.9903322,kammuri2019
2915,,3.618163516385192,14.792111,kammuri2019
2916,,0.3230644975193261,0.49866617,kammuri2019
2917,,0.0,0.3724652,kammuri2019
2918,,4.425104756642262,3.7846708,kammuri2019
2919,,7.713909609477841,7.9916744,kammuri2019
2920,,0.8134805345729227,5.1394496,kammuri2019
2921,,1.7843085804250851,17.195452,kammuri2019
2922,,5.922242314647378,10.466036,kammuri2019
2923,,0.1521116678596993,2.3132772,kammuri2019
2924,,17.241096340062366,14.258114,kammuri2019
2925,,2.147487844408428,8.653476,kammuri2019
2926,,3.329586962629953,6.3181753,kammuri2019
2927,,12.75930194270662,9.658583,kammuri2019
2928,,2.8838960349446148,3.807157,kammuri2019
2929,,0.035650623885918,0.36473358,kammuri2019
2931,,1.6450327721372573,3.1037147,kammuri2019
2932,,3.4279800789082207,9.468966,kammuri2019
2935,,3.747276688453159,0.6650833,kammuri2019
2936,,0.7407407407407408,0.6650833,kammuri2019
2938,,4.05982905982906,9.276731,kammuri2019
2939,,0.5852761923188546,0.9207391,kammuri2019
2940,,17.535545023696685,0.58068424,kammuri2019
2942,,0.6146369353916523,0.9853031,kammuri2019
2944,,0.9626752237797668,1.2575318,kammuri2019
2946,,2.388564980252022,7.3598013,kammuri2019
2947,,2.380952380952381,0.82534844,kammuri2019
2949,,1.6379203375108575,6.350605,kammuri2019
2950,,1.1489536315141566,14.937505,kammuri2019
2951,,0.7768361581920904,0.990355,kammuri2019
2952,,3.3585511233379184,1.3911982,kammuri2019
2953,,1.5031645569620251,12.028839,kammuri2019
2954,,0.7487298333184775,1.0289798,kammuri2019
2955,,2.624955052139518,8.96865,kammuri2019
2956,,0.6591337099811676,2.9698358,kammuri2019
2958,,16.616748532406852,4.8572655,kammuri2019
2959,,7.91117279666898,15.953079,kammuri2019
2960,,0.5153690410454629,2.0696044,kammuri2019
2961,,2.089343474079902,1.4480169,kammuri2019
2962,,1.8199545011374716,2.515157,kammuri2019
2963,,1.744129396862516,4.3150477,kammuri2019
2964,,1.9038984587488668,2.471084,kammuri2019
2965,,1.4478647037352477,1.509226,kammuri2019
2966,,8.841020219373597,12.458239,kammuri2019
2967,,19.425418569254184,7.564665,kammuri2019
2968,,3.0977651220985414,2.6443439,kammuri2019
2969,,7.093100732933551,6.066689,kammuri2019
2971,,3.320270444855949,4.797597,kammuri2019
2972,,5.7495012824166425,13.553576,kammuri2019
2973,,4.877522391280889,1.8492539,kammuri2019
2974,,0.272216368106779,0.42531833,kammuri2019
2976,,2.032520325203252,0.5593365,kammuri2019
2979,,1.3520451822693822,1.4914665,kammuri2019
2980,,2.898550724637681,11.692655,kammuri2019
2981,,0.9767308244757252,2.1448722,kammuri2019
2982,,7.544006705783738,17.751184,kammuri2019
2984,,2.673307582842041,3.1496613,kammuri2019
2986,,4.41811538035655,1.2142333,kammuri2019
2987,,5.316114309423785,5.040087,kammuri2019
2988,,5.385103681760474,14.904578,kammuri2019
2989,,0.6936187078874356,1.4750882,kammuri2019
2991,,6.096217407271392,6.700696,kammuri2019
2992,,2.7985484935122056,9.255284,kammuri2019
2993,,1.263001485884101,2.452685,kammuri2019
2994,,12.340247223968154,15.343913,kammuri2019
2995,,0.9406657018813316,1.4291278,kammuri2019
2996,,0.3372681281618886,0.8592997,kammuri2019
2997,,3.029073698444895,10.13434,kammuri2019
2999,,6.262626262626263,0.3007102,kammuri2019
3003,,11.097277107129324,4.8082576,kammuri2019
3006,,14.925373134328357,7.250409,kammuri2019
3007,,5.323044729270206,2.2608593,kammuri2019
3011,,10.077626836706404,3.8867977,kammuri2019
3012,,0.5822012752980316,3.8867977,kammuri2019
3013,,5.461602439700583,3.8867977,kammuri2019
3019,,2.4637681159420293,2.5240397,kammuri2019
3029,,0.0,0.3724652,kammuri2019
3030,,9.486599492768525,0.3724652,kammuri2019
3033,,14.480982567353406,11.059392,kammuri2019
3034,,2.8472394156969547,1.7025034,kammuri2019
3038,,6.997490939503763,7.161876,kammuri2019
3039,,2.40598823739084,3.360992,kammuri2019
3040,,1.6489361702127658,0.8047305,kammuri2019
3042,,1.9420094403236683,13.276438,kammuri2019
3044,,18.752293577981654,10.548432,kammuri2019
3045,,1.009501187648456,1.655836,kammuri2019
3048,,0.587293112653497,1.701799,kammuri2019
3049,,0.6708523264814655,0.46732634,kammuri2019
3050,,0.0471753744545347,0.57631344,kammuri2019
3051,,0.0224346031318706,0.38898018,kammuri2019
3052,,3.608878014680181,1.1180725,kammuri2019
3053,,2.31980115990058,2.5511715,kammuri2019
3054,,0.0986679822397632,0.6732551,kammuri2019
3055,,2.20501138952164,8.659072,kammuri2019
3056,,2.202771699489424,4.196646,kammuri2019
3057,,6.36746597537265,0.7213124,kammuri2019
3058,,0.8236518120339865,1.8648355,kammuri2019
3061,,8.175081056044466,2.2742817,kammuri2019
3062,,24.047332531087044,2.5581882,kammuri2019
3284,,0.8256880733944955,1.2223637,koppu2015
3285,,0.0910056120127407,1.2156688,koppu2015
3286,,0.9847806624888094,1.2407024,koppu2015
3287,,1.1174484926085435,0.97875524,koppu2015
3288,,0.686089291041066,2.4583337,koppu2015
3289,,0.0560852495793606,2.10256,koppu2015
3290,,0.0645624103299856,0.64304525,koppu2015
3291,,0.0177640928469919,0.42071396,koppu2015
3293,,0.0565770862800565,4.8538284,koppu2015
3294,,0.186219739292365,1.4526854,koppu2015
3295,,3.937345778349963,5.2067065,koppu2015
3296,,0.0406752084604433,0.42906025,koppu2015
3297,,0.0295776730822048,0.32247898,koppu2015
3299,,0.0145809791127474,0.3099282,koppu2015
3300,,0.0470765464645513,1.8108463,koppu2015
3301,,0.0,2.347977,koppu2015
3302,,0.0459277403551745,4.3579416,koppu2015
3303,,0.0,4.9467335,koppu2015
3306,,0.0515889393314073,0.95675987,koppu2015
3308,,0.2508265876182875,0.5967668,koppu2015
3309,,0.0455939177713693,1.3384925,koppu2015
3310,,0.5057316250842886,1.0961888,koppu2015
3311,,0.089632506722438,0.82062805,koppu2015
3312,,0.0,1.1053259,koppu2015
3313,,4.1324200913242,5.090387,koppu2015
3314,,0.0725584095196633,4.6518,koppu2015
3315,,1.2212497455729696,0.4065778,koppu2015
3316,,0.0075346594333936,0.6222114,koppu2015
3317,,0.0,0.5610794,koppu2015
3318,,0.0,1.9099979,koppu2015
3321,,2.7239263803680984,3.2217255,koppu2015
3324,,1.278140885984023,2.3997219,koppu2015
3325,,0.2955902756831755,1.7650238,koppu2015
3326,,0.0,0.6920223,koppu2015
3328,,0.2959526475763878,2.4178429,koppu2015
3329,,0.0065815453468474,0.3889414,koppu2015
3331,,0.0079020150138285,4.0760274,koppu2015
3332,,0.049439683586025,3.3762429,koppu2015
3334,,2.9827850690301685,3.4799166,koppu2015
3337,,0.0146767446980259,0.5340935,koppu2015
3341,,0.0,0.634622,koppu2015
3342,,0.0,0.37996846,koppu2015
3344,,0.6296508299942759,1.2862222,koppu2015
3345,,1.2793624161073829,1.9555885,koppu2015
3346,,1.0650887573964496,1.697418,koppu2015
3348,,0.3518029903254178,1.314728,koppu2015
3349,,0.0,0.47230625,koppu2015
3352,,0.2650669642857143,2.8126752,koppu2015
3354,,0.2855362890665559,0.7768943,koppu2015
3355,,0.0178348492955234,0.30571815,koppu2015
3356,,0.0,0.7172145,koppu2015
3357,,0.0231588698471514,0.61846864,koppu2015
3358,,0.1527859046876016,0.43586314,koppu2015
3359,,0.0,2.2734518,koppu2015
3361,,15.182969739619988,17.117392,koppu2015
3363,,5.964502568893041,3.205384,koppu2015
3366,,0.0099314728374217,0.32280737,koppu2015
3368,,0.0,0.7128852,koppu2015
3370,,0.0099476092579083,0.3505487,koppu2015
3371,,0.0,0.5409566,koppu2015
3372,,0.1957475531555855,4.26521,koppu2015
3375,,0.0122929407787577,0.45508716,koppu2015
3378,,0.05998800239952,6.1329064,koppu2015
3379,,0.9455074409757188,3.0841782,koppu2015
3382,,0.0454235748353395,0.74075353,koppu2015
3383,,0.0330934061388268,0.5251998,koppu2015
3384,,9.274611398963732,11.859128,koppu2015
3385,,5.041384499623777,13.73319,koppu2015
3386,,2.6037428803905613,2.1916692,koppu2015
3387,,3.5226077812828605,0.59397894,koppu2015
3389,,1.651480637813212,5.9305453,koppu2015
3394,,0.0662544169611307,3.7346585,koppu2015
3396,,2.0627062706270625,1.1437744,koppu2015
3397,,0.0,0.5986411,koppu2015
3398,,1.2660944206008584,2.1345274,koppu2015
3399,,15.19584709768759,0.4020622,koppu2015
3400,,0.5822416302765648,0.4201346,koppu2015
3401,,0.0519922484284161,0.6709038,koppu2015
3405,,0.9283135636926252,0.6713056,koppu2015
3408,,0.492818924246691,1.100179,koppu2015
3410,,0.0474248316418476,1.3347924,koppu2015
3412,,0.0,0.3259083,koppu2015
3413,,0.2384358607534573,1.7540104,koppu2015
3414,,0.5585264408793821,0.7189329,koppu2015
3415,,0.4169688179840464,1.8031814,koppu2015
3418,,0.0216060496939142,0.5987974,koppu2015
3420,,0.0029762790559242,2.399208,koppu2015
3423,,0.0328083989501312,0.4589575,koppu2015
3428,,0.2096729102599944,5.5538964,koppu2015
3431,,0.6275494195167869,0.85695666,koppu2015
3434,,2.2980927713680246,3.0264661,koppu2015
3437,,0.0854805226523385,1.8286158,koppu2015
3438,,0.0968757568418503,0.41497323,koppu2015
3441,,27.476092896174865,1.5181723,koppu2015
3442,,3.302420266907939,2.0697048,koppu2015
3447,,0.8815690562427391,5.287898,koppu2015
3448,,16.584848082791563,5.585832,koppu2015
3449,,0.78245333004744,0.7277525,koppu2015
3450,,0.0,0.5846789,koppu2015
3451,,0.0658241179568193,5.731209,koppu2015
3453,,1.155450946827859,2.2667816,koppu2015
3455,,0.509656652360515,0.6136236,koppu2015
3456,,0.0736919675755342,0.35369268,koppu2015
3458,,0.3004356316659156,2.329595,koppu2015
3459,,0.0,2.901371,koppu2015
3460,,3.802903291760376,2.365289,koppu2015
3461,,0.1684352366515074,1.1119651,koppu2015
3463,,0.2186361270171785,0.6223367,koppu2015
3465,,0.0122970978848991,0.20389408,koppu2015
3466,,1.0794896957801767,0.65892655,koppu2015
3467,,0.0184263865855905,0.45036086,koppu2015
3469,,1.1961206896551724,1.1425877,koppu2015
3471,,0.009085540362513,0.647704,koppu2015
3472,,0.0,5.1399846,koppu2015
3483,,0.0696687567293685,4.0760274,koppu2015
3484,,0.1840349666436622,1.2585356,koppu2015
3485,,0.0716204118173679,0.785314,koppu2015
3487,,0.243566663136715,1.0752517,koppu2015
3489,,0.0230061349693251,0.33081138,koppu2015
3490,,0.3397027600849257,1.5512565,koppu2015
3491,,0.7050369466476849,1.6472386,koppu2015
3493,,0.2914480806062119,1.107844,koppu2015
3495,,0.0769526741054251,1.0824478,koppu2015
3496,,0.1759235988941945,0.60701185,koppu2015
3497,,0.1132075471698113,0.61581576,koppu2015
3499,,10.43332713408964,0.6640599,koppu2015
3500,,0.0861128652620701,0.4971065,koppu2015
3501,,1.3825335845547753,2.9749236,koppu2015
3502,,2.1544580709313887,0.7620655,koppu2015
3503,,0.0,1.2620642,koppu2015
3504,,0.0,0.70215625,koppu2015
3506,,0.0257931390250193,1.475303,koppu2015
3507,,0.0,0.80505085,koppu2015
3510,,0.036068530207394,0.4379467,koppu2015
3511,,0.0353606789250353,0.43980458,koppu2015
3513,,0.4786819548035177,4.7932124,koppu2015
3517,,0.1181753722524226,1.100067,koppu2015
3521,,9.175377468060397,3.1888022,koppu2015
3522,,0.043021855102392,2.260087,koppu2015
3523,,0.0258131130614352,2.260087,koppu2015
3526,,0.0,0.45466647,koppu2015
3529,,0.0,2.569236,koppu2015
3533,,0.0,0.6841343,koppu2015
3537,,1.4995056574755574,2.8408856,koppu2015
3538,,0.0361663652802893,1.3396139,koppu2015
3539,,0.1016834256016269,0.6771653,koppu2015
3540,,0.219298245614035,0.81460947,koppu2015
3541,,0.5912389142703575,2.6688051,koppu2015
3542,,0.0174611489436004,0.8219417,koppu2015
3544,,0.1654632972322502,0.62537295,koppu2015
3547,,0.0127722076760968,0.53252095,koppu2015
3548,,0.0,0.6813575,koppu2015
3551,,0.2711363076164653,1.9911542,koppu2015
3555,,0.4019675252551964,1.9111066,koppu2015
3556,,0.0,0.98509574,koppu2015
3558,,0.2088872009115077,0.8782431,koppu2015
3559,,0.0131268049356786,0.5505542,koppu2015
3561,,4.1192273250607645,3.6116736,koppu2015
3562,,0.2128791910590739,0.82701004,koppu2015
3563,,0.0,1.719461,koppu2015
3566,,0.0,0.7543765,koppu2015
3567,,0.5967056133204702,1.917293,koppu2015
3568,,1.2638504155124657,5.0408,koppu2015
3569,,0.0,4.7621155,koppu2015
3572,,0.3614122880177926,1.8067297,koppu2015
3573,,0.0089903802930863,1.1526423,koppu2015
3574,,0.6434400502197113,2.805508,koppu2015
3575,,0.0,0.60090584,koppu2015
3578,,4.473027452486082,3.841842,koppu2015
3579,,0.0465580312603924,0.682345,koppu2015
3580,,0.3484320557491289,5.7029977,koppu2015
3582,,0.0,1.3253653,koppu2015
3584,,0.0091058095064651,0.6186988,koppu2015
3868,,8.067796610169491,13.453572,mangkhut2018
3869,,8.067796610169491,13.453572,mangkhut2018
3870,,0.24330900243309,5.4000397,mangkhut2018
3871,,0.24330900243309,5.4000397,mangkhut2018
3873,,14.638354346383544,18.730843,mangkhut2018
3874,,14.638354346383544,18.730843,mangkhut2018
3875,,19.63074604370761,5.798469,mangkhut2018
3876,,19.63074604370761,5.798469,mangkhut2018
3877,,6.488245931283906,3.6176364,mangkhut2018
3878,,6.488245931283906,3.6176364,mangkhut2018
3879,,0.2850848775430867,2.744381,mangkhut2018
3880,,0.2850848775430867,2.744381,mangkhut2018
3881,,2.711390635918938,0.8753987,mangkhut2018
3882,,2.711390635918938,0.8753987,mangkhut2018
3883,,11.663727829063376,6.930831,mangkhut2018
3884,,11.663727829063376,6.930831,mangkhut2018
3885,,0.8691873098652759,1.6527704,mangkhut2018
3886,,0.8691873098652759,1.6527704,mangkhut2018
3887,,10.259626238555123,10.990703,mangkhut2018
3888,,10.259626238555123,10.990703,mangkhut2018
3889,,1.464726059145267,0.4800813,mangkhut2018
3890,,1.464726059145267,0.4800813,mangkhut2018
3891,,0.4810413129598189,0.9320917,mangkhut2018
3892,,0.4810413129598189,0.9320917,mangkhut2018
3893,,1.0404885772449672,0.9364104,mangkhut2018
3894,,1.0404885772449672,0.9364104,mangkhut2018
3895,,0.6483402489626556,0.34977865,mangkhut2018
3896,,0.6483402489626556,0.34977865,mangkhut2018
3898,,0.5769735116706006,0.5241028,mangkhut2018
3899,,0.5769735116706006,0.5241028,mangkhut2018
3900,,0.0,0.7352658,mangkhut2018
3902,,6.48826431454627,13.380367,mangkhut2018
3903,,6.48826431454627,13.380367,mangkhut2018
3904,,1.1479591836734695,1.5456027,mangkhut2018
3905,,0.1700680272108843,1.5456027,mangkhut2018
3906,,1.1479591836734695,1.5456027,mangkhut2018
3907,,1.7857142857142856,1.5456027,mangkhut2018
3908,,0.1700680272108843,1.5456027,mangkhut2018
3909,,0.4561118994526657,1.238055,mangkhut2018
3910,,0.4561118994526657,1.238055,mangkhut2018
3911,,1.5328097289080314,0.67325944,mangkhut2018
3912,,1.5328097289080314,0.67325944,mangkhut2018
3913,,1.8471872376154488,13.311164,mangkhut2018
3914,,1.8471872376154488,13.311164,mangkhut2018
3915,,0.28328611898017,0.5889756,mangkhut2018
3916,,0.28328611898017,0.5889756,mangkhut2018
3917,,6.483373583503623,20.43626,mangkhut2018
3918,,6.483373583503623,20.43626,mangkhut2018
3919,,0.9495136637332098,0.4931034,mangkhut2018
3920,,0.9495136637332098,0.4931034,mangkhut2018
3921,,0.0,3.704587,mangkhut2018
3923,,0.2267573696145124,0.8788466,mangkhut2018
3924,,0.2267573696145124,0.8788466,mangkhut2018
3925,,0.0447427293064877,0.5281857,mangkhut2018
3926,,0.0447427293064877,0.5281857,mangkhut2018
3927,,0.909418332432919,0.56509984,mangkhut2018
3928,,0.909418332432919,0.56509984,mangkhut2018
3929,,1.6532489936745256,1.0643163,mangkhut2018
3930,,1.6532489936745256,1.0643163,mangkhut2018
3931,,1.06110501280644,4.831807,mangkhut2018
3932,,1.06110501280644,4.831807,mangkhut2018
3933,,1.3920240782543265,1.3356167,mangkhut2018
3934,,1.3920240782543265,1.3356167,mangkhut2018
3936,,3.7800687285223367,2.1170971,mangkhut2018
3937,,3.7800687285223367,2.1170971,mangkhut2018
3938,,0.0305157155935306,1.6700212,mangkhut2018
3939,,0.0305157155935306,1.6700212,mangkhut2018
3940,,0.3693114129139861,1.2991403,mangkhut2018
3941,,0.3693114129139861,1.2991403,mangkhut2018
3942,,1.4285714285714286,2.4830468,mangkhut2018
3943,,1.4285714285714286,2.4830468,mangkhut2018
3944,,0.0805152979066022,0.55268615,mangkhut2018
3945,,0.5405405405405406,3.334099,mangkhut2018
3946,,0.5405405405405406,3.334099,mangkhut2018
3947,,1.5656096590155235,1.1438721,mangkhut2018
3948,,1.5656096590155235,1.1438721,mangkhut2018
3949,,3.339930727362692,32.8349,mangkhut2018
3950,,3.339930727362692,32.8349,mangkhut2018
3951,,0.165016501650165,0.2434728,mangkhut2018
3952,,0.165016501650165,0.2434728,mangkhut2018
3953,,9.960953063989162,13.924527,mangkhut2018
3954,,9.960953063989162,13.924527,mangkhut2018
3955,,14.40837450011762,18.743105,mangkhut2018
3956,,14.40837450011762,18.743105,mangkhut2018
3957,,8.649093904448106,1.6789042,mangkhut2018
3958,,8.649093904448106,1.6789042,mangkhut2018
3959,,0.0590196830643019,0.37633917,mangkhut2018
3960,,0.0590196830643019,0.37633917,mangkhut2018
3961,,1.5974440894568689,3.6241174,mangkhut2018
3962,,1.5974440894568689,3.6241174,mangkhut2018
3963,,1.7744360902255638,0.6045865,mangkhut2018
3964,,0.0,1.4726552,mangkhut2018
3966,,0.2296587926509186,0.74788046,mangkhut2018
3967,,0.2296587926509186,0.74788046,mangkhut2018
3968,,0.5364806866952789,1.7293116,mangkhut2018
3969,,0.5364806866952789,1.7293116,mangkhut2018
3970,,6.802721088435375,12.403631,mangkhut2018
3971,,6.802721088435375,12.403631,mangkhut2018
3972,,0.303030303030303,4.7574787,mangkhut2018
3973,,0.303030303030303,4.7574787,mangkhut2018
3974,,1.5282620861853715,2.4983997,mangkhut2018
3975,,1.5282620861853715,2.4983997,mangkhut2018
3976,,10.595802301963438,17.143377,mangkhut2018
3977,,10.595802301963438,17.143377,mangkhut2018
3978,,0.4241781548250266,0.74191606,mangkhut2018
3979,,0.4241781548250266,0.74191606,mangkhut2018
3980,,0.5891016200294551,1.0806856,mangkhut2018
3981,,0.5891016200294551,1.0806856,mangkhut2018
3982,,0.2893518518518518,1.6000997,mangkhut2018
3983,,0.2893518518518518,1.6000997,mangkhut2018
3984,,3.6570598207798497,27.367422,mangkhut2018
3985,,1.711229946524064,12.588986,mangkhut2018
3986,,1.711229946524064,12.588986,mangkhut2018
3987,,2.107172760256768,0.5991429,mangkhut2018
3988,,2.107172760256768,0.5991429,mangkhut2018
3989,,0.0,1.174048,mangkhut2018
3991,,0.0658935160780179,0.31999704,mangkhut2018
3992,,0.0658935160780179,0.31999704,mangkhut2018
3993,,0.3734439834024896,0.35203946,mangkhut2018
3994,,0.3734439834024896,0.35203946,mangkhut2018
3995,,0.8420515437611636,1.2721871,mangkhut2018
3996,,0.8420515437611636,1.2721871,mangkhut2018
3997,,0.5076142131979695,5.0864553,mangkhut2018
3998,,0.5076142131979695,5.0864553,mangkhut2018
3999,,0.6559083810515356,0.4219594,mangkhut2018
4000,,0.6559083810515356,0.4219594,mangkhut2018
4001,,0.0457247370827617,0.51732266,mangkhut2018
4002,,0.0457247370827617,0.51732266,mangkhut2018
4003,,2.551521099116781,5.0592303,mangkhut2018
4004,,2.551521099116781,5.0592303,mangkhut2018
4005,,1.9531969780726,2.5009127,mangkhut2018
4006,,1.9531969780726,2.5009127,mangkhut2018
4007,,0.2619172341540073,1.3753196,mangkhut2018
4008,,0.2619172341540073,1.3753196,mangkhut2018
4009,,2.8182893180922357,3.3875952,mangkhut2018
4010,,2.8182893180922357,3.3875952,mangkhut2018
4011,,2.0235467255334805,1.408164,mangkhut2018
4012,,2.0235467255334805,1.408164,mangkhut2018
4013,,0.0,0.7744067,mangkhut2018
4015,,0.4451864218141347,1.353173,mangkhut2018
4016,,0.4451864218141347,1.353173,mangkhut2018
4017,,0.9625834497748796,3.611823,mangkhut2018
4018,,0.9625834497748796,3.611823,mangkhut2018
4019,,4.484598820335175,2.6241083,mangkhut2018
4020,,4.484598820335175,2.6241083,mangkhut2018
4021,,0.2734107997265892,0.42411458,mangkhut2018
4022,,0.2734107997265892,0.42411458,mangkhut2018
4023,,8.213961922030826,1.2673558,mangkhut2018
4024,,8.213961922030826,1.2673558,mangkhut2018
4025,,0.5343197698314838,1.2552044,mangkhut2018
4026,,0.5343197698314838,1.2552044,mangkhut2018
4027,,0.1923076923076923,0.46791562,mangkhut2018
4028,,0.1923076923076923,0.46791562,mangkhut2018
4029,,1.5473032714412025,0.40490082,mangkhut2018
4030,,0.9706190975865688,1.0343491,mangkhut2018
4031,,0.9706190975865688,1.0343491,mangkhut2018
4032,,0.383509108341323,1.2134469,mangkhut2018
4033,,0.383509108341323,1.2134469,mangkhut2018
4034,,6.586447118429385,22.850384,mangkhut2018
4035,,6.586447118429385,22.850384,mangkhut2018
4036,,0.3576294277929155,0.3719882,mangkhut2018
4037,,0.0,0.3719882,mangkhut2018
4038,,0.3576294277929155,0.3719882,mangkhut2018
4040,,8.05851723282916,7.128159,mangkhut2018
4041,,8.05851723282916,7.128159,mangkhut2018
4043,,0.9682625067240452,1.5135366,mangkhut2018
4044,,0.9682625067240452,1.5135366,mangkhut2018
4045,,0.063608735599689,0.2549625,mangkhut2018
4046,,0.063608735599689,0.2549625,mangkhut2018
4047,,0.4474272930648769,0.50707823,mangkhut2018
4048,,0.4474272930648769,0.50707823,mangkhut2018
4049,,0.0,0.3964559,mangkhut2018
4051,,0.4743833017077798,0.426378,mangkhut2018
4052,,0.8453909933344171,1.7407558,mangkhut2018
4053,,0.8453909933344171,1.7407558,mangkhut2018
4054,,1.761706073249884,0.73585963,mangkhut2018
4055,,0.0,0.61610174,mangkhut2018
4057,,0.8921743563599286,1.1623921,mangkhut2018
4058,,0.8921743563599286,1.1623921,mangkhut2018
4059,,0.0394321766561514,2.2677467,mangkhut2018
4060,,0.0394321766561514,2.2677467,mangkhut2018
4061,,0.8071025020177561,4.435596,mangkhut2018
4062,,0.796812749003984,0.49883062,mangkhut2018
4063,,0.796812749003984,0.49883062,mangkhut2018
4064,,4.254558455488023,1.052397,mangkhut2018
4065,,0.9671746776084408,0.4281887,mangkhut2018
4066,,0.9671746776084408,0.4281887,mangkhut2018
4067,,4.363589278777677,1.0980556,mangkhut2018
4068,,4.363589278777677,1.0980556,mangkhut2018
4069,,1.0126582278481011,3.7948349,mangkhut2018
4070,,1.0126582278481011,3.7948349,mangkhut2018
4071,,2.282224365155898,23.143982,mangkhut2018
4072,,2.282224365155898,23.143982,mangkhut2018
4073,,0.8574007220216607,0.42810497,mangkhut2018
4074,,0.4963898916967509,0.42810497,mangkhut2018
4075,,0.8574007220216607,0.42810497,mangkhut2018
4076,,0.6812551610239472,2.0471702,mangkhut2018
4077,,3.4693877551020407,1.6024966,mangkhut2018
4078,,3.4693877551020407,1.6024966,mangkhut2018
4079,,4.180289584306399,22.28913,mangkhut2018
4080,,4.180289584306399,22.28913,mangkhut2018
4081,,0.833976833976834,0.37820876,mangkhut2018
4082,,0.833976833976834,0.37820876,mangkhut2018
4083,,3.696226122068644,6.955575,mangkhut2018
4084,,8.961018791737848,6.955575,mangkhut2018
4085,,8.961018791737848,6.955575,mangkhut2018
4086,,1.1625535386498065,0.4867662,mangkhut2018
4087,,0.5362888809438684,0.8327408,mangkhut2018
4088,,0.5362888809438684,0.8327408,mangkhut2018
4089,,2.758855585831063,0.9570606,mangkhut2018
4090,,2.758855585831063,0.9570606,mangkhut2018
4091,,3.130041949015812,1.2077496,mangkhut2018
4092,,3.130041949015812,1.2077496,mangkhut2018
4093,,0.3415559772296015,0.98277605,mangkhut2018
4094,,0.3415559772296015,0.98277605,mangkhut2018
4095,,0.0,0.58338004,mangkhut2018
4097,,0.8620689655172413,0.41577503,mangkhut2018
4098,,0.8620689655172413,0.41577503,mangkhut2018
4099,,2.289156626506024,2.4943342,mangkhut2018
4100,,2.289156626506024,2.4943342,mangkhut2018
4101,,0.0440528634361233,0.71009004,mangkhut2018
4102,,0.0440528634361233,0.71009004,mangkhut2018
4103,,2.8508124076809453,1.7837626,mangkhut2018
4104,,2.8508124076809453,1.7837626,mangkhut2018
4105,,0.0,0.465821,mangkhut2018
4107,,1.7751117096162086,1.2242119,mangkhut2018
4108,,1.7751117096162086,1.2242119,mangkhut2018
4109,,0.0269142780244919,0.47601986,mangkhut2018
4110,,0.0269142780244919,0.47601986,mangkhut2018
4111,,0.4725897920604915,1.1315662,mangkhut2018
4112,,0.4725897920604915,1.1315662,mangkhut2018
4113,,0.312256049960968,0.99417204,mangkhut2018
4114,,0.312256049960968,0.99417204,mangkhut2018
6134,,0.0835073068893528,0.7100022,rammasun2014
6135,,0.3889369057908383,2.5050206,rammasun2014
6136,,41.88846641318124,6.674065,rammasun2014
6137,,1.7934921854983348,1.0739268,rammasun2014
6138,,4.012432890647076,5.171991,rammasun2014
6139,,1.0884353741496595,1.279759,rammasun2014
6140,,1.300799183812277,0.95953184,rammasun2014
6141,,1.689919434073492,0.9727177,rammasun2014
6142,,5.731906403047343,2.0180707,rammasun2014
6150,,3.033772180881511,2.653942,rammasun2014
6151,,9.624185272500346,2.2442224,rammasun2014
6152,,3.459174714661984,8.298509,rammasun2014
6154,,0.0606207565470417,0.7128071,rammasun2014
6156,,0.4049562218828391,1.2794834,rammasun2014
6157,,0.0166444740346205,1.9331579,rammasun2014
6160,,4.3096017927943455,11.384288,rammasun2014
6163,,3.820960698689956,2.095418,rammasun2014
6165,,0.0067847208087387,0.5239336,rammasun2014
6167,,0.0617817867292722,1.4266902,rammasun2014
6168,,0.1429592566118656,2.1404345,rammasun2014
6169,,5.889724310776942,2.8961842,rammasun2014
6170,,1.2998457810090327,6.4139175,rammasun2014
6171,,0.1602967476982182,0.92889446,rammasun2014
6176,,11.12297324347768,1.1438748,rammasun2014
6177,,0.3671291995084964,1.3563926,rammasun2014
6178,,100.0,3.402604,rammasun2014
6179,,15.473032714412025,3.8204966,rammasun2014
6180,,0.1422699968384445,1.1143445,rammasun2014
6181,,7.265933153414989,2.81975,rammasun2014
6182,,0.0115110122016729,1.7486556,rammasun2014
6184,,0.3889337344976884,1.3093256,rammasun2014
6185,,9.72756884809002,7.373813,rammasun2014
6186,,0.1506875117724618,1.1520284,rammasun2014
6187,,7.3343169802041075,10.588066,rammasun2014
6188,,6.927755525886367,10.875919,rammasun2014
6190,,1.058355180114574,1.6101087,rammasun2014
6191,,4.257332071901608,1.6807597,rammasun2014
6193,,0.1843781428092524,1.5418856,rammasun2014
6194,,17.859892224788297,28.015799,rammasun2014
6197,,6.979747578514822,22.222197,rammasun2014
6198,,1.067374484667081,0.93494743,rammasun2014
6199,,0.6898103021669041,1.1946862,rammasun2014
6200,,7.59224363260592,16.123444,rammasun2014
6201,,2.097663577966005,1.0850301,rammasun2014
6202,,0.6982833866744254,1.0934932,rammasun2014
6206,,4.792062486805995,4.032364,rammasun2014
6208,,14.86796785304248,7.595891,rammasun2014
6210,,2.09753734957714,1.751952,rammasun2014
6211,,11.620363841489212,3.5805016,rammasun2014
6213,,0.7240547063555913,1.2461828,rammasun2014
6217,,0.3155919481405663,1.1095169,rammasun2014
6218,,5.897291196388261,2.9861593,rammasun2014
6219,,2.2093592043045818,9.386083,rammasun2014
6221,,11.076094806644344,6.8875365,rammasun2014
6222,,0.0973499188750676,1.465095,rammasun2014
6223,,2.421608196212357,3.5864859,rammasun2014
6224,,2.334267040149393,1.3041153,rammasun2014
6225,,2.4467013597448384,2.2676308,rammasun2014
6226,,0.0372609091661836,1.9188124,rammasun2014
6227,,0.082802020369297,1.9188124,rammasun2014
6228,,0.1536098310291858,0.9680565,rammasun2014
6229,,0.5695647940804206,1.6560363,rammasun2014
6230,,0.4998633530516349,1.1945112,rammasun2014
6232,,0.0447763250347877,2.1579356,rammasun2014
6233,,0.1786482715453727,2.6702409,rammasun2014
6235,,0.2356498154817482,9.476472,rammasun2014
6238,,0.008888098835659,3.0424027,rammasun2014
6249,,0.1146917310059304,2.7844527,rammasun2014
6250,,1.0845711014280717,2.4381723,rammasun2014
6254,,4.026209155961721,1.2910737,rammasun2014
6257,,0.1815642458100558,1.079122,rammasun2014
6258,,0.2499671095908433,1.7392085,rammasun2014
6259,,0.3302965409604007,2.7691853,rammasun2014
6260,,5.626549685294679,6.971042,rammasun2014
6262,,9.144360204239517,1.0706424,rammasun2014
6266,,100.0,4.997576,rammasun2014
6267,,0.4707837164220438,2.3251853,rammasun2014
6268,,0.0141864094197758,1.4071317,rammasun2014
6269,,17.31640979147779,7.4781513,rammasun2014
6270,,2.972027972027972,4.3578243,rammasun2014
6271,,0.816096805965949,0.80079836,rammasun2014
6272,,0.392618767177071,6.62634,rammasun2014
6273,,0.1125422033262473,0.87296414,rammasun2014
6274,,0.2181989738750958,0.99915105,rammasun2014
6276,,8.824567596187787,7.124591,rammasun2014
6279,,2.955202877022907,24.62488,rammasun2014
6281,,8.69629849858778,8.541948,rammasun2014
6283,,10.629109824320343,13.758603,rammasun2014
6284,,1.7895090034671737,7.882094,rammasun2014
6285,,8.00738433137187,4.2446446,rammasun2014
6286,,0.1146908560108435,4.7081738,rammasun2014
6287,,0.0914719954967633,1.3826174,rammasun2014
6288,,0.1222707423580786,0.778649,rammasun2014
6289,,1.4743856726364015,1.1995236,rammasun2014
6291,,8.515239575589646,0.99381906,rammasun2014
6292,,0.0061694120550311,1.7344038,rammasun2014
6294,,3.5916563061196296,3.314341,rammasun2014
6295,,3.5541904344010526,1.7189248,rammasun2014
6297,,2.3950553695596186,0.61247647,rammasun2014
6298,,0.5810575246949448,2.0163882,rammasun2014
6300,,5.247966413014956,9.044707,rammasun2014
6301,,6.223628691983123,3.2630594,rammasun2014
6303,,0.2050230650948231,3.0204966,rammasun2014
6304,,0.3918742398991036,2.9379077,rammasun2014
6305,,1.5211166785969934,6.883827,rammasun2014
6306,,9.73247989496143,9.947201,rammasun2014
6307,,2.025931928687196,2.738346,rammasun2014
6308,,0.0421466704130373,1.5341518,rammasun2014
6310,,2.8975963121501485,1.7411124,rammasun2014
6311,,0.7963897000265464,2.5881243,rammasun2014
6313,,1.9109298792676104,1.6187588,rammasun2014
6314,,14.308357965985522,10.52725,rammasun2014
6315,,0.6209171463682814,9.752412,rammasun2014
6316,,1.757508342602892,0.9745442,rammasun2014
6318,,0.6996688695844936,1.1636025,rammasun2014
6320,,0.130718954248366,0.9127723,rammasun2014
6321,,0.1424501424501424,1.793353,rammasun2014
6322,,13.86282286930444,11.423678,rammasun2014
6323,,2.7667556453358344,0.83796006,rammasun2014
6324,,0.0861697544161999,0.8441902,rammasun2014
6327,,5.346102557885804,1.6535761,rammasun2014
6328,,7.572815533980583,0.8797317,rammasun2014
6330,,4.502572898799314,16.707436,rammasun2014
6332,,0.1127395715896279,0.91940033,rammasun2014
6333,,0.3563474387527839,2.9857543,rammasun2014
6335,,12.379665597027527,7.726098,rammasun2014
6339,,10.870791799887154,14.714388,rammasun2014
6340,,5.474452554744526,1.6320113,rammasun2014
6341,,5.739480198019802,1.199111,rammasun2014
6342,,100.0,3.0058684,rammasun2014
6344,,17.66516208453016,16.034227,rammasun2014
6345,,6.7092651757188495,1.1145087,rammasun2014
6346,,10.146360759493673,14.00829,rammasun2014
6347,,12.189859762675296,5.1274595,rammasun2014
6348,,0.1219363492257041,1.5364016,rammasun2014
6353,,1.6056118472330474,1.0651332,rammasun2014
6354,,1.5334850844614831,1.1594913,rammasun2014
6356,,6.368342187712845,6.943608,rammasun2014
6358,,1.684152401987852,7.5616393,rammasun2014
6359,,0.003196828745884,0.56845224,rammasun2014
6360,,6.044848878778031,8.700837,rammasun2014
6361,,11.585306440611909,10.586793,rammasun2014
6362,,0.0209929673559357,1.9032085,rammasun2014
6363,,0.0365007908504684,1.3699561,rammasun2014
6364,,9.012818818554248,3.802122,rammasun2014
6365,,1.4649923896499235,1.41335,rammasun2014
6368,,1.644736842105263,0.661029,rammasun2014
6369,,0.4832168435585469,7.141792,rammasun2014
6370,,7.95929493003816,6.3524866,rammasun2014
6371,,0.687984496124031,7.3429017,rammasun2014
6372,,2.892453326321325,0.9295476,rammasun2014
6373,,0.0778119285686495,1.4207367,rammasun2014
6374,,2.385014106685913,1.1492711,rammasun2014
6375,,0.0301451272555014,1.0297363,rammasun2014
6377,,0.3156565656565656,2.6367958,rammasun2014
6380,,12.280133808136398,24.02701,rammasun2014
6384,,2.938671209540034,3.0312726,rammasun2014
6385,,100.0,1.1986579,rammasun2014
6388,,0.2396313364055299,1.115416,rammasun2014
6389,,1.243432574430823,1.7331637,rammasun2014
6391,,2.7658908255923182,1.2343984,rammasun2014
6392,,4.922336469043973,1.8433672,rammasun2014
6393,,6.289855072463768,5.9521055,rammasun2014
6394,,0.0636375206821942,0.89031875,rammasun2014
6395,,0.0287273771904625,0.7414728,rammasun2014
6396,,9.7569153394803,2.181376,rammasun2014
6397,,15.73939474031981,10.935604,rammasun2014
6404,,0.1069028711056811,1.1005427,rammasun2014
6405,,0.0953288846520495,0.64083266,rammasun2014
6409,,6.236403190717912,8.247326,rammasun2014
6410,,0.3531696980399081,1.3090492,rammasun2014
6411,,0.8215328072640795,1.2820998,rammasun2014
6412,,3.816844919786096,3.9513686,rammasun2014
6413,,8.36562949839442,8.276996,rammasun2014
6414,,0.50526923632164,1.6584896,rammasun2014
6417,,24.85136741973841,8.134324,rammasun2014
6419,,13.694975544686528,2.3290455,rammasun2014
6424,,100.0,4.595288,rammasun2014
6425,,5.968301139177811,6.389123,rammasun2014
6426,,18.77226063272575,15.388228,rammasun2014
6427,,0.1567776169802219,0.6351256,rammasun2014
6429,,5.172413793103448,7.7706175,rammasun2014
6432,,12.41467919376857,10.621901,rammasun2014
6434,,0.7668133249528598,5.2765985,rammasun2014
6436,,0.0356558838355894,1.1596141,rammasun2014
6437,,1.84821531708444,1.2678486,rammasun2014
6438,,0.2656519241815049,1.0392567,rammasun2014
6439,,1.324828263002944,2.5376182,rammasun2014
6440,,18.3388513027206,13.919326,rammasun2014
6441,,0.1314924391847468,3.0880537,rammasun2014
6442,,0.0334672021419009,0.87566906,rammasun2014
6443,,1.9745649263721552,0.87566906,rammasun2014
6445,,0.9487446488487794,5.725671,rammasun2014
6448,,8.655692729766804,1.3768984,rammasun2014
6449,,2.7229044313934865,1.177334,rammasun2014
6450,,0.0716204118173679,2.590584,rammasun2014
6451,,73.09398392015525,8.565143,rammasun2014
6453,,0.3388364213106481,5.6168013,rammasun2014
6455,,1.460775473399459,1.132769,rammasun2014
6456,,0.2266288951841359,1.0682871,rammasun2014
6457,,0.463768115942029,0.5257284,rammasun2014
6459,,0.5564210994880926,1.0743071,rammasun2014
6460,,8.479702221705246,8.744811,rammasun2014
6461,,26.682439537329127,2.598021,rammasun2014
6463,,2.694724412769367,1.7629105,rammasun2014
6464,,0.2219403931515535,4.021268,rammasun2014
6467,,0.0997630627260257,1.9918935,rammasun2014
6468,,0.0413944531432787,1.5887486,rammasun2014
6472,,0.0994600738846263,2.322235,rammasun2014
6474,,3.8005812653699977,1.3330778,rammasun2014
6476,,7.827202737382379,1.3433833,rammasun2014
6478,,0.5397698339953152,11.685761,rammasun2014
6479,,3.800183879865155,2.432213,rammasun2014
6481,,10.99445324881141,4.228759,rammasun2014
6483,,0.0742758108442683,0.73917747,rammasun2014
6484,,0.4594820384294068,2.7541273,rammasun2014
6485,,1.279707495429616,1.408174,rammasun2014
6488,,2.527622778167843,1.3210194,rammasun2014
6490,,0.0075137125253587,2.1613982,rammasun2014
6491,,1.7534306251361358,7.3996587,rammasun2014
6493,,6.041703796114774,0.91482764,rammasun2014
6495,,0.5155377344980667,2.668467,rammasun2014
6497,,0.6401137980085349,1.2022003,rammasun2014
6498,,2.899527983816588,7.974206,rammasun2014
6501,,6.560543102943758,1.1997015,rammasun2014
6502,,25.05998712471469,1.1997015,rammasun2014
6504,,0.235248678920665,4.268479,rammasun2014
6506,,2.4052916416115453,1.6179518,rammasun2014
6507,,9.048396674584325,12.771821,rammasun2014
6508,,0.9303561935140884,6.0011044,rammasun2014
6510,,0.2948303715670436,2.513993,rammasun2014
6511,,0.0,0.60106885,rammasun2014
6512,,1.6554621848739497,1.0717213,rammasun2014
6514,,1.7033001440290565,1.010376,rammasun2014
6515,,6.717123935666983,5.2299323,rammasun2014
6518,,1.4135493880365455,2.0670335,rammasun2014
6519,,0.0942544083572242,1.6459543,rammasun2014
6520,,0.2123221336511957,1.2794834,rammasun2014
6521,,1.2973227974997052,1.3010517,rammasun2014
6522,,0.0041414155358301,1.7162174,rammasun2014
6523,,0.0149131310118559,1.4561352,rammasun2014
6524,,39.43312666076174,2.6536267,rammasun2014
6525,,7.991205635572307,1.6276599,rammasun2014
6527,,1.4687052798071851,13.163557,rammasun2014
6528,,0.9620128268376912,1.6380627,rammasun2014
6529,,11.252847380410024,11.1941185,rammasun2014
6530,,100.0,5.564896,rammasun2014
6532,,0.8934288763531026,1.1909381,rammasun2014
6533,,0.259118995415587,1.1607815,rammasun2014
6534,,22.326636422553467,6.6809583,rammasun2014
6535,,0.7237984944991315,1.2687562,rammasun2014
6536,,1.277258566978193,1.4068116,rammasun2014
6538,,0.4863362667901806,1.1546797,rammasun2014
6539,,0.757890365448505,2.097797,rammasun2014
6540,,0.4880331595133039,3.8258212,rammasun2014
7522,,0.0,0.3775813,vamco2020
7525,,0.0565131393048883,0.4747263,vamco2020
7526,,0.0,0.38806653,vamco2020
7527,,0.3679029531669484,0.38806653,vamco2020
7529,,0.2804262478968031,0.28054112,vamco2020
7530,,0.3371592539454806,0.2963977,vamco2020
7532,,0.0,0.24493417,vamco2020
7533,,1.4101221640488657,0.5102419,vamco2020
7536,,0.0219288627691767,0.61447483,vamco2020
7537,,0.0,1.211722,vamco2020
7538,,0.0,0.25860617,vamco2020
7539,,0.0,1.6187726,vamco2020
7543,,0.0175994368180218,0.28728303,vamco2020
7544,,1.3127853881278535,0.3962744,vamco2020
7545,,0.9045311091073038,0.61447483,vamco2020
7546,,0.0290233638078653,0.28734437,vamco2020
7547,,0.1628332994097293,1.0911074,vamco2020
7548,,0.2162362535524527,0.43169528,vamco2020
7549,,0.1742919389978213,0.42673707,vamco2020
7550,,2.19211280017625,0.44107562,vamco2020
7551,,0.1895043731778425,0.37728357,vamco2020
7552,,0.0133448989123907,0.30860007,vamco2020
7553,,0.051991681330987,0.35018504,vamco2020
7554,,0.0869122186591542,0.32894576,vamco2020
7557,,0.1918502033612155,0.27558056,vamco2020
7559,,0.3913894324853229,0.21178706,vamco2020
7560,,0.0366918617450649,3.9645393,vamco2020
7562,,0.0665963704978078,0.36253348,vamco2020
7563,,4.029108981185658,10.038623,vamco2020
7565,,1.636466236127657,0.49267387,vamco2020
7566,,0.155237782487984,0.915511,vamco2020
7567,,0.0,1.7422196,vamco2020
7568,,0.9387680939979408,1.7970843,vamco2020
7569,,3.849114703618168,0.29518607,vamco2020
7571,,0.0,0.1954831,vamco2020
7572,,2.1015556207807458,0.14786024,vamco2020
7573,,0.0,0.24867386,vamco2020
7577,,0.0330319170898881,0.6049211,vamco2020
7578,,0.1609386356556951,0.21079238,vamco2020
7579,,1.7478152309612984,4.1226506,vamco2020
7580,,0.0,0.6434897,vamco2020
7581,,0.0,0.6434897,vamco2020
7582,,1.649978846425046,2.3288813,vamco2020
7583,,0.2568103504323516,2.2216485,vamco2020
7584,,3.391374772221097,0.46562302,vamco2020
7586,,0.2705383713590044,0.29701102,vamco2020
7588,,0.0417188151856487,-0.039078057,vamco2020
7593,,0.0005914430026378,0.12790762,vamco2020
7594,,0.0,0.32277596,vamco2020
7596,,0.1366469483650854,0.26390684,vamco2020
7598,,1.1022533148946556,2.2854857,vamco2020
7603,,0.0497733534796906,0.55126977,vamco2020
7606,,0.0741200745207235,0.12206447,vamco2020
7612,,0.0040475997733344,0.40208122,vamco2020
7616,,0.0080158178806177,0.28070664,vamco2020
7617,,0.1222641712235822,0.8915104,vamco2020
7618,,0.0215535822053625,0.24472609,vamco2020
7619,,0.0033749578130273,0.29134893,vamco2020
7621,,0.1106364670088201,1.623673,vamco2020
7622,,0.0,0.21079238,vamco2020
7623,,2.7715651449370697,0.4105809,vamco2020
7626,,0.0762921991226397,0.51752025,vamco2020
7627,,0.0,0.4029482,vamco2020
7628,,3.434980722046968,2.0140631,vamco2020
7629,,0.4698177676537585,0.24197754,vamco2020
7630,,5.752124925874679,5.494455,vamco2020
7631,,0.0,0.15675423,vamco2020
7634,,0.0212796141296637,0.59687823,vamco2020
7635,,3.925035360678925,0.32468542,vamco2020
7636,,1.138594424813506,0.99480015,vamco2020
7638,,0.5042918454935622,0.43868494,vamco2020
7639,,4.1529023124115145,7.390454,vamco2020
7640,,0.0485201358563803,0.47002095,vamco2020
7641,,0.4537505317389044,0.38996267,vamco2020
7642,,3.510280666093347,0.09165257,vamco2020
7643,,0.0,0.45256758,vamco2020
7644,,0.5182484957617813,0.23831728,vamco2020
7645,,0.0070609002647837,0.25346744,vamco2020
7647,,0.0,0.30233335,vamco2020
7648,,0.410106697250895,0.21358453,vamco2020
7649,,0.0281452293836194,0.9491388,vamco2020
7650,,0.0436681222707423,1.8112259,vamco2020
7653,,0.1253581661891117,0.6800442,vamco2020
7654,,12.123925501432664,0.6800442,vamco2020
7657,,0.573798431996364,0.48422098,vamco2020
7659,,5.913272010512484,7.664045,vamco2020
7660,,4.678275166280547,1.2107227,vamco2020
7663,,0.3024846957148001,0.4826436,vamco2020
7664,,2.544930408540156,0.7714461,vamco2020
7665,,0.0,0.584903,vamco2020
7666,,1.440586972083035,0.3639848,vamco2020
7667,,0.0,0.2861436,vamco2020
7668,,0.5984510678244543,0.49939764,vamco2020
7669,,1.152379728398235,0.047982495,vamco2020
7670,,0.5334170065892689,0.3661486,vamco2020
7672,,0.0066507049747273,0.22617123,vamco2020
7673,,0.0188368259948198,0.3869995,vamco2020
7674,,0.4187604690117252,0.21079238,vamco2020
7675,,0.1499467930734255,0.8715023,vamco2020
7677,,0.0413369552379827,0.4369012,vamco2020
7678,,0.0,0.19801183,vamco2020
7681,,0.0200260338439971,0.21079238,vamco2020
7682,,0.7289879931389366,0.1339302,vamco2020
7684,,0.0512295081967213,0.37733865,vamco2020
7686,,0.0378405650857719,1.1400502,vamco2020
7687,,0.0209898828764535,1.3383148,vamco2020
7691,,0.0,0.29134893,vamco2020
7694,,0.1108988971720781,0.74374306,vamco2020
7697,,0.4065475553653578,0.23190865,vamco2020
7698,,0.050396386966719,0.14423928,vamco2020
7699,,0.0,0.20096847,vamco2020
7700,,0.5486498071153022,1.0083399,vamco2020
7702,,0.0068110611633292,0.4024316,vamco2020
7703,,0.0938841201716738,0.47957975,vamco2020
7704,,3.1934474507638506,0.7119004,vamco2020
7705,,0.3292733608260605,1.5916378,vamco2020
7706,,0.0,0.5278385,vamco2020
7707,,0.0300435631665915,0.21079238,vamco2020
7708,,0.0439367311072056,0.8242078,vamco2020
7709,,0.0439367311072056,0.8242078,vamco2020
7715,,0.7747171667486473,0.9841851,vamco2020
7717,,0.1164325079562213,0.36942625,vamco2020
7719,,0.0,0.738814,vamco2020
7720,,0.0255536626916524,0.44265455,vamco2020
7722,,0.0,0.36792144,vamco2020
7723,,0.0737327188940092,0.31333438,vamco2020
7724,,0.0350262697022767,0.27371156,vamco2020
7731,,0.2129450799782102,0.3293384,vamco2020
7733,,0.092712775820508,0.35291153,vamco2020
7734,,0.0408849316313087,0.19078048,vamco2020
7735,,0.0491239561159325,0.8064604,vamco2020
7736,,6.262975778546713,6.478714,vamco2020
7737,,0.017407955435634,0.22528704,vamco2020
7738,,4.825901038485034,0.7388438,vamco2020
7741,,12.320829521195488,10.022477,vamco2020
7743,,0.1087744742567077,0.43491864,vamco2020
7745,,0.0108096422008431,0.39603215,vamco2020
7747,,0.2065603569362968,0.3293384,vamco2020
7748,,0.0082624142774518,0.3293384,vamco2020
7750,,3.1959508315256686,7.057633,vamco2020
7751,,0.0036824274561791,0.9092931,vamco2020
7753,,8.791480931154037,0.24533474,vamco2020
7754,,0.1122132950311952,0.45256758,vamco2020
7755,,0.1074306177260519,0.39609066,vamco2020
7760,,0.8993816750983699,0.36334124,vamco2020
7761,,0.2547770700636942,0.24493417,vamco2020
7762,,0.2011313639220616,0.73698425,vamco2020
7765,,1.8036959167865445,0.38959688,vamco2020
7766,,0.0069613644274277,0.24036443,vamco2020
7768,,0.0525969756738987,0.31931126,vamco2020
7769,,0.0,0.27218825,vamco2020
7771,,0.8209426488317354,1.5114644,vamco2020
7772,,0.005740857684138,1.5114644,vamco2020
7775,,0.3646005966191581,0.64529353,vamco2020
7781,,0.0185597624350408,0.25346744,vamco2020
7782,,0.0748808713410483,0.6822743,vamco2020
7783,,0.8243500317057704,0.5861134,vamco2020
7784,,1.1228716060745512,1.6233733,vamco2020
7785,,0.3773584905660377,1.6233733,vamco2020
7786,,0.0,1.6233733,vamco2020
7789,,0.0,1.4632815,vamco2020
7791,,3.421388122980225,1.67963,vamco2020
7793,,0.0,0.9772376,vamco2020
7796,,0.0249937515621094,0.25756615,vamco2020
7797,,0.126978368327967,1.5786664,vamco2020
7798,,0.2137894174238375,1.1214986,vamco2020
7804,,0.0480396142049443,0.19741876,vamco2020
7806,,1.3613591810063168,1.001476,vamco2020
7807,,0.2619172341540073,0.42444897,vamco2020
7811,,0.0113250283125707,1.5377524,vamco2020
7812,,1.0537071332779873,0.38630438,vamco2020
7817,,0.0,1.2704479,vamco2020
7818,,0.0,0.21079238,vamco2020
7820,,0.3367408298256163,0.4931847,vamco2020
7821,,0.8239311163895486,0.07853207,vamco2020
7822,,10.074428495481127,2.4888973,vamco2020
7823,,0.0,0.8543688,vamco2020
7826,,0.0428770500589559,0.28130645,vamco2020
7829,,0.8404351411852492,0.26698703,vamco2020
7834,,6.831362506590343,0.6359419,vamco2020
7838,,0.3839508542906508,0.39971957,vamco2020
7839,,1.1972065181243765,0.2963977,vamco2020
7840,,0.0,0.2963977,vamco2020
7843,,0.0,0.24867386,vamco2020
7844,,7.27782392026578,0.64209753,vamco2020
7845,,0.5463485703879074,0.6246895,vamco2020
