,typhoon,actual,predicted
265,fengshen2008,0.0,-0.01309886943245786
266,fengshen2008,15.050697084917616,9.371730688804774
268,fengshen2008,0.0128106584678452,3.1013699978951283
271,fengshen2008,1.4964643973030751,7.259156021121935
273,fengshen2008,0.0090702947845804,5.568063078594015
275,fengshen2008,0.0,2.2922646238893147
277,fengshen2008,6.41025641025641,10.409695899811144
283,fengshen2008,1.8582755203171455,7.077262149057834
284,fengshen2008,1.3445378151260503,9.39777217417286
291,fengshen2008,7.681671531725303,4.749999548658256
297,fengshen2008,0.0,3.196165722212779
299,fengshen2008,0.6240465954791291,9.231407575879295
306,fengshen2008,0.1701258931609391,3.413537837289244
311,fengshen2008,2.8998778998779,4.60353657238209
312,fengshen2008,1.4743049705139006,5.663528200952964
314,fengshen2008,25.10206606457998,9.685492463397932
315,fengshen2008,0.0,1.215937521430904
316,fengshen2008,0.0,7.341341600600973
321,fengshen2008,12.189213311232946,12.15419559785122
324,fengshen2008,1.0568893528183716,5.310371655146255
325,fengshen2008,10.04003029319485,9.196530882497981
328,fengshen2008,7.627765064836003,7.595286752336939
331,fengshen2008,5.478948336091193,4.509678406730796
332,fengshen2008,1.2903225806451613,3.74507901553258
333,fengshen2008,1.164680390032503,6.426036987484704
335,fengshen2008,95.06456468351422,6.123054297918397
337,fengshen2008,8.16643982111608,9.37453531014409
338,fengshen2008,4.023205952831378,9.903473191310312
339,fengshen2008,0.0,4.469957670114887
340,fengshen2008,0.0,5.819919436450608
341,fengshen2008,0.0,3.126842130216321
344,fengshen2008,0.0934142923867351,5.928413221076259
346,fengshen2008,3.4509803921568625,6.502017231987562
348,fengshen2008,0.0,5.849976168729484
349,fengshen2008,0.0,6.0493490244279755
352,fengshen2008,0.4347138792285804,9.196836814970396
364,fengshen2008,4.168369431957499,3.156397421357436
366,fengshen2008,0.9310548025928108,3.238658611259188
367,fengshen2008,0.0,2.2835259960672314
371,fengshen2008,5.261910405309314,5.965173211909875
377,fengshen2008,1.823966065747614,6.32862589125887
379,fengshen2008,3.8598699391650935,6.576460200073964
381,fengshen2008,4.322359119369825,11.939978677640195
384,fengshen2008,0.0,0.4933668600827126
387,fengshen2008,0.0454778011483144,6.210247766502889
388,fengshen2008,0.0026450128283122,6.578822078575836
389,fengshen2008,0.0981932443047918,6.944286302715675
390,fengshen2008,1.92822710230316,5.202877684939985
393,fengshen2008,0.2180605438686506,7.040473440050945
395,fengshen2008,0.0,1.0972429824342882
397,fengshen2008,0.0,7.380409809062684
404,fengshen2008,0.1262512399675354,5.823378539418638
405,fengshen2008,18.628673196794303,4.807714485065915
406,fengshen2008,22.13259885894157,10.005731200103494
410,fengshen2008,0.1858045336306205,9.24698396942734
415,fengshen2008,0.0933706816059757,7.891280524470073
416,fengshen2008,0.7344300822561692,3.5966230715860945
417,fengshen2008,0.7048340980118359,10.196871682866707
421,fengshen2008,0.3404518724852987,0.8268754637240328
423,fengshen2008,0.379871988343654,5.76773782967561
424,fengshen2008,1.32208344406059,7.470549285168023
425,fengshen2008,0.0,5.438768228164292
427,fengshen2008,0.4028735074264634,8.176395504419173
428,fengshen2008,0.0,4.55638843705696
437,fengshen2008,0.0,7.622803441920148
443,fengshen2008,1.1404845745519523,6.8201621512271835
449,fengshen2008,0.0,5.017291970975933
450,fengshen2008,0.0,5.089340690182272
452,fengshen2008,0.2241572549357703,8.476907490971215
457,fengshen2008,9.551098376313275,8.434800567674877
458,fengshen2008,10.579651398459667,10.463185336756545
459,fengshen2008,0.2022401991288114,8.286991855053394
461,fengshen2008,6.443298969072164,6.990976148649072
462,fengshen2008,3.251689189189189,5.447410182065656
464,fengshen2008,4.338130954794242,7.070921631627336
470,fengshen2008,0.2413665057556628,8.789138087899211
473,fengshen2008,2.315484804630969,4.345582449753309
475,fengshen2008,3.868172675228222,6.67839938920449
478,fengshen2008,0.6784434203789043,4.639436165380108
480,fengshen2008,0.4553215708594195,7.487760969625064
481,fengshen2008,1.118925831202046,3.2846394919634143
482,fengshen2008,0.3822351656352384,7.778906844900998
485,fengshen2008,0.51698670605613,9.293664267342425
486,fengshen2008,17.897676094397404,9.664331234649442
487,fengshen2008,0.4707837164220438,7.203136875180636
488,fengshen2008,0.7259528130671506,9.704861127011963
493,fengshen2008,0.7127672877328999,8.981860054261162
494,fengshen2008,0.0235890782567671,4.838313893638663
496,fengshen2008,0.953053300388281,8.00519657043403
497,fengshen2008,2.1922428330522767,5.113621550041728
502,fengshen2008,0.0,4.38923811965898
508,fengshen2008,1.9041471679845088,3.9087529040089244
509,fengshen2008,0.1903772931810315,8.238296157565689
511,fengshen2008,0.0,2.275085376597918
512,fengshen2008,0.7797270955165692,5.214075562388068
513,fengshen2008,4.386911183027688,8.132910605096171
515,fengshen2008,0.0,4.893373003169167
516,fengshen2008,4.775409386149483,8.979570823649212
522,fengshen2008,0.1167280237047679,2.0516484219458064
524,fengshen2008,5.964965267290849,9.794804378483096
525,fengshen2008,3.3675626698882515,9.794804378483096
527,fengshen2008,0.4534815681685196,6.372746910310717
528,fengshen2008,0.351288056206089,8.470410894760143
529,fengshen2008,15.39298143851508,3.1726329392110184
535,fengshen2008,1.5854374633000587,7.354311072087949
536,fengshen2008,24.76945569050832,10.102530162348543
537,fengshen2008,1.1889862327909888,4.636263910337103
539,fengshen2008,1.1287171695246363,7.504552203659465
546,fengshen2008,1.9309202141218456,4.548937729939414
550,fengshen2008,7.015477792732167,3.598769785576435
553,fengshen2008,0.7316262055204523,4.624156969168919
557,fengshen2008,6.101403609281008,9.650041557835518
559,fengshen2008,3.050640634533252,7.389457935836862
560,fengshen2008,0.2477291494632535,6.675744180085001
562,fengshen2008,0.7675194660734149,6.743605202979502
565,fengshen2008,0.0,5.447597090645107
567,fengshen2008,0.3618561089825458,5.810005534365022
572,fengshen2008,0.0,5.669836713515057
575,fengshen2008,0.0,7.794903328458162
579,fengshen2008,2.888047593293672,8.82262888343611
582,fengshen2008,0.0102490519626934,1.8167749324750648
585,fengshen2008,1.013342340820807,7.4351586269691055
587,fengshen2008,5.897617362585515,8.038182788968548
588,fengshen2008,16.904378023068336,7.850369607061577
591,fengshen2008,0.1737921445950643,6.8074068121566285
594,fengshen2008,0.5569306930693069,7.053412060228265
595,fengshen2008,8.978280819822576,9.60241241206198
598,fengshen2008,0.0554763036931367,7.15273168597632
601,fengshen2008,0.2277196977538557,9.0653192361601
603,fengshen2008,0.0229252636405318,11.021201095911085
606,fengshen2008,0.017826900793297,5.137963410264096
609,fengshen2008,7.550969041026932,4.586446546172176
613,fengshen2008,0.963275135460566,8.00601672395129
615,fengshen2008,0.0,4.289387357594389
619,fengshen2008,1.4361467079098542,3.913821111644964
621,fengshen2008,1.7981201471189212,8.926728157320614
623,fengshen2008,0.7754342431761787,6.310862912291146
625,fengshen2008,2.2101191885705265,6.591590248583181
628,fengshen2008,0.2435273006921302,3.426326458695728
629,fengshen2008,0.0,4.612813733051176
630,fengshen2008,0.4808112597255005,9.850257557920308
631,fengshen2008,5.741818911865088,3.4042069273522007
633,fengshen2008,0.0647584509778526,8.107081195294494
634,fengshen2008,0.2798393965202579,8.99104144613625
637,fengshen2008,0.0,0.8379625238640358
639,fengshen2008,0.0,8.202143880017356
641,fengshen2008,0.9452037297228254,8.126615329173642
642,fengshen2008,0.138048908756245,6.991721151622208
644,fengshen2008,0.0,3.2264340343274203
646,fengshen2008,0.0,2.472559291071528
649,fengshen2008,1.163185600271693,6.887094097891641
650,fengshen2008,8.743068391866913,9.865584073325543
653,fengshen2008,49.29078014184397,9.988232316084986
655,fengshen2008,0.1404987706357569,10.327845323672573
660,fengshen2008,0.0952728452120327,3.913821111644964
662,fengshen2008,10.37553232675184,9.17981128912686
663,fengshen2008,0.0092747171211278,5.651991839716747
664,fengshen2008,0.1105990783410138,7.668211107225243
665,fengshen2008,0.2685347343841214,8.702674643033209
667,fengshen2008,0.1461225341822356,7.123744425800254
668,fengshen2008,0.0,7.168043308694781
669,fengshen2008,0.0855724798904672,8.460397569052876
672,fengshen2008,0.0064168377823408,4.338827160869002
673,fengshen2008,0.318758228812972,4.020508058454011
675,fengshen2008,8.539038215395868,10.295021087568006
679,fengshen2008,0.667531985907658,7.448376781046612
681,fengshen2008,2.9608704749947687,9.41702118678431
691,fengshen2008,1.3778100072516315,7.834342191494375
692,fengshen2008,0.3178527282359173,6.454846914992139
694,fengshen2008,9.77711181869264,9.944966136617872
697,fengshen2008,20.39258451472192,6.407838857237792
698,fengshen2008,0.1296613246200923,6.877576504402111
699,fengshen2008,0.1708104004554944,9.11282195404809
700,fengshen2008,4.320253666270313,8.564926356893523
701,fengshen2008,1.7345399698340875,9.87354508728281
706,fengshen2008,2.3856502242152464,9.515310515067494
709,fengshen2008,3.4125839031428398,3.6236811277959102
711,fengshen2008,4.067993607438617,9.578779511717453
720,fengshen2008,0.0,4.43190045255049
730,fengshen2008,0.015401794309037,5.88627947375965
734,fengshen2008,8.964629535276607,10.380942293793531
737,fengshen2008,0.8652182272639877,4.39754998490341
743,fengshen2008,0.1975169300225733,10.73082570064691
750,fengshen2008,3.928133020868207,9.026398255555012
751,fengshen2008,2.349698083486479,5.883771347717655
753,fengshen2008,0.0537153088630259,0.5376850236684945
772,fengshen2008,0.1813351326276726,6.475127595107956
773,fengshen2008,1.27862027951234,8.10651657167326
790,fengshen2008,0.0,6.4089515859327975
791,fengshen2008,0.0068544794022893,3.638615585827065
795,fengshen2008,1.986408782017773,6.835853276326304
798,fengshen2008,1.6148325358851676,7.250171613061905
806,fengshen2008,0.1404234876759912,6.576997535289955
816,fengshen2008,0.0534664052753519,7.123799566046522
820,fengshen2008,5.531914893617021,10.58536875821374
824,fengshen2008,0.0,3.2873737534667136
832,fengshen2008,4.552898788077301,9.583740019238068
833,fengshen2008,1.455570797134583,8.984343777557726
834,fengshen2008,0.8632293556504945,7.234651476028596
837,fengshen2008,2.7366306803916647,7.390819168285557
838,fengshen2008,0.0,9.204832019865147
841,fengshen2008,0.52916416115454,7.475962654881663
847,fengshen2008,0.0,8.307067000034156
849,fengshen2008,2.0163754124404254,5.800533107915385
850,fengshen2008,0.1678908709338929,4.642582585634582
852,fengshen2008,0.1258851298190401,4.149463197182223
853,fengshen2008,0.4420580932964614,4.886870019853081
854,fengshen2008,0.0,8.275620037979909
859,fengshen2008,0.0,6.097931977596801
863,fengshen2008,0.0,3.258185144483596
864,fengshen2008,0.0274908691041903,7.341309579732542
865,fengshen2008,6.646341463414634,9.517518940853233
867,fengshen2008,0.2893997023317347,6.934541112385364
869,fengshen2008,0.0,5.238749803237468
875,fengshen2008,5.133964383122092,3.725590051471583
877,fengshen2008,0.1192368839427662,2.8060627878961633
879,fengshen2008,0.0583515681983953,9.771082533633741
884,fengshen2008,0.0200347268598904,3.4351643756789922
885,fengshen2008,0.628930817610063,4.730754275620104
888,fengshen2008,9.397278029812057,9.508683292321038
890,fengshen2008,0.2514305531472169,8.909572889734193
895,fengshen2008,0.6690241804453789,5.2485544683047465
896,fengshen2008,13.848224802288406,6.299348619947356
899,fengshen2008,4.152568440479852,6.887780492802754
2165,haiyan2013,32.11975327215285,10.497397463555854
2166,haiyan2013,40.01314060446781,4.303481826591229
2167,haiyan2013,69.19914487748726,10.342782580169539
2168,haiyan2013,46.21134629003068,15.238338714130064
2169,haiyan2013,39.64937778181488,11.932669048523918
2170,haiyan2013,1.4184397163120568,1.7784507534442824
2171,haiyan2013,0.2482313516197095,2.169494881264482
2172,haiyan2013,10.45589692765114,7.346371197959547
2173,haiyan2013,55.8655462184874,13.209440844344451
2174,haiyan2013,1.1337868480725624,5.239657172448824
2175,haiyan2013,19.649715778153325,6.6864594155803445
2176,haiyan2013,0.6071883263147586,4.610044823152432
2177,haiyan2013,16.48751446998512,11.816687636976612
2178,haiyan2013,2.432800272201429,4.8338802636058045
2180,haiyan2013,89.1025641025641,15.332942288403865
2181,haiyan2013,24.59983150800337,11.69238273822022
2182,haiyan2013,40.20784362241742,14.656349173567571
2183,haiyan2013,68.95612274161171,13.669013384492347
2184,haiyan2013,0.8415147265077139,3.4836687879697124
2185,haiyan2013,28.731732776617957,7.8105786610390435
2186,haiyan2013,50.55717840527967,13.569819797832823
2187,haiyan2013,57.38803530565544,12.72627454498757
2188,haiyan2013,45.96433167861739,9.440203594373086
2189,haiyan2013,3.97989107666527,4.638021377230334
2190,haiyan2013,31.184543156374144,9.298240045431783
2191,haiyan2013,55.6849614208764,14.73549087739268
2192,haiyan2013,9.19749663313,13.248619393022464
2193,haiyan2013,0.3297105873733056,4.29532854870885
2194,haiyan2013,39.14057942834921,14.153304304904355
2195,haiyan2013,48.42981460461597,14.090477632042122
2197,haiyan2013,1.1471648639790233,1.3041576586244963
2199,haiyan2013,32.96732026143791,10.430014097205651
2200,haiyan2013,34.99562554680665,9.259626135500962
2201,haiyan2013,1.6712245518079611,5.696315407998803
2202,haiyan2013,46.01855198168895,9.791575180599937
2203,haiyan2013,0.1324832325908752,1.5556271968906197
2204,haiyan2013,13.826454161558372,7.146313488595311
2205,haiyan2013,1.2728344136711844,3.8597065250068763
2206,haiyan2013,52.12043766472326,12.64397929308815
2207,haiyan2013,0.2197802197802197,4.114126861836651
2208,haiyan2013,6.684048352690211,11.81667032206657
2209,haiyan2013,31.39904610492846,13.263045807407527
2210,haiyan2013,0.9220584758452204,3.492395142865755
2211,haiyan2013,24.96288441145281,9.313292943360942
2212,haiyan2013,0.3218020917135961,5.170869529042951
2213,haiyan2013,8.93643801132788,8.251201642166073
2215,haiyan2013,29.1682607697605,8.41147996213741
2216,haiyan2013,0.1244167962674961,2.2210519733457215
2217,haiyan2013,29.2842483324782,11.93505064524532
2218,haiyan2013,9.212835297066936,8.065566241039347
2219,haiyan2013,48.21722435545804,15.390184359704113
2220,haiyan2013,40.48975957257346,15.097267881215833
2221,haiyan2013,50.1409928519903,14.47846979104987
2223,haiyan2013,2.0066889632107023,3.291809041493183
2224,haiyan2013,1.947489901904212,7.20950066851511
2225,haiyan2013,2.3738280470775983,3.288414063730878
2227,haiyan2013,24.04441349427422,11.000933671074014
2228,haiyan2013,33.803403236717486,11.68639656016296
2229,haiyan2013,6.8030826468243415,8.566641527500627
2230,haiyan2013,0.160178623434618,4.484878448546629
2231,haiyan2013,0.134901791495791,3.905701019455064
2232,haiyan2013,0.1153358194609972,0.9870868184126662
2233,haiyan2013,37.76738319230567,9.58348651948396
2234,haiyan2013,0.060155200417076,1.2606180703772853
2235,haiyan2013,0.2993731873889045,3.515945372071423
2237,haiyan2013,0.0564746528469869,2.823661037046092
2238,haiyan2013,0.1443001443001443,1.5422817806855624
2239,haiyan2013,43.80179708627759,13.378766675637886
2240,haiyan2013,81.06720597386435,11.560042151174953
2241,haiyan2013,3.9396170839469806,7.301954495911888
2242,haiyan2013,25.010557432432435,11.260515967153976
2243,haiyan2013,32.80172413793103,10.29448369498162
2244,haiyan2013,0.4386839481555333,0.7344062999201908
2245,haiyan2013,69.22765051692681,14.468565442682936
2246,haiyan2013,80.86935753522809,13.878713778412807
2248,haiyan2013,62.370466321243526,12.000369441845988
2249,haiyan2013,0.0,7.984035028112137
2250,haiyan2013,0.6937307297019527,3.09465016583893
2251,haiyan2013,0.0,3.1197704488730125
2252,haiyan2013,13.671008200675349,5.94711819605798
2253,haiyan2013,7.104454685099847,6.90494386450486
2254,haiyan2013,68.81793478260869,12.942419793043337
2255,haiyan2013,63.83039271485487,10.585612457435216
2256,haiyan2013,5.070332480818415,3.778510331973397
2257,haiyan2013,49.153622133236254,10.95304287155251
2258,haiyan2013,0.0739566825145272,2.6074484321417764
2259,haiyan2013,2.1418020679468244,5.169268310201682
2260,haiyan2013,53.99027202305891,14.455461824190321
2261,haiyan2013,2.05686630369026,1.5748817635971646
2262,haiyan2013,51.56829679595278,13.234162780031108
2263,haiyan2013,31.16235587410408,15.39994453822034
2264,haiyan2013,0.29546065001343,0.21646737305023134
2265,haiyan2013,80.74874939486848,15.365650601583122
2266,haiyan2013,0.3904390058089705,0.4331764782357137
2267,haiyan2013,80.65302144249513,10.59939175516696
2268,haiyan2013,52.30769230769232,6.904300183388962
2270,haiyan2013,53.49769492884345,6.776318854136367
2271,haiyan2013,2.570397111913357,8.091077280241942
2272,haiyan2013,3.8195587751070135,6.543011082259316
2273,haiyan2013,6.138505168786022,13.056157610942977
2274,haiyan2013,2.1829076901127125,1.5061170425908568
2275,haiyan2013,0.0797927574409479,1.7069776909041678
2276,haiyan2013,53.734693877551024,7.652534188833764
2277,haiyan2013,51.78234713118434,11.090347191766915
2278,haiyan2013,61.15977046209604,14.169886570105556
2279,haiyan2013,80.91334894613583,12.460155936147759
2280,haiyan2013,3.88631090487239,4.701888863401944
2281,haiyan2013,72.71597265382225,15.201527056943204
2282,haiyan2013,52.7731373204143,10.875979562059564
2284,haiyan2013,0.0240847784200385,0.39868668430262666
2285,haiyan2013,73.75197057277983,12.789309439826264
2286,haiyan2013,15.27777777777778,11.745545662661675
2287,haiyan2013,72.70807259073842,15.157069421507279
2288,haiyan2013,4.81875406989364,6.564279840643312
2289,haiyan2013,51.05910833165221,12.16038366080834
2290,haiyan2013,15.179709406066785,8.615109954411789
2292,haiyan2013,23.78869448183041,8.206730033713862
2293,haiyan2013,95.3109411373462,15.19320367297083
2294,haiyan2013,3.5480193787403818,1.7069776909041678
2295,haiyan2013,52.51511642866332,10.79486794564024
2296,haiyan2013,0.5121519694571189,2.181205350214384
2297,haiyan2013,26.51204083897459,15.440027974148409
2298,haiyan2013,21.99942709825265,11.922662203977788
2299,haiyan2013,47.62050030506406,12.059814258825886
2300,haiyan2013,0.3478810879190386,6.131293088339238
2301,haiyan2013,19.68070465180292,11.233355960871615
2302,haiyan2013,0.0,6.148860948139033
2304,haiyan2013,0.4928050463236744,3.860151377201994
2305,haiyan2013,0.6549568323905924,4.5511716457019915
2306,haiyan2013,14.3252447850149,11.571864666062156
2308,haiyan2013,10.99640933572711,8.635012387549613
2309,haiyan2013,43.688480259599785,12.669495570371838
2310,haiyan2013,2.1747995106701103,3.5995376888353157
2311,haiyan2013,73.68524719322434,11.380190644014442
2312,haiyan2013,0.2652959708174432,2.9380564857477154
2313,haiyan2013,50.43642368483133,12.587465935857702
2314,haiyan2013,76.0759022696267,12.735627068779523
2315,haiyan2013,3.932151117964534,4.923022072464331
2316,haiyan2013,0.585865983156353,2.1848006490636322
2317,haiyan2013,4.042690815006468,9.507642200863947
2318,haiyan2013,17.497705720403793,12.676572222604195
2319,haiyan2013,1.252179426216516,8.471745063440228
2321,haiyan2013,0.3014842300556586,3.9913397965524684
2322,haiyan2013,44.2190249456578,13.062919548956215
2325,haiyan2013,0.2495766111061591,2.177646985385028
2326,haiyan2013,57.18600553737729,15.0931689656771
2327,haiyan2013,3.7326911499096926,5.063356188761574
2328,haiyan2013,50.022094564737074,13.536026771034377
2329,haiyan2013,54.882604055496266,4.322762071924139
2330,haiyan2013,54.90074441687345,9.370167226744133
2331,haiyan2013,48.839962121212125,11.88621112925402
2332,haiyan2013,40.19259610071828,12.999137748644204
2333,haiyan2013,11.984282907662084,15.365650601583122
2334,haiyan2013,32.055883106895664,12.925963844546276
2335,haiyan2013,2.5714082199586863,0.5282111075697795
2336,haiyan2013,2.8761255354489026,1.7746163473535699
2337,haiyan2013,1.7667135113431038,4.565756184038076
2338,haiyan2013,0.0597470707338931,1.486489379042819
2340,haiyan2013,8.430195427257631,9.265361579199599
2341,haiyan2013,15.002547121752418,9.412509346726287
2342,haiyan2013,0.9798040391921616,2.9312734183551967
2343,haiyan2013,33.93715341959334,13.394177075564974
2344,haiyan2013,0.0655236431145571,-0.3991591455831953
2345,haiyan2013,14.2253136933988,10.155469565148016
2346,haiyan2013,0.6673691605198454,1.0389709131028502
2347,haiyan2013,28.646720181626527,13.89662034347298
2349,haiyan2013,0.5448449287510477,2.6204863255682174
2350,haiyan2013,86.50539014373717,15.035139520400284
2351,haiyan2013,49.650058900977065,12.814210972538396
2352,haiyan2013,57.26823916620955,14.337903261623184
2353,haiyan2013,14.45876288659794,11.343789437971209
2354,haiyan2013,83.42749529190208,13.747005243684557
2355,haiyan2013,0.8738481093104544,4.6743168544848555
2356,haiyan2013,77.57225433526011,14.434321355302123
2357,haiyan2013,3.4192037470725998,3.0770870459207327
2358,haiyan2013,0.4802015271982995,1.5597126969060549
2359,haiyan2013,39.21146282075295,14.53989831762651
2360,haiyan2013,24.673585537328425,9.975889536045893
2361,haiyan2013,0.4249893752656183,3.214868874380203
2362,haiyan2013,15.40348964013086,8.202321967009865
2363,haiyan2013,0.1446759259259259,0.8364597702058001
2364,haiyan2013,0.5871725383920506,2.721451888112904
2365,haiyan2013,2.97969254127918,3.8369097086221995
2366,haiyan2013,1.5166750460868108,3.8461356165384224
2367,haiyan2013,18.547085201793724,13.57778014449382
2368,haiyan2013,10.784635587655943,8.582707888772537
2369,haiyan2013,1.185621981055141,4.738357461071505
2370,haiyan2013,0.2137998056365403,2.234485482594989
2371,haiyan2013,61.557460409705065,14.10823221086446
2372,haiyan2013,75.15546342907906,14.612366726597406
2373,haiyan2013,0.3085687158794208,3.13082554230696
2374,haiyan2013,36.44310959749001,14.323349039077668
2375,haiyan2013,0.4577046957111375,5.623942414621959
2376,haiyan2013,49.240530667179385,14.983139228806932
2377,haiyan2013,0.2533783783783784,4.020622551815164
2378,haiyan2013,44.70483204999442,13.305645133909055
2379,haiyan2013,25.26909950118141,8.789400401912909
2380,haiyan2013,3.635768096953816,8.050188619366157
2381,haiyan2013,0.1013513513513513,3.0306927166616457
2382,haiyan2013,37.654242462791,13.627250837169408
2384,haiyan2013,0.261756476216265,0.10434880114563061
2385,haiyan2013,0.5041518386714117,0.8454477524530439
2386,haiyan2013,1.0372714486638537,3.573736916225604
2387,haiyan2013,0.7234211409908122,6.498750884520751
2388,haiyan2013,3.4295273943956506,4.442234868279527
2389,haiyan2013,2.314397354974452,5.085675271362868
2390,haiyan2013,8.444840915848944,4.818553160593604
2391,haiyan2013,0.1669170422300116,0.6324416639211536
2392,haiyan2013,0.4810882548108826,1.4190720452405987
2393,haiyan2013,54.26302265825742,14.31147107309319
2394,haiyan2013,44.24986931521171,9.81757109315595
2395,haiyan2013,2.857577139382885,3.5457168565645087
2396,haiyan2013,34.70861985135792,11.16902494421497
2397,haiyan2013,4.844497607655502,5.889265065004574
2398,haiyan2013,0.0221926320461606,2.260099762803293
2399,haiyan2013,34.633129930049115,12.353197466487414
2400,haiyan2013,44.11016949152543,15.246313549580554
2401,haiyan2013,2.844757518287727,2.944748261505188
2402,haiyan2013,0.3723404255319149,0.8478071527080617
2404,haiyan2013,13.083371091980064,12.8196221470351
2405,haiyan2013,82.24697019325254,13.729746363320684
2406,haiyan2013,29.94208199969517,12.99355382885439
2407,haiyan2013,22.219432588501128,13.603783165352889
2408,haiyan2013,0.6446230850902472,1.3178817501893647
2409,haiyan2013,0.0402576489533011,0.1452115022798326
2410,haiyan2013,50.183100501831,12.73329435423051
2411,haiyan2013,4.3604651162790695,9.429216140695411
2412,haiyan2013,5.299429657794677,8.10419313974777
2413,haiyan2013,1.0304071118294778,7.43093064435733
2414,haiyan2013,7.643835616438356,4.844495894993949
2415,haiyan2013,51.61921055847488,15.208699753942712
2416,haiyan2013,27.34522560335782,10.523407054673688
2417,haiyan2013,46.89978370583994,13.139607486738063
2418,haiyan2013,34.22501966955153,9.462795723504799
2419,haiyan2013,24.767364405240105,14.648536814256003
2420,haiyan2013,3.427787934186472,4.30401758951337
2421,haiyan2013,14.859197124026364,8.509533700820105
2422,haiyan2013,0.0490470852017937,2.468255509732087
2423,haiyan2013,49.88780852655198,13.751407723712765
2424,haiyan2013,12.01219512195122,11.06703627410773
2425,haiyan2013,48.7183727468166,10.455689350074222
2428,haiyan2013,42.83651532167496,9.199638445104668
2429,haiyan2013,0.0,0.6366508803740132
2431,haiyan2013,47.63513513513514,13.589375733188684
2432,haiyan2013,1.0696653867251782,4.5530223262788265
2433,haiyan2013,1.0331702011963024,6.972676477586774
2434,haiyan2013,1.3636363636363635,1.5710549648676055
2435,haiyan2013,3.8533457993856017,7.616611688434714
2436,haiyan2013,49.36525208560029,8.729005566832049
2437,haiyan2013,78.42767295597484,14.73549087739268
2438,haiyan2013,13.15345699831366,6.209412286759392
2439,haiyan2013,49.08725986810666,15.324735442629281
2441,haiyan2013,0.786593707250342,2.48418855050139
2442,haiyan2013,9.350968932636112,6.101992022946087
2825,kammuri2019,6.290883785664579,7.919157516640826
2826,kammuri2019,1.394169835234474,1.7064066639222464
2830,kammuri2019,17.540359151097405,10.564695304804559
2831,kammuri2019,13.12870473619344,7.388653605542562
2833,kammuri2019,1.1302177229233117,1.0418180428400916
2834,kammuri2019,1.9578577699736608,10.12291267848715
2835,kammuri2019,3.4848062447727908,14.817132489858064
2836,kammuri2019,2.364209505334627,8.458024262979812
2837,kammuri2019,7.515945526633338,12.68458517083532
2839,kammuri2019,1.0859389627410598,6.887404604994757
2840,kammuri2019,0.2805049088359046,1.2336242546119731
2841,kammuri2019,6.321084864391952,6.416485117184234
2842,kammuri2019,10.641296687808316,8.109701669526757
2844,kammuri2019,4.281537176274018,12.015062943548667
2845,kammuri2019,0.4846882573254021,1.7456014567508031
2846,kammuri2019,0.0278200967079552,5.741630641180475
2847,kammuri2019,4.403292181069959,14.192800963282366
2848,kammuri2019,15.329218106995883,14.192800963282366
2850,kammuri2019,4.014496793978255,7.642115396602961
2852,kammuri2019,15.738284703801945,10.792914243031433
2853,kammuri2019,1.2013910844135314,11.355647726331867
2854,kammuri2019,11.79157151754204,10.122008943139676
2855,kammuri2019,3.2839290903807035,5.7335925723842465
2856,kammuri2019,1.21580547112462,4.985549779460555
2857,kammuri2019,3.198104826769322,5.137491301895654
2859,kammuri2019,5.834255502274684,12.991980312300331
2860,kammuri2019,2.462542649458537,11.416984057276416
2861,kammuri2019,0.2946375957572186,1.8538641080552534
2862,kammuri2019,14.486843382852705,10.854238041923647
2863,kammuri2019,5.316934720908231,11.472316504070712
2864,kammuri2019,4.464973056197074,4.692684145033411
2865,kammuri2019,6.220965461522924,3.380381396678091
2866,kammuri2019,2.676841796301732,5.02064766832342
2868,kammuri2019,0.0,1.7798418554932294
2870,kammuri2019,0.5288432314145036,1.1557277010102673
2872,kammuri2019,1.7884914463452566,3.9929179154620655
2873,kammuri2019,2.6078710289236606,14.25884226241245
2874,kammuri2019,1.2877348532826685,6.638970411747472
2875,kammuri2019,0.044474093840338,4.330348014610962
2876,kammuri2019,2.583237657864524,6.5682581365601145
2878,kammuri2019,20.87691069991955,9.217731718030397
2879,kammuri2019,0.8706215833164608,6.928100993229904
2880,kammuri2019,5.88235294117647,7.249789377540974
2882,kammuri2019,7.141692483287135,12.77794924721557
2883,kammuri2019,0.2136752136752137,4.277454165920286
2884,kammuri2019,0.7681701792397084,7.1354240212909374
2885,kammuri2019,5.116279069767442,10.039818870811914
2886,kammuri2019,2.21980751319466,9.835844359740602
2887,kammuri2019,0.6582884500299222,3.345529366675219
2888,kammuri2019,1.8961878380160928,9.045958731366408
2889,kammuri2019,1.9385531990574003,14.589315757452756
2890,kammuri2019,1.1214169679819734,6.190325417093604
2891,kammuri2019,6.927599625074558,13.40433124769276
2892,kammuri2019,4.314822213343987,14.678764200377902
2893,kammuri2019,0.6035003017501509,0.6968847389040143
2896,kammuri2019,5.26955816781516,7.126703108182621
2898,kammuri2019,2.1596312293564663,13.847310906225236
2899,kammuri2019,0.2860957467098989,1.4442762891100234
2900,kammuri2019,0.7240995172669884,4.873408242598487
2902,kammuri2019,12.485368708544671,12.469715756861163
2903,kammuri2019,1.2099213551119177,-0.06873718041152799
2904,kammuri2019,2.1305530371713512,6.5682581365601145
2905,kammuri2019,4.07925407925408,8.635757710616332
2906,kammuri2019,0.2392007879555368,7.697585641107242
2907,kammuri2019,2.571652925009816,4.910471684556914
2908,kammuri2019,2.863573840190071,11.054511227964557
2909,kammuri2019,0.7589128132721497,4.801944829165212
2910,kammuri2019,27.981651376146782,7.835424978032481
2911,kammuri2019,10.519681985650571,7.150812928368701
2912,kammuri2019,1.149245563286686,6.464206653223325
2913,kammuri2019,4.838709677419355,12.463557911499393
2914,kammuri2019,0.1668465992737265,2.6065692030041596
2915,kammuri2019,3.618163516385192,14.63277810285156
2916,kammuri2019,0.3230644975193261,2.2341417377413517
2917,kammuri2019,0.0,3.4980090125297334
2918,kammuri2019,4.425104756642262,12.729016733473824
2919,kammuri2019,7.713909609477841,11.158172478117514
2920,kammuri2019,0.8134805345729227,7.801736176988339
2921,kammuri2019,1.7843085804250851,12.669128073386702
2922,kammuri2019,5.922242314647378,11.926727217855547
2923,kammuri2019,0.1521116678596993,6.187120916421918
2924,kammuri2019,17.241096340062366,10.577627935635967
2925,kammuri2019,2.147487844408428,7.505799637975574
2926,kammuri2019,3.329586962629953,9.429919642579193
2927,kammuri2019,12.75930194270662,10.359421552662067
2928,kammuri2019,2.8838960349446148,14.249171334640458
2929,kammuri2019,0.035650623885918,1.4411622845686445
2931,kammuri2019,1.6450327721372573,6.5719253185547934
2932,kammuri2019,3.4279800789082207,14.388923589282129
2935,kammuri2019,3.747276688453159,4.223451922446895
2936,kammuri2019,0.7407407407407408,4.223451922446895
2938,kammuri2019,4.05982905982906,9.670132200193251
2939,kammuri2019,0.5852761923188546,3.207101857698449
2940,kammuri2019,17.535545023696685,3.6125644131830477
2942,kammuri2019,0.6146369353916523,3.7148850618478075
2944,kammuri2019,0.9626752237797668,3.0661183485348484
2946,kammuri2019,2.388564980252022,5.6625297953263924
2947,kammuri2019,2.380952380952381,3.177748107340495
2949,kammuri2019,1.6379203375108575,14.476902026149908
2950,kammuri2019,1.1489536315141566,13.45147917323899
2951,kammuri2019,0.7768361581920904,7.1831512284117025
2952,kammuri2019,3.3585511233379184,4.182563820554311
2953,kammuri2019,1.5031645569620251,13.53097294982095
2954,kammuri2019,0.7487298333184775,3.7565915623765544
2955,kammuri2019,2.624955052139518,9.420966473978325
2956,kammuri2019,0.6591337099811676,6.71777464049849
2958,kammuri2019,16.616748532406852,10.489719088741133
2959,kammuri2019,7.91117279666898,8.045160373271727
2960,kammuri2019,0.5153690410454629,2.3843454294584863
2961,kammuri2019,2.089343474079902,4.458723931460138
2962,kammuri2019,1.8199545011374716,7.701661521976167
2963,kammuri2019,1.744129396862516,10.081047663560533
2964,kammuri2019,1.9038984587488668,5.775898788066009
2965,kammuri2019,1.4478647037352477,9.157573336756101
2966,kammuri2019,8.841020219373597,10.329514549559331
2967,kammuri2019,19.425418569254184,9.93556005859357
2968,kammuri2019,3.0977651220985414,10.943253227495745
2969,kammuri2019,7.093100732933551,12.670516275352355
2971,kammuri2019,3.320270444855949,9.075736540530151
2972,kammuri2019,5.7495012824166425,14.519908649949574
2973,kammuri2019,4.877522391280889,8.14096836992718
2974,kammuri2019,0.272216368106779,1.7566427314151003
2976,kammuri2019,2.032520325203252,1.1051455002669552
2979,kammuri2019,1.3520451822693822,4.554249211476975
2980,kammuri2019,2.898550724637681,10.589016531658352
2981,kammuri2019,0.9767308244757252,7.373806923666727
2982,kammuri2019,7.544006705783738,10.14040458147296
2984,kammuri2019,2.673307582842041,8.7940428601034
2986,kammuri2019,4.41811538035655,7.764603180854284
2987,kammuri2019,5.316114309423785,8.265593969449572
2988,kammuri2019,5.385103681760474,12.936812849647719
2989,kammuri2019,0.6936187078874356,3.0471542943621035
2991,kammuri2019,6.096217407271392,8.77822071149319
2992,kammuri2019,2.7985484935122056,14.04620675977094
2993,kammuri2019,1.263001485884101,6.753592029866535
2994,kammuri2019,12.340247223968154,12.9684334965524
2995,kammuri2019,0.9406657018813316,8.036462497568692
2996,kammuri2019,0.3372681281618886,3.674126656518956
2997,kammuri2019,3.029073698444895,14.854535179343742
2999,kammuri2019,6.262626262626263,3.7281324611457674
3003,kammuri2019,11.097277107129324,7.212407318150348
3006,kammuri2019,14.925373134328357,12.890520880165301
3007,kammuri2019,5.323044729270206,9.519452994121771
3011,kammuri2019,10.077626836706404,9.989297596547456
3012,kammuri2019,0.5822012752980316,9.989297596547456
3013,kammuri2019,5.461602439700583,9.989297596547456
3019,kammuri2019,2.4637681159420293,6.375139643217917
3029,kammuri2019,0.0,3.462372107280112
3030,kammuri2019,9.486599492768525,3.462372107280112
3033,kammuri2019,14.480982567353406,10.496605450724417
3034,kammuri2019,2.8472394156969547,8.329816863493495
3038,kammuri2019,6.997490939503763,10.891358966892515
3039,kammuri2019,2.40598823739084,7.214324744160827
3040,kammuri2019,1.6489361702127658,1.0720810530290894
3042,kammuri2019,1.9420094403236683,14.75193023966111
3044,kammuri2019,18.752293577981654,9.619547920071948
3045,kammuri2019,1.009501187648456,4.5714016553373895
3048,kammuri2019,0.587293112653497,5.457087418479368
3049,kammuri2019,0.6708523264814655,0.7668190928007323
3050,kammuri2019,0.0471753744545347,4.219772768341695
3051,kammuri2019,0.0224346031318706,2.0549714722352803
3052,kammuri2019,3.608878014680181,7.5533106274801405
3053,kammuri2019,2.31980115990058,6.046131316049145
3054,kammuri2019,0.0986679822397632,3.9074485023423247
3055,kammuri2019,2.20501138952164,12.14942097226034
3056,kammuri2019,2.202771699489424,11.564363969032875
3057,kammuri2019,6.36746597537265,2.3573654133118236
3058,kammuri2019,0.8236518120339865,5.2283856221880285
3061,kammuri2019,8.175081056044466,7.012419356453059
3062,kammuri2019,24.047332531087044,10.541228008779733
3284,koppu2015,0.8256880733944955,4.153064099662828
3285,koppu2015,0.0910056120127407,5.030740877040486
3286,koppu2015,0.9847806624888094,8.487206903234483
3287,koppu2015,1.1174484926085435,5.911682482461973
3288,koppu2015,0.686089291041066,6.690124636220361
3289,koppu2015,0.0560852495793606,12.299597431141652
3290,koppu2015,0.0645624103299856,3.4534584170012472
3291,koppu2015,0.0177640928469919,-0.12289199846358478
3293,koppu2015,0.0565770862800565,5.614815490351102
3294,koppu2015,0.186219739292365,6.22888694898333
3295,koppu2015,3.937345778349963,6.432409146694464
3296,koppu2015,0.0406752084604433,0.9443284499117404
3297,koppu2015,0.0295776730822048,-0.4495958039976724
3299,koppu2015,0.0145809791127474,-0.166597555988238
3300,koppu2015,0.0470765464645513,8.84497562130976
3301,koppu2015,0.0,10.274251330936892
3302,koppu2015,0.0459277403551745,8.986489081404763
3303,koppu2015,0.0,4.696233591946697
3306,koppu2015,0.0515889393314073,7.22814731073662
3308,koppu2015,0.2508265876182875,2.917265582374794
3309,koppu2015,0.0455939177713693,9.801943617631448
3310,koppu2015,0.5057316250842886,8.732141798727664
3311,koppu2015,0.089632506722438,5.88395237966915
3312,koppu2015,0.0,6.542688101665771
3313,koppu2015,4.1324200913242,11.09054657735441
3314,koppu2015,0.0725584095196633,8.066632824131457
3315,koppu2015,1.2212497455729696,0.4004718919718364
3316,koppu2015,0.0075346594333936,7.259407078463578
3317,koppu2015,0.0,1.7851588313940034
3318,koppu2015,0.0,5.263556229482873
3321,koppu2015,2.7239263803680984,5.937977667559963
3324,koppu2015,1.278140885984023,6.346669366770218
3325,koppu2015,0.2955902756831755,8.522719223253276
3326,koppu2015,0.0,3.3531279850339306
3328,koppu2015,0.2959526475763878,6.472368764013023
3329,koppu2015,0.0065815453468474,5.440891002791215
3331,koppu2015,0.0079020150138285,8.639577920020084
3332,koppu2015,0.049439683586025,6.689897728696206
3334,koppu2015,2.9827850690301685,6.422203696036107
3337,koppu2015,0.0146767446980259,0.42963849090985207
3341,koppu2015,0.0,5.810724106426157
3342,koppu2015,0.0,-2.4238528025263815
3344,koppu2015,0.6296508299942759,9.027183077213046
3345,koppu2015,1.2793624161073829,5.07230813358165
3346,koppu2015,1.0650887573964496,8.704017128452193
3348,koppu2015,0.3518029903254178,2.265927964414967
3349,koppu2015,0.0,0.17033985569503685
3352,koppu2015,0.2650669642857143,7.1724468047387795
3354,koppu2015,0.2855362890665559,5.269440376770213
3355,koppu2015,0.0178348492955234,-0.8199140787228476
3356,koppu2015,0.0,3.6078628412827545
3357,koppu2015,0.0231588698471514,1.8307938238737762
3358,koppu2015,0.1527859046876016,1.3501702236823636
3359,koppu2015,0.0,-2.2686706189229824
3361,koppu2015,15.182969739619988,14.732385629411183
3363,koppu2015,5.964502568893041,6.190271304910844
3366,koppu2015,0.0099314728374217,0.31518844910176824
3368,koppu2015,0.0,8.49591578002629
3370,koppu2015,0.0099476092579083,0.7088631378545553
3371,koppu2015,0.0,3.147095600762704
3372,koppu2015,0.1957475531555855,8.191747027361515
3375,koppu2015,0.0122929407787577,1.3116602130414048
3378,koppu2015,0.05998800239952,7.950916039017127
3379,koppu2015,0.9455074409757188,6.805551051148875
3382,koppu2015,0.0454235748353395,1.9286555854523826
3383,koppu2015,0.0330934061388268,1.8411970910671744
3384,koppu2015,9.274611398963732,11.729346748703133
3385,koppu2015,5.041384499623777,14.525848297455685
3386,koppu2015,2.6037428803905613,6.172051139105328
3387,koppu2015,3.5226077812828605,1.2172035906259087
3389,koppu2015,1.651480637813212,13.922541158295285
3394,koppu2015,0.0662544169611307,11.9077151598484
3396,koppu2015,2.0627062706270625,5.837021509293503
3397,koppu2015,0.0,1.902822396032148
3398,koppu2015,1.2660944206008584,6.379674141812309
3399,koppu2015,15.19584709768759,-2.265906835531224
3400,koppu2015,0.5822416302765648,0.805170822238459
3401,koppu2015,0.0519922484284161,4.500710514709382
3405,koppu2015,0.9283135636926252,3.5840773349410338
3408,koppu2015,0.492818924246691,10.556362959590995
3410,koppu2015,0.0474248316418476,6.02194501229388
3412,koppu2015,0.0,-2.574340409395985
3413,koppu2015,0.2384358607534573,8.814375888439908
3414,koppu2015,0.5585264408793821,4.9298332969106795
3415,koppu2015,0.4169688179840464,10.719307816531412
3418,koppu2015,0.0216060496939142,3.3061655039932987
3420,koppu2015,0.0029762790559242,9.600299586916094
3423,koppu2015,0.0328083989501312,-0.4704249847149029
3428,koppu2015,0.2096729102599944,7.872727661423195
3431,koppu2015,0.6275494195167869,4.274158372170213
3434,koppu2015,2.2980927713680246,6.475792555700988
3437,koppu2015,0.0854805226523385,6.0034413309440495
3438,koppu2015,0.0968757568418503,-3.94019953088282
3441,koppu2015,27.476092896174865,5.5789397284432205
3442,koppu2015,3.302420266907939,9.716218068317929
3447,koppu2015,0.8815690562427391,8.022119968313962
3448,koppu2015,16.584848082791563,7.433337681867794
3449,koppu2015,0.78245333004744,5.602824696724017
3450,koppu2015,0.0,4.489185154007821
3451,koppu2015,0.0658241179568193,7.315666158557111
3453,koppu2015,1.155450946827859,11.765223094580683
3455,koppu2015,0.509656652360515,3.9322036565785172
3456,koppu2015,0.0736919675755342,1.3350445605453167
3458,koppu2015,0.3004356316659156,6.535418315509155
3459,koppu2015,0.0,1.2299509428571191
3460,koppu2015,3.802903291760376,12.589701793377586
3461,koppu2015,0.1684352366515074,8.886098860475101
3463,koppu2015,0.2186361270171785,1.592821311296392
3465,koppu2015,0.0122970978848991,-2.782773468671275
3466,koppu2015,1.0794896957801767,-0.09380682001583551
3467,koppu2015,0.0184263865855905,-3.3635676048830287
3469,koppu2015,1.1961206896551724,4.807409793331214
3471,koppu2015,0.009085540362513,5.256635107798079
3472,koppu2015,0.0,11.809277615146307
3483,koppu2015,0.0696687567293685,8.35200722807583
3484,koppu2015,0.1840349666436622,8.844946012743932
3485,koppu2015,0.0716204118173679,4.667993443073481
3487,koppu2015,0.243566663136715,5.419882707255297
3489,koppu2015,0.0230061349693251,-0.12600888085637685
3490,koppu2015,0.3397027600849257,5.470107432625557
3491,koppu2015,0.7050369466476849,8.579975702148104
3493,koppu2015,0.2914480806062119,8.939719727228479
3495,koppu2015,0.0769526741054251,9.36545215455357
3496,koppu2015,0.1759235988941945,1.708470543252595
3497,koppu2015,0.1132075471698113,2.2530851034463044
3499,koppu2015,10.43332713408964,5.398025190158389
3500,koppu2015,0.0861128652620701,1.1966636138552929
3501,koppu2015,1.3825335845547753,6.590163364338096
3502,koppu2015,2.1544580709313887,5.071227203022577
3503,koppu2015,0.0,1.3215926890636833
3504,koppu2015,0.0,1.7026749623149158
3506,koppu2015,0.0257931390250193,7.769776183910189
3507,koppu2015,0.0,4.433972717157982
3510,koppu2015,0.036068530207394,0.08432074636021802
3511,koppu2015,0.0353606789250353,-0.13941912809497126
3513,koppu2015,0.4786819548035177,8.267406373334236
3517,koppu2015,0.1181753722524226,7.774563728514913
3521,koppu2015,9.175377468060397,10.143162407542572
3522,koppu2015,0.043021855102392,9.84306084076037
3523,koppu2015,0.0258131130614352,9.84306084076037
3526,koppu2015,0.0,-0.7016950232615766
3529,koppu2015,0.0,10.064199601754826
3533,koppu2015,0.0,1.6472407251208736
3537,koppu2015,1.4995056574755574,7.391304491795761
3538,koppu2015,0.0361663652802893,1.8307938238737762
3539,koppu2015,0.1016834256016269,3.364377277146641
3540,koppu2015,0.219298245614035,4.730823721545402
3541,koppu2015,0.5912389142703575,11.042484229283403
3542,koppu2015,0.0174611489436004,4.187907709863019
3544,koppu2015,0.1654632972322502,1.7026749623149158
3547,koppu2015,0.0127722076760968,1.7618895934723664
3548,koppu2015,0.0,2.123966406936132
3551,koppu2015,0.2711363076164653,8.47627686269448
3555,koppu2015,0.4019675252551964,8.29924232364834
3556,koppu2015,0.0,3.030452290486581
3558,koppu2015,0.2088872009115077,9.419038811339409
3559,koppu2015,0.0131268049356786,3.7910604236836463
3561,koppu2015,4.1192273250607645,6.236943088057348
3562,koppu2015,0.2128791910590739,5.76579061824409
3563,koppu2015,0.0,6.7774331256425775
3566,koppu2015,0.0,4.648329450094078
3567,koppu2015,0.5967056133204702,7.3364681429535565
3568,koppu2015,1.2638504155124657,7.701013392104731
3569,koppu2015,0.0,8.785184290731461
3572,koppu2015,0.3614122880177926,5.750085544859935
3573,koppu2015,0.0089903802930863,9.81881818591491
3574,koppu2015,0.6434400502197113,8.849606233889105
3575,koppu2015,0.0,9.555504229856659
3578,koppu2015,4.473027452486082,6.01356904841856
3579,koppu2015,0.0465580312603924,4.865361585424424
3580,koppu2015,0.3484320557491289,7.851234300967036
3582,koppu2015,0.0,0.5304302201949991
3584,koppu2015,0.0091058095064651,2.557627783481882
3868,mangkhut2018,8.067796610169491,16.511868520940993
3869,mangkhut2018,8.067796610169491,16.511868520940993
3870,mangkhut2018,0.24330900243309,14.839555402244908
3871,mangkhut2018,0.24330900243309,14.839555402244908
3873,mangkhut2018,14.638354346383544,17.971517082813293
3874,mangkhut2018,14.638354346383544,17.971517082813293
3875,mangkhut2018,19.63074604370761,14.43993403799681
3876,mangkhut2018,19.63074604370761,14.43993403799681
3877,mangkhut2018,6.488245931283906,16.075274487390082
3878,mangkhut2018,6.488245931283906,16.075274487390082
3879,mangkhut2018,0.2850848775430867,11.760985579528992
3880,mangkhut2018,0.2850848775430867,11.760985579528992
3881,mangkhut2018,2.711390635918938,7.2758342033352115
3882,mangkhut2018,2.711390635918938,7.2758342033352115
3883,mangkhut2018,11.663727829063376,18.465957836933725
3884,mangkhut2018,11.663727829063376,18.465957836933725
3885,mangkhut2018,0.8691873098652759,6.119466740347935
3886,mangkhut2018,0.8691873098652759,6.119466740347935
3887,mangkhut2018,10.259626238555123,17.748519359693702
3888,mangkhut2018,10.259626238555123,17.748519359693702
3889,mangkhut2018,1.464726059145267,2.487984496076937
3890,mangkhut2018,1.464726059145267,2.487984496076937
3891,mangkhut2018,0.4810413129598189,14.387627448115893
3892,mangkhut2018,0.4810413129598189,14.387627448115893
3893,mangkhut2018,1.0404885772449672,8.53017617956231
3894,mangkhut2018,1.0404885772449672,8.53017617956231
3895,mangkhut2018,0.6483402489626556,1.6220527933390407
3896,mangkhut2018,0.6483402489626556,1.6220527933390407
3898,mangkhut2018,0.5769735116706006,1.0536647659432425
3899,mangkhut2018,0.5769735116706006,1.0536647659432425
3900,mangkhut2018,0.0,-0.7766514719878383
3902,mangkhut2018,6.48826431454627,19.19248040162912
3903,mangkhut2018,6.48826431454627,19.19248040162912
3904,mangkhut2018,1.1479591836734695,14.289462127051593
3905,mangkhut2018,0.1700680272108843,14.289462127051593
3906,mangkhut2018,1.1479591836734695,14.289462127051593
3907,mangkhut2018,1.7857142857142856,14.289462127051593
3908,mangkhut2018,0.1700680272108843,14.289462127051593
3909,mangkhut2018,0.4561118994526657,4.750110986322323
3910,mangkhut2018,0.4561118994526657,4.750110986322323
3911,mangkhut2018,1.5328097289080314,5.135701697778675
3912,mangkhut2018,1.5328097289080314,5.135701697778675
3913,mangkhut2018,1.8471872376154488,16.5234993807958
3914,mangkhut2018,1.8471872376154488,16.5234993807958
3915,mangkhut2018,0.28328611898017,0.2979104220505082
3916,mangkhut2018,0.28328611898017,0.2979104220505082
3917,mangkhut2018,6.483373583503623,17.67079245919441
3918,mangkhut2018,6.483373583503623,17.67079245919441
3919,mangkhut2018,0.9495136637332098,0.8626872319125738
3920,mangkhut2018,0.9495136637332098,0.8626872319125738
3921,mangkhut2018,0.0,14.046704176197629
3923,mangkhut2018,0.2267573696145124,9.341855020565148
3924,mangkhut2018,0.2267573696145124,9.341855020565148
3925,mangkhut2018,0.0447427293064877,3.9746935920428754
3926,mangkhut2018,0.0447427293064877,3.9746935920428754
3927,mangkhut2018,0.909418332432919,0.8626872319125738
3928,mangkhut2018,0.909418332432919,0.8626872319125738
3929,mangkhut2018,1.6532489936745256,8.837639809434926
3930,mangkhut2018,1.6532489936745256,8.837639809434926
3931,mangkhut2018,1.06110501280644,11.899159795383394
3932,mangkhut2018,1.06110501280644,11.899159795383394
3933,mangkhut2018,1.3920240782543265,8.515060325779213
3934,mangkhut2018,1.3920240782543265,8.515060325779213
3936,mangkhut2018,3.7800687285223367,4.366336235633266
3937,mangkhut2018,3.7800687285223367,4.366336235633266
3938,mangkhut2018,0.0305157155935306,1.7766708760366168
3939,mangkhut2018,0.0305157155935306,1.7766708760366168
3940,mangkhut2018,0.3693114129139861,10.949897216325315
3941,mangkhut2018,0.3693114129139861,10.949897216325315
3942,mangkhut2018,1.4285714285714286,6.120877042809813
3943,mangkhut2018,1.4285714285714286,6.120877042809813
3944,mangkhut2018,0.0805152979066022,2.6130993250237786
3945,mangkhut2018,0.5405405405405406,13.712357240727535
3946,mangkhut2018,0.5405405405405406,13.712357240727535
3947,mangkhut2018,1.5656096590155235,6.869153356162041
3948,mangkhut2018,1.5656096590155235,6.869153356162041
3949,mangkhut2018,3.339930727362692,17.160701710646247
3950,mangkhut2018,3.339930727362692,17.160701710646247
3951,mangkhut2018,0.165016501650165,-0.461664961907303
3952,mangkhut2018,0.165016501650165,-0.461664961907303
3953,mangkhut2018,9.960953063989162,19.51552020106675
3954,mangkhut2018,9.960953063989162,19.51552020106675
3955,mangkhut2018,14.40837450011762,19.286926626273413
3956,mangkhut2018,14.40837450011762,19.286926626273413
3957,mangkhut2018,8.649093904448106,13.185994268281966
3958,mangkhut2018,8.649093904448106,13.185994268281966
3959,mangkhut2018,0.0590196830643019,3.96611763771514
3960,mangkhut2018,0.0590196830643019,3.96611763771514
3961,mangkhut2018,1.5974440894568689,14.817610459206634
3962,mangkhut2018,1.5974440894568689,14.817610459206634
3963,mangkhut2018,1.7744360902255638,2.5987474806297524
3964,mangkhut2018,0.0,5.81605000528555
3966,mangkhut2018,0.2296587926509186,2.8294926181486115
3967,mangkhut2018,0.2296587926509186,2.8294926181486115
3968,mangkhut2018,0.5364806866952789,5.618869617334809
3969,mangkhut2018,0.5364806866952789,5.618869617334809
3970,mangkhut2018,6.802721088435375,20.880219174084658
3971,mangkhut2018,6.802721088435375,20.880219174084658
3972,mangkhut2018,0.303030303030303,2.44168060631168
3973,mangkhut2018,0.303030303030303,2.44168060631168
3974,mangkhut2018,1.5282620861853715,11.052153947299885
3975,mangkhut2018,1.5282620861853715,11.052153947299885
3976,mangkhut2018,10.595802301963438,16.420608840119254
3977,mangkhut2018,10.595802301963438,16.420608840119254
3978,mangkhut2018,0.4241781548250266,2.5434035425488357
3979,mangkhut2018,0.4241781548250266,2.5434035425488357
3980,mangkhut2018,0.5891016200294551,-1.3672861095359714
3981,mangkhut2018,0.5891016200294551,-1.3672861095359714
3982,mangkhut2018,0.2893518518518518,0.09561520291093117
3983,mangkhut2018,0.2893518518518518,0.09561520291093117
3984,mangkhut2018,3.6570598207798497,17.3206037202175
3985,mangkhut2018,1.711229946524064,10.338159810334925
3986,mangkhut2018,1.711229946524064,10.338159810334925
3987,mangkhut2018,2.107172760256768,2.3582729548663828
3988,mangkhut2018,2.107172760256768,2.3582729548663828
3989,mangkhut2018,0.0,4.605645750435688
3991,mangkhut2018,0.0658935160780179,-0.10689797642509546
3992,mangkhut2018,0.0658935160780179,-0.10689797642509546
3993,mangkhut2018,0.3734439834024896,-0.8501516284421449
3994,mangkhut2018,0.3734439834024896,-0.8501516284421449
3995,mangkhut2018,0.8420515437611636,9.883994880554813
3996,mangkhut2018,0.8420515437611636,9.883994880554813
3997,mangkhut2018,0.5076142131979695,-0.2596321607881702
3998,mangkhut2018,0.5076142131979695,-0.2596321607881702
3999,mangkhut2018,0.6559083810515356,-0.2704819333641364
4000,mangkhut2018,0.6559083810515356,-0.2704819333641364
4001,mangkhut2018,0.0457247370827617,-1.385027688944449
4002,mangkhut2018,0.0457247370827617,-1.385027688944449
4003,mangkhut2018,2.551521099116781,13.170329636403157
4004,mangkhut2018,2.551521099116781,13.170329636403157
4005,mangkhut2018,1.9531969780726,11.858966102409585
4006,mangkhut2018,1.9531969780726,11.858966102409585
4007,mangkhut2018,0.2619172341540073,3.7344319170027624
4008,mangkhut2018,0.2619172341540073,3.7344319170027624
4009,mangkhut2018,2.8182893180922357,14.946756998540984
4010,mangkhut2018,2.8182893180922357,14.946756998540984
4011,mangkhut2018,2.0235467255334805,9.52507529202456
4012,mangkhut2018,2.0235467255334805,9.52507529202456
4013,mangkhut2018,0.0,-0.2373092805952517
4015,mangkhut2018,0.4451864218141347,0.5807632179163633
4016,mangkhut2018,0.4451864218141347,0.5807632179163633
4017,mangkhut2018,0.9625834497748796,13.541870781898702
4018,mangkhut2018,0.9625834497748796,13.541870781898702
4019,mangkhut2018,4.484598820335175,14.493056782679226
4020,mangkhut2018,4.484598820335175,14.493056782679226
4021,mangkhut2018,0.2734107997265892,0.3570425143776106
4022,mangkhut2018,0.2734107997265892,0.3570425143776106
4023,mangkhut2018,8.213961922030826,12.007360535213643
4024,mangkhut2018,8.213961922030826,12.007360535213643
4025,mangkhut2018,0.5343197698314838,12.829810698581536
4026,mangkhut2018,0.5343197698314838,12.829810698581536
4027,mangkhut2018,0.1923076923076923,1.0020736542076776
4028,mangkhut2018,0.1923076923076923,1.0020736542076776
4029,mangkhut2018,1.5473032714412025,-0.8200361627547093
4030,mangkhut2018,0.9706190975865688,8.058198511642146
4031,mangkhut2018,0.9706190975865688,8.058198511642146
4032,mangkhut2018,0.383509108341323,7.347773457886461
4033,mangkhut2018,0.383509108341323,7.347773457886461
4034,mangkhut2018,6.586447118429385,16.609555454554688
4035,mangkhut2018,6.586447118429385,16.609555454554688
4036,mangkhut2018,0.3576294277929155,1.9182118348141106
4037,mangkhut2018,0.0,1.9182118348141106
4038,mangkhut2018,0.3576294277929155,1.9182118348141106
4040,mangkhut2018,8.05851723282916,14.59074867519502
4041,mangkhut2018,8.05851723282916,14.59074867519502
4043,mangkhut2018,0.9682625067240452,5.470124850559959
4044,mangkhut2018,0.9682625067240452,5.470124850559959
4045,mangkhut2018,0.063608735599689,-0.9137611541203388
4046,mangkhut2018,0.063608735599689,-0.9137611541203388
4047,mangkhut2018,0.4474272930648769,0.3423765294998766
4048,mangkhut2018,0.4474272930648769,0.3423765294998766
4049,mangkhut2018,0.0,1.5910098135909987
4051,mangkhut2018,0.4743833017077798,-0.2629884909433997
4052,mangkhut2018,0.8453909933344171,3.2738083547803765
4053,mangkhut2018,0.8453909933344171,3.2738083547803765
4054,mangkhut2018,1.761706073249884,3.6229844893779166
4055,mangkhut2018,0.0,3.0091430417237675
4057,mangkhut2018,0.8921743563599286,9.90499504263445
4058,mangkhut2018,0.8921743563599286,9.90499504263445
4059,mangkhut2018,0.0394321766561514,7.8743909306431625
4060,mangkhut2018,0.0394321766561514,7.8743909306431625
4061,mangkhut2018,0.8071025020177561,0.3162369754342276
4062,mangkhut2018,0.796812749003984,1.5195964251425966
4063,mangkhut2018,0.796812749003984,1.5195964251425966
4064,mangkhut2018,4.254558455488023,11.463384571635402
4065,mangkhut2018,0.9671746776084408,0.288913117656012
4066,mangkhut2018,0.9671746776084408,0.288913117656012
4067,mangkhut2018,4.363589278777677,14.103731343319708
4068,mangkhut2018,4.363589278777677,14.103731343319708
4069,mangkhut2018,1.0126582278481011,0.8626872319125738
4070,mangkhut2018,1.0126582278481011,0.8626872319125738
4071,mangkhut2018,2.282224365155898,17.61738770802881
4072,mangkhut2018,2.282224365155898,17.61738770802881
4073,mangkhut2018,0.8574007220216607,-1.3156341876440791
4074,mangkhut2018,0.4963898916967509,-1.3156341876440791
4075,mangkhut2018,0.8574007220216607,-1.3156341876440791
4076,mangkhut2018,0.6812551610239472,4.752944854661745
4077,mangkhut2018,3.4693877551020407,12.803318280366955
4078,mangkhut2018,3.4693877551020407,12.803318280366955
4079,mangkhut2018,4.180289584306399,19.552210853728184
4080,mangkhut2018,4.180289584306399,19.552210853728184
4081,mangkhut2018,0.833976833976834,1.5910098135909987
4082,mangkhut2018,0.833976833976834,1.5910098135909987
4083,mangkhut2018,3.696226122068644,15.089406598529944
4084,mangkhut2018,8.961018791737848,15.089406598529944
4085,mangkhut2018,8.961018791737848,15.089406598529944
4086,mangkhut2018,1.1625535386498065,2.433988840319076
4087,mangkhut2018,0.5362888809438684,11.603934494164292
4088,mangkhut2018,0.5362888809438684,11.603934494164292
4089,mangkhut2018,2.758855585831063,6.144909283884367
4090,mangkhut2018,2.758855585831063,6.144909283884367
4091,mangkhut2018,3.130041949015812,11.460455448004971
4092,mangkhut2018,3.130041949015812,11.460455448004971
4093,mangkhut2018,0.3415559772296015,11.696956453623635
4094,mangkhut2018,0.3415559772296015,11.696956453623635
4095,mangkhut2018,0.0,0.03181604254398174
4097,mangkhut2018,0.8620689655172413,1.7855954472161724
4098,mangkhut2018,0.8620689655172413,1.7855954472161724
4099,mangkhut2018,2.289156626506024,10.138688188269896
4100,mangkhut2018,2.289156626506024,10.138688188269896
4101,mangkhut2018,0.0440528634361233,-0.9548860484532327
4102,mangkhut2018,0.0440528634361233,-0.9548860484532327
4103,mangkhut2018,2.8508124076809453,9.219015153586149
4104,mangkhut2018,2.8508124076809453,9.219015153586149
4105,mangkhut2018,0.0,-1.705963156429311
4107,mangkhut2018,1.7751117096162086,9.868664251082894
4108,mangkhut2018,1.7751117096162086,9.868664251082894
4109,mangkhut2018,0.0269142780244919,3.9358285135684135
4110,mangkhut2018,0.0269142780244919,3.9358285135684135
4111,mangkhut2018,0.4725897920604915,-0.2629884909433997
4112,mangkhut2018,0.4725897920604915,-0.2629884909433997
4113,mangkhut2018,0.312256049960968,15.19219241373823
4114,mangkhut2018,0.312256049960968,15.19219241373823
6134,rammasun2014,0.0835073068893528,1.8749574839677354
6135,rammasun2014,0.3889369057908383,11.816709662406529
6136,rammasun2014,41.88846641318124,13.1315896021748
6137,rammasun2014,1.7934921854983348,8.2510518603428
6138,rammasun2014,4.012432890647076,13.568772878768895
6139,rammasun2014,1.0884353741496595,10.864758346179466
6140,rammasun2014,1.300799183812277,9.689880776989279
6141,rammasun2014,1.689919434073492,7.498595031644394
6142,rammasun2014,5.731906403047343,4.630804569095465
6150,rammasun2014,3.033772180881511,2.86153369590974
6151,rammasun2014,9.624185272500346,14.241430452706288
6152,rammasun2014,3.459174714661984,13.745664272783406
6154,rammasun2014,0.0606207565470417,1.192326892220473
6156,rammasun2014,0.4049562218828391,12.517448680441325
6157,rammasun2014,0.0166444740346205,11.619611004322893
6160,rammasun2014,4.3096017927943455,11.701326348555453
6163,rammasun2014,3.820960698689956,9.020401255712963
6165,rammasun2014,0.0067847208087387,4.238937384082609
6167,rammasun2014,0.0617817867292722,10.347950354411845
6168,rammasun2014,0.1429592566118656,6.589680887182107
6169,rammasun2014,5.889724310776942,8.670702288805375
6170,rammasun2014,1.2998457810090327,11.819910241944187
6171,rammasun2014,0.1602967476982182,7.372150867722629
6176,rammasun2014,11.12297324347768,12.163474087058104
6177,rammasun2014,0.3671291995084964,13.329386494589711
6178,rammasun2014,100.0,10.734856738349345
6179,rammasun2014,15.473032714412025,6.6850664564730895
6180,rammasun2014,0.1422699968384445,5.636750763691394
6181,rammasun2014,7.265933153414989,5.079661945496133
6182,rammasun2014,0.0115110122016729,7.1822381265682775
6184,rammasun2014,0.3889337344976884,5.620185189404273
6185,rammasun2014,9.72756884809002,13.63046781917833
6186,rammasun2014,0.1506875117724618,2.287298911374897
6187,rammasun2014,7.3343169802041075,14.03879402231941
6188,rammasun2014,6.927755525886367,13.604802789001772
6190,rammasun2014,1.058355180114574,5.538205892017421
6191,rammasun2014,4.257332071901608,7.286665772551169
6193,rammasun2014,0.1843781428092524,6.273131452214413
6194,rammasun2014,17.859892224788297,15.70750398175989
6197,rammasun2014,6.979747578514822,15.814883851167453
6198,rammasun2014,1.067374484667081,8.04401909083427
6199,rammasun2014,0.6898103021669041,6.466263011244321
6200,rammasun2014,7.59224363260592,15.399185467077816
6201,rammasun2014,2.097663577966005,12.400397078436596
6202,rammasun2014,0.6982833866744254,1.834393749876444
6206,rammasun2014,4.792062486805995,14.308020401870463
6208,rammasun2014,14.86796785304248,14.35103218201152
6210,rammasun2014,2.09753734957714,10.210397117606815
6211,rammasun2014,11.620363841489212,5.745710588912877
6213,rammasun2014,0.7240547063555913,2.1260103611576397
6217,rammasun2014,0.3155919481405663,11.767975020173226
6218,rammasun2014,5.897291196388261,8.449739581952445
6219,rammasun2014,2.2093592043045818,9.661097458838308
6221,rammasun2014,11.076094806644344,12.02764645473272
6222,rammasun2014,0.0973499188750676,4.587756888114848
6223,rammasun2014,2.421608196212357,5.162946139694538
6224,rammasun2014,2.334267040149393,14.040253670510529
6225,rammasun2014,2.4467013597448384,11.360893516759456
6226,rammasun2014,0.0372609091661836,10.123612797619176
6227,rammasun2014,0.082802020369297,10.123612797619176
6228,rammasun2014,0.1536098310291858,12.087714232265652
6229,rammasun2014,0.5695647940804206,12.471633122993369
6230,rammasun2014,0.4998633530516349,12.139838820818843
6232,rammasun2014,0.0447763250347877,11.699490732805247
6233,rammasun2014,0.1786482715453727,11.456073255893406
6235,rammasun2014,0.2356498154817482,12.052125583503633
6238,rammasun2014,0.008888098835659,7.984342334257667
6249,rammasun2014,0.1146917310059304,12.602012478201411
6250,rammasun2014,1.0845711014280717,11.886960176899374
6254,rammasun2014,4.026209155961721,13.708384153429263
6257,rammasun2014,0.1815642458100558,8.408451866951909
6258,rammasun2014,0.2499671095908433,7.279058946720907
6259,rammasun2014,0.3302965409604007,10.97804848661699
6260,rammasun2014,5.626549685294679,14.353896129602974
6262,rammasun2014,9.144360204239517,11.080150430248752
6266,rammasun2014,100.0,10.734856738349345
6267,rammasun2014,0.4707837164220438,9.395235995951309
6268,rammasun2014,0.0141864094197758,7.938903624429296
6269,rammasun2014,17.31640979147779,14.35103218201152
6270,rammasun2014,2.972027972027972,5.568877015765532
6271,rammasun2014,0.816096805965949,0.6035993245333238
6272,rammasun2014,0.392618767177071,10.767915448127068
6273,rammasun2014,0.1125422033262473,3.5216445829825496
6274,rammasun2014,0.2181989738750958,11.767975020173226
6276,rammasun2014,8.824567596187787,12.008172260107466
6279,rammasun2014,2.955202877022907,15.818508485976766
6281,rammasun2014,8.69629849858778,9.794981161971863
6283,rammasun2014,10.629109824320343,15.347979911104806
6284,rammasun2014,1.7895090034671737,12.143694282706244
6285,rammasun2014,8.00738433137187,13.806930305768917
6286,rammasun2014,0.1146908560108435,9.610818546909604
6287,rammasun2014,0.0914719954967633,11.178388461314915
6288,rammasun2014,0.1222707423580786,3.647071863952128
6289,rammasun2014,1.4743856726364015,7.618736007117013
6291,rammasun2014,8.515239575589646,10.29809132152799
6292,rammasun2014,0.0061694120550311,7.3083927911023085
6294,rammasun2014,3.5916563061196296,14.01330286036182
6295,rammasun2014,3.5541904344010526,6.242808731078023
6297,rammasun2014,2.3950553695596186,-1.789100073465745
6298,rammasun2014,0.5810575246949448,3.5678334890030214
6300,rammasun2014,5.247966413014956,9.7111974402265
6301,rammasun2014,6.223628691983123,8.304003656572645
6303,rammasun2014,0.2050230650948231,12.389412669354128
6304,rammasun2014,0.3918742398991036,9.592439329562593
6305,rammasun2014,1.5211166785969934,14.168976701256335
6306,rammasun2014,9.73247989496143,7.310253055636656
6307,rammasun2014,2.025931928687196,3.6906040558895494
6308,rammasun2014,0.0421466704130373,3.759689746057438
6310,rammasun2014,2.8975963121501485,5.056169988436663
6311,rammasun2014,0.7963897000265464,11.540664695864388
6313,rammasun2014,1.9109298792676104,7.574225928146179
6314,rammasun2014,14.308357965985522,15.133386631935393
6315,rammasun2014,0.6209171463682814,11.361365843510578
6316,rammasun2014,1.757508342602892,12.517197628170011
6318,rammasun2014,0.6996688695844936,9.888959301465094
6320,rammasun2014,0.130718954248366,3.138321883023858
6321,rammasun2014,0.1424501424501424,3.1111926886389245
6322,rammasun2014,13.86282286930444,14.919433446675571
6323,rammasun2014,2.7667556453358344,11.299833205939235
6324,rammasun2014,0.0861697544161999,3.462968421569455
6327,rammasun2014,5.346102557885804,11.964996766795016
6328,rammasun2014,7.572815533980583,13.791270010408082
6330,rammasun2014,4.502572898799314,15.3847276895158
6332,rammasun2014,0.1127395715896279,5.408362043311035
6333,rammasun2014,0.3563474387527839,11.75749284882224
6335,rammasun2014,12.379665597027527,12.159071319806364
6339,rammasun2014,10.870791799887154,15.098935913016389
6340,rammasun2014,5.474452554744526,13.440212475820479
6341,rammasun2014,5.739480198019802,13.311822958229955
6342,rammasun2014,100.0,11.39343136730348
6344,rammasun2014,17.66516208453016,13.580666163436463
6345,rammasun2014,6.7092651757188495,9.020401255712963
6346,rammasun2014,10.146360759493673,10.851346112815316
6347,rammasun2014,12.189859762675296,6.408237954959633
6348,rammasun2014,0.1219363492257041,10.037246047260988
6353,rammasun2014,1.6056118472330474,8.66456174542274
6354,rammasun2014,1.5334850844614831,4.559402501820321
6356,rammasun2014,6.368342187712845,14.315470540715685
6358,rammasun2014,1.684152401987852,12.91567773167134
6359,rammasun2014,0.003196828745884,4.30736714747084
6360,rammasun2014,6.044848878778031,13.896802625459655
6361,rammasun2014,11.585306440611909,13.953979082039622
6362,rammasun2014,0.0209929673559357,5.793985910595756
6363,rammasun2014,0.0365007908504684,7.398676967194605
6364,rammasun2014,9.012818818554248,5.812265704924711
6365,rammasun2014,1.4649923896499235,3.394387158942914
6368,rammasun2014,1.644736842105263,-1.341761574922094
6369,rammasun2014,0.4832168435585469,11.237836957308355
6370,rammasun2014,7.95929493003816,12.680193314491094
6371,rammasun2014,0.687984496124031,15.594515408258731
6372,rammasun2014,2.892453326321325,12.601175467769108
6373,rammasun2014,0.0778119285686495,10.677980183522967
6374,rammasun2014,2.385014106685913,8.955537476196467
6375,rammasun2014,0.0301451272555014,1.0452748903519193
6377,rammasun2014,0.3156565656565656,12.298856191374325
6380,rammasun2014,12.280133808136398,15.16802329596934
6384,rammasun2014,2.938671209540034,12.234613111185284
6385,rammasun2014,100.0,11.39343136730348
6388,rammasun2014,0.2396313364055299,11.469129046386156
6389,rammasun2014,1.243432574430823,13.005389461916865
6391,rammasun2014,2.7658908255923182,13.665827291008478
6392,rammasun2014,4.922336469043973,12.844650308432113
6393,rammasun2014,6.289855072463768,7.348621204665738
6394,rammasun2014,0.0636375206821942,2.5517954674557295
6395,rammasun2014,0.0287273771904625,1.1874422645132903
6396,rammasun2014,9.7569153394803,5.435365881082847
6397,rammasun2014,15.73939474031981,13.644576675769484
6404,rammasun2014,0.1069028711056811,4.635808789498698
6405,rammasun2014,0.0953288846520495,-1.2098046048618336
6409,rammasun2014,6.236403190717912,12.068438158272032
6410,rammasun2014,0.3531696980399081,13.260988992879563
6411,rammasun2014,0.8215328072640795,11.703902465719251
6412,rammasun2014,3.816844919786096,9.53141863695499
6413,rammasun2014,8.36562949839442,14.8157637726574
6414,rammasun2014,0.50526923632164,10.899616977944559
6417,rammasun2014,24.85136741973841,12.517604590665462
6419,rammasun2014,13.694975544686528,12.634721646598313
6424,rammasun2014,100.0,10.734856738349345
6425,rammasun2014,5.968301139177811,12.516536143131008
6426,rammasun2014,18.77226063272575,10.363594377151548
6427,rammasun2014,0.1567776169802219,2.044961754708263
6429,rammasun2014,5.172413793103448,14.616640941114975
6432,rammasun2014,12.41467919376857,15.716075736284873
6434,rammasun2014,0.7668133249528598,11.778629893031814
6436,rammasun2014,0.0356558838355894,7.434809652430056
6437,rammasun2014,1.84821531708444,8.545509268360616
6438,rammasun2014,0.2656519241815049,12.298856191374325
6439,rammasun2014,1.324828263002944,5.274458713801932
6440,rammasun2014,18.3388513027206,14.947985594122285
6441,rammasun2014,0.1314924391847468,10.819015196602157
6442,rammasun2014,0.0334672021419009,14.241302312640284
6443,rammasun2014,1.9745649263721552,14.241302312640284
6445,rammasun2014,0.9487446488487794,10.028199374700458
6448,rammasun2014,8.655692729766804,9.699008486226218
6449,rammasun2014,2.7229044313934865,1.8320829061651
6450,rammasun2014,0.0716204118173679,7.167644735524819
6451,rammasun2014,73.09398392015525,13.015632906896782
6453,rammasun2014,0.3388364213106481,9.736678728517303
6455,rammasun2014,1.460775473399459,2.329575335844723
6456,rammasun2014,0.2266288951841359,2.2413811637886933
6457,rammasun2014,0.463768115942029,-0.4079049055474755
6459,rammasun2014,0.5564210994880926,7.924350194004953
6460,rammasun2014,8.479702221705246,15.33648061817979
6461,rammasun2014,26.682439537329127,4.728407418974927
6463,rammasun2014,2.694724412769367,8.80299631776167
6464,rammasun2014,0.2219403931515535,10.45550053828928
6467,rammasun2014,0.0997630627260257,8.79957647497819
6468,rammasun2014,0.0413944531432787,8.351891531723917
6472,rammasun2014,0.0994600738846263,8.10469590068289
6474,rammasun2014,3.8005812653699977,8.532505957186556
6476,rammasun2014,7.827202737382379,11.733347242355107
6478,rammasun2014,0.5397698339953152,7.521933366259889
6479,rammasun2014,3.800183879865155,2.964936227116681
6481,rammasun2014,10.99445324881141,6.3203510709523645
6483,rammasun2014,0.0742758108442683,1.6637421219039545
6484,rammasun2014,0.4594820384294068,7.453981477977868
6485,rammasun2014,1.279707495429616,2.1260103611576397
6488,rammasun2014,2.527622778167843,13.41583799719801
6490,rammasun2014,0.0075137125253587,9.007034729946438
6491,rammasun2014,1.7534306251361358,11.250565154154954
6493,rammasun2014,6.041703796114774,-0.07905311744980814
6495,rammasun2014,0.5155377344980667,10.5415819586564
6497,rammasun2014,0.6401137980085349,7.480979477515023
6498,rammasun2014,2.899527983816588,11.879568454323492
6501,rammasun2014,6.560543102943758,11.445536348031856
6502,rammasun2014,25.05998712471469,11.445536348031856
6504,rammasun2014,0.235248678920665,11.838265916159182
6506,rammasun2014,2.4052916416115453,7.81673489486464
6507,rammasun2014,9.048396674584325,15.720426981305048
6508,rammasun2014,0.9303561935140884,8.462457161365291
6510,rammasun2014,0.2948303715670436,11.580098195187924
6511,rammasun2014,0.0,-2.507202483926662
6512,rammasun2014,1.6554621848739497,7.225665363472997
6514,rammasun2014,1.7033001440290565,9.760800005167257
6515,rammasun2014,6.717123935666983,14.013464500892988
6518,rammasun2014,1.4135493880365455,6.038760688582512
6519,rammasun2014,0.0942544083572242,9.800771939398528
6520,rammasun2014,0.2123221336511957,11.360893516759456
6521,rammasun2014,1.2973227974997052,7.53578141688349
6522,rammasun2014,0.0041414155358301,10.581381006042013
6523,rammasun2014,0.0149131310118559,9.553049014111812
6524,rammasun2014,39.43312666076174,10.007394522861238
6525,rammasun2014,7.991205635572307,10.268942186328113
6527,rammasun2014,1.4687052798071851,15.77191839498032
6528,rammasun2014,0.9620128268376912,5.408362043311035
6529,rammasun2014,11.252847380410024,14.42097656357261
6530,rammasun2014,100.0,10.734856738349345
6532,rammasun2014,0.8934288763531026,10.972052957365795
6533,rammasun2014,0.259118995415587,8.545250041407344
6534,rammasun2014,22.326636422553467,12.844556575816862
6535,rammasun2014,0.7237984944991315,12.779405053123648
6536,rammasun2014,1.277258566978193,3.5230747095585873
6538,rammasun2014,0.4863362667901806,5.2179180103533955
6539,rammasun2014,0.757890365448505,5.056156327035678
6540,rammasun2014,0.4880331595133039,10.713202787406958
7522,vamco2020,0.0,-3.1435856012428243
7525,vamco2020,0.0565131393048883,-4.236808180320184
7526,vamco2020,0.0,-5.221487014703974
7527,vamco2020,0.3679029531669484,-5.221487014703974
7529,vamco2020,0.2804262478968031,-6.821485001169931
7530,vamco2020,0.3371592539454806,-1.402393673398171
7532,vamco2020,0.0,-4.552216204854934
7533,vamco2020,1.4101221640488657,3.7640368622942084
7536,vamco2020,0.0219288627691767,4.044392446223071
7537,vamco2020,0.0,10.88530649708651
7538,vamco2020,0.0,-4.7164769500401
7539,vamco2020,0.0,5.929959130800981
7543,vamco2020,0.0175994368180218,-0.34512041133024596
7544,vamco2020,1.3127853881278535,-6.263741972299969
7545,vamco2020,0.9045311091073038,4.074386141262156
7546,vamco2020,0.0290233638078653,-6.050353430656283
7547,vamco2020,0.1628332994097293,9.835400913708327
7548,vamco2020,0.2162362535524527,-3.9215497602265845
7549,vamco2020,0.1742919389978213,-5.202649494484285
7550,vamco2020,2.19211280017625,0.35787275262152285
7551,vamco2020,0.1895043731778425,-5.221487014703974
7552,vamco2020,0.0133448989123907,-6.673558876197094
7553,vamco2020,0.051991681330987,-4.424160007248748
7554,vamco2020,0.0869122186591542,-5.506685686568545
7557,vamco2020,0.1918502033612155,-0.34512041133024596
7559,vamco2020,0.3913894324853229,-5.22588825478032
7560,vamco2020,0.0366918617450649,9.865388099763727
7562,vamco2020,0.0665963704978078,-0.4264279824498072
7563,vamco2020,4.029108981185658,9.9929570064138
7565,vamco2020,1.636466236127657,3.1754849754497485
7566,vamco2020,0.155237782487984,-1.9178034044806118
7567,vamco2020,0.0,6.7017128976148435
7568,vamco2020,0.9387680939979408,8.559351345922526
7569,vamco2020,3.849114703618168,-1.6559977532606869
7571,vamco2020,0.0,-5.09666799922039
7572,vamco2020,2.1015556207807458,-1.5967086079581776
7573,vamco2020,0.0,-5.8593919013911595
7577,vamco2020,0.0330319170898881,2.5021597890000926
7578,vamco2020,0.1609386356556951,-3.0216724878014745
7579,vamco2020,1.7478152309612984,11.119493317480156
7580,vamco2020,0.0,0.21685184449320793
7581,vamco2020,0.0,0.21685184449320793
7582,vamco2020,1.649978846425046,-0.918258913626838
7583,vamco2020,0.2568103504323516,9.259947334747881
7584,vamco2020,3.391374772221097,-0.029302728345912854
7586,vamco2020,0.2705383713590044,-6.695810092757529
7588,vamco2020,0.0417188151856487,-6.735588038892654
7593,vamco2020,0.0005914430026378,-1.877571708717383
7594,vamco2020,0.0,-3.9526456845943656
7596,vamco2020,0.1366469483650854,-6.90171277887033
7598,vamco2020,1.1022533148946556,7.168350895158028
7603,vamco2020,0.0497733534796906,1.1346444217427099
7606,vamco2020,0.0741200745207235,-1.5264393970841397
7612,vamco2020,0.0040475997733344,0.5216472414495961
7616,vamco2020,0.0080158178806177,-7.086893020400678
7617,vamco2020,0.1222641712235822,1.4209814907590719
7618,vamco2020,0.0215535822053625,-5.427523390180443
7619,vamco2020,0.0033749578130273,-6.375137202199452
7621,vamco2020,0.1106364670088201,7.2314749719415055
7622,vamco2020,0.0,-4.811725566554458
7623,vamco2020,2.7715651449370697,0.7563564695190657
7626,vamco2020,0.0762921991226397,-1.2539015775980236
7627,vamco2020,0.0,0.055108063264672325
7628,vamco2020,3.434980722046968,8.528491037059649
7629,vamco2020,0.4698177676537585,-6.405567594442978
7630,vamco2020,5.752124925874679,11.287261709110108
7631,vamco2020,0.0,-7.3960161386870205
7634,vamco2020,0.0212796141296637,4.072190244248933
7635,vamco2020,3.925035360678925,-2.873186766194621
7636,vamco2020,1.138594424813506,-0.19023421492500603
7638,vamco2020,0.5042918454935622,-4.045908180696108
7639,vamco2020,4.1529023124115145,10.043602721584499
7640,vamco2020,0.0485201358563803,3.776155396443773
7641,vamco2020,0.4537505317389044,-2.0456330670151175
7642,vamco2020,3.510280666093347,-0.8410379711255924
7643,vamco2020,0.0,3.486759445421388
7644,vamco2020,0.5182484957617813,-0.4264279824498072
7645,vamco2020,0.0070609002647837,-3.606326290726681
7647,vamco2020,0.0,-4.210186317259078
7648,vamco2020,0.410106697250895,-0.7504991615125185
7649,vamco2020,0.0281452293836194,0.02279184003030643
7650,vamco2020,0.0436681222707423,8.804703086089017
7653,vamco2020,0.1253581661891117,-3.4623200968477725
7654,vamco2020,12.123925501432664,-3.4623200968477725
7657,vamco2020,0.573798431996364,0.9148630366959818
7659,vamco2020,5.913272010512484,5.634436206162814
7660,vamco2020,4.678275166280547,0.16777247274408147
7663,vamco2020,0.3024846957148001,0.6012391199193274
7664,vamco2020,2.544930408540156,0.2790785746725941
7665,vamco2020,0.0,-5.355299494547633
7666,vamco2020,1.440586972083035,-0.08034776494773155
7667,vamco2020,0.0,-6.669927795346585
7668,vamco2020,0.5984510678244543,-2.9461988847797116
7669,vamco2020,1.152379728398235,-1.9807237571931893
7670,vamco2020,0.5334170065892689,-2.178417833592931
7672,vamco2020,0.0066507049747273,-5.231393983068445
7673,vamco2020,0.0188368259948198,-5.83956334385619
7674,vamco2020,0.4187604690117252,-4.511074587077049
7675,vamco2020,0.1499467930734255,-3.4407996838539336
7677,vamco2020,0.0413369552379827,3.2829656278176333
7678,vamco2020,0.0,-5.694544097357194
7681,vamco2020,0.0200260338439971,-6.156282674686127
7682,vamco2020,0.7289879931389366,-1.1355417032525281
7684,vamco2020,0.0512295081967213,-4.8205991422335845
7686,vamco2020,0.0378405650857719,2.4156818284453614
7687,vamco2020,0.0209898828764535,9.566550680870574
7691,vamco2020,0.0,-5.362114549112099
7694,vamco2020,0.1108988971720781,-2.4270856336098188
7697,vamco2020,0.4065475553653578,-6.182914455319544
7698,vamco2020,0.050396386966719,-1.5264393970841397
7699,vamco2020,0.0,-5.752040074599375
7700,vamco2020,0.5486498071153022,0.7346787873416325
7702,vamco2020,0.0068110611633292,-4.824061933953544
7703,vamco2020,0.0938841201716738,0.49270035330539486
7704,vamco2020,3.1934474507638506,0.7449846271754232
7705,vamco2020,0.3292733608260605,7.7776265474132344
7706,vamco2020,0.0,3.7244854018855804
7707,vamco2020,0.0300435631665915,-4.036266504067038
7708,vamco2020,0.0439367311072056,-3.1581165696883
7709,vamco2020,0.0439367311072056,-3.1581165696883
7715,vamco2020,0.7747171667486473,4.221648237012246
7717,vamco2020,0.1164325079562213,-2.8741913344744408
7719,vamco2020,0.0,-1.053529440532058
7720,vamco2020,0.0255536626916524,-4.62830720567092
7722,vamco2020,0.0,-5.159536445413995
7723,vamco2020,0.0737327188940092,-5.6435726178606975
7724,vamco2020,0.0350262697022767,-5.330221724210305
7731,vamco2020,0.2129450799782102,1.3246722479134103
7733,vamco2020,0.092712775820508,-5.781833543667823
7734,vamco2020,0.0408849316313087,-3.432756571466223
7735,vamco2020,0.0491239561159325,-6.189926286216093
7736,vamco2020,6.262975778546713,9.274731089565204
7737,vamco2020,0.017407955435634,-0.7233956973959756
7738,vamco2020,4.825901038485034,0.9132357404065168
7741,vamco2020,12.320829521195488,7.879576055593063
7743,vamco2020,0.1087744742567077,-4.357561412936786
7745,vamco2020,0.0108096422008431,-4.668367473337068
7747,vamco2020,0.2065603569362968,1.2080011789174634
7748,vamco2020,0.0082624142774518,1.2080011789174634
7750,vamco2020,3.1959508315256686,5.768512930559805
7751,vamco2020,0.0036824274561791,7.327310540097994
7753,vamco2020,8.791480931154037,-1.2505867302872353
7754,vamco2020,0.1122132950311952,2.8967263591882606
7755,vamco2020,0.1074306177260519,-3.2777145841396216
7760,vamco2020,0.8993816750983699,-1.0287189097885925
7761,vamco2020,0.2547770700636942,-3.985464618716364
7762,vamco2020,0.2011313639220616,-1.6596840029656459
7765,vamco2020,1.8036959167865445,1.3326637538833417
7766,vamco2020,0.0069613644274277,-5.51402886761546
7768,vamco2020,0.0525969756738987,-2.188753296271887
7769,vamco2020,0.0,-5.475352586109725
7771,vamco2020,0.8209426488317354,5.1637899125153695
7772,vamco2020,0.005740857684138,5.1637899125153695
7775,vamco2020,0.3646005966191581,-1.8307967435248997
7781,vamco2020,0.0185597624350408,-5.58471524889271
7782,vamco2020,0.0748808713410483,2.404952029076142
7783,vamco2020,0.8243500317057704,-0.47063984185556507
7784,vamco2020,1.1228716060745512,5.217548478836388
7785,vamco2020,0.3773584905660377,5.217548478836388
7786,vamco2020,0.0,5.217548478836388
7789,vamco2020,0.0,4.819521631766079
7791,vamco2020,3.421388122980225,10.437560320089329
7793,vamco2020,0.0,3.2348845469899814
7796,vamco2020,0.0249937515621094,-6.9574273018922055
7797,vamco2020,0.126978368327967,5.7720456234013575
7798,vamco2020,0.2137894174238375,5.0639653685097485
7804,vamco2020,0.0480396142049443,-6.329591050409574
7806,vamco2020,1.3613591810063168,-2.0418862537338995
7807,vamco2020,0.2619172341540073,-0.6734423290510598
7811,vamco2020,0.0113250283125707,4.424991996585565
7812,vamco2020,1.0537071332779873,-0.582555371314152
7817,vamco2020,0.0,1.9449787339386884
7818,vamco2020,0.0,-4.728759638951153
7820,vamco2020,0.3367408298256163,-4.67949044369871
7821,vamco2020,0.8239311163895486,-1.116577136284043
7822,vamco2020,10.074428495481127,0.7869030785037108
7823,vamco2020,0.0,1.4895132834525224
7826,vamco2020,0.0428770500589559,-3.7006072665867045
7829,vamco2020,0.8404351411852492,-1.8205115834932588
7834,vamco2020,6.831362506590343,0.7927268497618503
7838,vamco2020,0.3839508542906508,-4.595529846353864
7839,vamco2020,1.1972065181243765,-1.7207878262133907
7840,vamco2020,0.0,-1.7207878262133907
7843,vamco2020,0.0,-5.639874298000141
7844,vamco2020,7.27782392026578,0.9373262279480894
7845,vamco2020,0.5463485703879074,0.15476211369410997
