"","GEN_mun_code","impact","impact_threshold_passed","WEA_dist_track"
"1","PH052003000",3.1619508416032,1,1.08079176083611
"2","PH042111000",0.800705454597843,1,2.53920161515922
"3","PH042116000",0.997540390678434,1,3.38367549988384
"4","PH045615000",0.787447953248634,1,6.18340376273759
"5","PH042117000",0.783974908547162,1,6.64448874894275
"6","PH043428000",0.568105719375617,1,7.34285578269634
"7","PH050518000",1.91639481798178,1,7.56907626017839
"8","PH042109000",0.554530376510732,1,7.82615957148825
"9","PH043403000",0.596601489085666,1,8.19931940990538
"10","PH051731000",1.95401918303722,1,8.24099385815014
"11","PH051705000",0.878088833659528,1,8.85115782020625
"12","PH042103000",0.572198801739365,1,9.08905339513168
"13","PH043404000",0.529773105085028,1,9.60531395163099
"14","PH137601000",0.653620638902723,1,9.97590185964371
"15","PH043423000",1.16319514016817,1,10.3033074915509
"16","PH045608000",0.551072865884688,1,10.3184886041813
"17","PH043425000",0.566132590023463,1,10.6194302071072
"18","PH045645000",0.530236481573854,1,11.2148407965915
"19","PH042104000",0.551719858922628,1,11.4814787506996
"20","PH137604000",0.649559583146829,1,12.2093667459134
"21","PH052002000",3.78755101525654,1,12.2650194730672
"22","PH052011000",1.55732085856058,1,12.5481549243871
"23","PH052009000",1.42188083069424,1,13.3416676880703
"24","PH137605000",0.63140470274577,1,13.4197981184263
"25","PH043416000",0.650124804031855,1,13.4209997137985
"26","PH042123000",0.464503951334814,1,13.4871928352994
"27","PH043410000",0.630100381110068,1,13.8217806484347
"28","PH045806000",0.672675331013306,1,13.9180808500731
"29","PH043417000",0.576910180548865,1,14.0335784519269
"30","PH043424000",0.458247323834517,1,14.0715916439968
"31","PH051716000",1.85486315995198,1,14.1491428124254
"32","PH137603000",0.644209054853014,1,14.3590409619848
"33","PH042120000",0.593577845001211,1,14.5288378274264
"34","PH043405000",0.39387840922051,1,15.105774086887
"35","PH042108000",0.518904697260351,1,15.34050508364
"36","PH045623000",0.520917139625708,1,15.8420043004572
"37","PH045648000",0.566066644912157,1,16.4262908123986
"38","PH045804000",0.572168306536066,1,16.6108350931319
"39","PH045647000",0.854169032989542,1,16.6551996874577
"40","PH050510000",2.43955640965625,1,16.7471470017197
"41","PH051736000",4.53493352450487,1,17.2648073640893
"42","PH030802000",0.7069618457064,1,17.2755598757691
"43","PH045634000",1.76606080290933,1,17.4254513103474
"44","PH042105000",0.757417861668423,1,17.4342335898857
"45","PH137602000",0.68082553387626,1,17.4748997645839
"46","PH042106000",0.510314842668201,1,17.5955499776474
"47","PH137607000",0.635292916334034,1,18.4312838368089
"48","PH045624000",0.603073517350137,1,18.9925819062013
"49","PH045625000",1.95306820165017,1,19.2692061632222
"50","PH030807000",0.603536027024488,1,19.391545096718
"51","PH137606000",0.583088949146427,1,19.7251183990989
"52","PH043412000",0.655845589249477,1,19.850911090483
"53","PH045640000",2.19926181310821,1,20.1244689840639
"54","PH137401000",0.684188349487294,1,20.4268797126575
"55","PH042118000",0.544039607813995,1,20.4788670417213
"56","PH050514000",21.9616501761445,2,20.5446434746702
"57","PH051725000",33.7793815023826,2,20.6637903004141
"58","PH045616000",4.06671069783214,1,20.6954746402506
"59","PH051701000",23.0382721135192,2,20.7745388236521
"60","PH042122000",0.380604704773942,1,20.9001845396906
"61","PH043415000",0.740751818649127,1,20.9526403225483
"62","PH043411000",0.525508762419496,1,20.9541578572655
"63","PH137405000",0.495261415710758,1,21.1721308566888
"64","PH045807000",1.48984173806453,1,21.1785205907122
"65","PH052005000",20.8414369233698,2,21.4461101083315
"66","PH051733000",22.9278823899695,2,21.5174423493369
"67","PH043406000",0.492190496319646,1,21.9247111741213
"68","PH042115000",0.638778265738367,1,22.0060207949948
"69","PH045649000",1.6554687784355,1,22.1878741590945
"70","PH052008000",23.8670220178855,2,22.3890888470653
"71","PH045641000",0.628290033775349,1,22.3954239105947
"72","PH174005000",1.10043722313325,1,22.4954604469602
"73","PH043401000",0.514272462142137,1,23.5377556082613
"74","PH137403000",0.303436854252247,1,23.5444886093854
"75","PH050517000",25.5122423396892,2,23.7979629995045
"76","PH043402000",0.553658150269156,1,23.9104333046143
"77","PH137503000",0.681141564093716,1,24.1794568414839
"78","PH174004000",1.00595519145934,1,24.1890944953125
"79","PH045801000",0.518526514608016,1,24.426518075228
"80","PH137502000",0.605620908566798,1,24.4565345886037
"81","PH043430000",0.720270743456945,1,24.670890899751
"82","PH045619000",2.09375424203136,1,25.5538798101594
"83","PH051723000",20.0604537145896,2,25.5599760412252
"84","PH043422000",0.658070917874978,1,25.6463516521588
"85","PH045809000",0.653739175236593,1,25.7534666132117
"86","PH043419000",0.566981340738894,1,25.8256669003341
"87","PH041031000",0.447340368034051,1,25.8269798783244
"88","PH045813000",0.531520758032456,1,25.9446333802751
"89","PH045639000",0.638052769608578,1,26.0956830139662
"90","PH051727000",20.2642378720375,2,26.1126547090348
"91","PH045810000",0.726292535461207,1,26.5960605197386
"92","PH045805000",0.593234989756619,1,26.7387393402252
"93","PH045644000",17.810599775425,2,26.7660434319818
"94","PH030810000",0.704932894165331,1,26.7878305390851
"95","PH043407000",1.15271537384725,1,27.0396633922059
"96","PH030806000",0.75181215006726,1,27.2039378183434
"97","PH030808000",0.923941222258834,1,27.2646074552139
"98","PH045601000",5.7670453728973,1,27.298111908865
"99","PH043426000",0.600825962784618,1,27.4557374788252
"100","PH030811000",0.833878255257615,1,27.8135007108406
"101","PH052010000",25.414952668606,2,27.8144747564525
"102","PH041028000",0.901506062719673,1,27.8199804643878
"103","PH045814000",0.498212656502403,1,27.8274064702041
"104","PH042102000",0.489208822114837,1,28.1447460879919
"105","PH041020000",0.537394273670393,1,28.5379444436939
"106","PH045630000",0.951474491582549,1,28.7601394733731
"107","PH041030000",0.611225027957339,1,28.8098844296334
"108","PH030803000",0.641964573503507,1,28.8111793943785
"109","PH137504000",0.683449211029395,1,28.8680873814934
"110","PH051715000",20.4952859838649,2,28.8913514005671
"111","PH045642000",20.0702290040624,2,28.9948906182093
"112","PH031414000",0.757870289274646,1,29.0486870969191
"113","PH050509000",25.887375323036,2,29.0674445988021
"114","PH051728000",21.621627160633,2,29.996230214391
"115","PH137404000",0.532400852524407,1,29.9965183869762
"116","PH137402000",0.601741741633122,1,30.0144080092078
"117","PH042110000",0.424474819743564,1,30.0921695796493
"118","PH041023000",0.976649001398466,1,30.1053593702671
"119","PH045610000",5.43833382546831,1,30.1890222538804
"120","PH042119000",0.493281613769977,1,30.3613117414872
"121","PH051718000",15.8368248696202,2,30.767381660394
"122","PH045635000",6.37502962837333,1,30.9163539478783
"123","PH043414000",1.71510318248851,1,31.059965636415
"124","PH041021000",0.846422290036519,1,31.3515240442429
"125","PH043413000",1.51724344851522,1,31.4141950494513
"126","PH045803000",0.482374678043134,1,31.7323470930534
"127","PH051706000",17.5510077557528,2,31.8742015928542
"128","PH042113000",0.777004562131191,1,31.9934942973875
"129","PH041017000",1.12663539584416,1,32.1741807096755
"130","PH041014000",0.600757529013177,1,32.2443052447661
"131","PH174001000",0.678839860751847,1,32.7206592024556
"132","PH051703000",17.577878037996,2,32.8270653359273
"133","PH042121000",1.18026079746431,1,32.9808308687152
"134","PH042107000",0.638296748797475,1,33.0507581461476
"135","PH051729000",23.4340389008874,2,33.1311253118731
"136","PH031412000",0.458058630219793,1,33.1730831108667
"137","PH137501000",0.711092957662018,1,33.2004305531172
"138","PH052004000",20.8570576502384,2,33.588416905982
"139","PH043420000",1.17640009987472,1,33.7637641655504
"140","PH030801000",0.707854915500106,1,33.8292158403217
"141","PH045622000",4.80094120459441,1,33.9222877337818
"142","PH042114000",0.518376814039424,1,33.9463127347869
"143","PH050507000",15.654814839091,2,34.0230868838173
"144","PH045628000",13.1669428090349,1,34.3277221811107
"145","PH031405000",0.707188436390922,1,34.4551232445138
"146","PH041004000",1.51354748489031,1,34.7057781325631
"147","PH052007000",11.8724186632782,1,34.8665288284438
"148","PH045627000",1.51296653169035,1,35.2662171742904
"149","PH051726000",12.9655884204478,2,35.5451745676832
"150","PH050516000",22.7338496967877,2,35.6057131789282
"151","PH050508000",18.4280661306308,2,35.6537716970727
"152","PH043409000",2.56984354673787,1,35.6674508398366
"153","PH031411000",0.533411458317039,1,35.6817498825448
"154","PH045629000",6.34751745037216,1,35.8622613563516
"155","PH051717000",18.1068295930306,2,36.2627883839793
"156","PH050504000",19.3835641263793,2,36.3152312062214
"157","PH051724000",17.9755474469801,1,36.3309541669085
"158","PH051702000",19.8685743422337,2,36.6703153506839
"159","PH043427000",0.612296243187734,1,37.2923278533208
"160","PH042112000",0.65423331946259,1,37.3508323411056
"161","PH045811000",0.418164374262713,1,37.4821509534962
"162","PH174006000",0.704368052499367,1,37.575190127507
"163","PH031404000",0.438675273193034,1,37.9014799749386
"164","PH030812000",0.828180984254789,1,38.0401149496238
"165","PH051708000",20.3983434812601,1,38.4517226513199
"166","PH045802000",0.57008195361177,1,38.5838942350901
"167","PH042101000",0.427269762715848,1,38.5875024446255
"168","PH041018000",0.931802079032335,1,38.6926517979351
"169","PH043421000",1.38324513037075,1,38.924898141165
"170","PH051732000",13.0483054224896,1,39.015996488707
"171","PH045812000",0.620716112174245,1,39.0588065953482
"172","PH051722000",19.8913802834896,2,39.1326287809007
"173","PH050501000",16.2191978288028,2,39.2321917957956
"174","PH041032000",0.744538281254095,1,39.2630453887731
"175","PH045603000",2.74247754157298,1,39.3083654381138
"176","PH041011000",0.623506440189475,1,39.370460142157
"177","PH043418000",1.53318371289619,1,40.2396803891128
"178","PH043408000",0.800390805058305,1,40.2803717036304
"179","PH050512000",23.6377221347219,2,40.392374081335
"180","PH051721000",15.2935256665059,1,40.5272628273014
"181","PH030809000",0.690320124710644,1,40.5344936821417
"182","PH050502000",20.56391430269,2,40.8347137630299
"183","PH037107000",0.479698318058307,1,40.9066169863726
"184","PH052001000",21.2201695785341,2,40.9148445473889
"185","PH041010000",0.58535808559578,1,40.9219133170001
"186","PH031402000",0.584227424661438,1,40.9873047665259
"187","PH031416000",0.857102337815505,1,41.0539695796326
"188","PH030805000",0.664811959608159,1,41.1449174745579
"189","PH174003000",1.10937848359151,1,41.2642302074096
"190","PH051734000",5.71759400404795,1,41.3659938558051
"191","PH051714000",16.1040060544791,2,41.7667858189393
"192","PH043429000",0.815002425635044,1,42.0436110885553
"193","PH051713000",6.94802164786589,1,42.1390530073896
"194","PH031410000",0.633282463365787,1,42.4174375157806
"195","PH041022000",0.551310541194914,1,42.6795066406272
"196","PH031408000",0.498028875503677,1,42.8200109907118
"197","PH031423000",0.432160092427901,1,43.0925592633407
"198","PH051704000",11.6621036568435,1,43.2324798776796
"199","PH051730000",6.42972465147932,1,43.3651555507344
"200","PH031409000",0.845295027387213,1,43.7542437901566
"201","PH041025000",0.97671736570908,1,43.8271871670384
"202","PH045605000",6.35432057152685,1,43.8995784328511
"203","PH051710000",11.6954287985021,2,43.9198639010518
"204","PH031420000",0.46328655698859,1,44.1600818734759
"205","PH051719000",6.09362816152159,1,44.2104398774187
"206","PH051707000",9.23051725701599,1,44.4591823269136
"207","PH045637000",4.00600761374326,1,44.5522170469409
"208","PH041019000",0.486283660033491,1,44.7222715208505
"209","PH041015000",0.761745510577617,1,44.8332780989079
"210","PH050503000",7.96633501415433,1,44.9373120120008
"211","PH051711000",11.823727929707,1,44.9440866471693
"212","PH051709000",7.92916174112669,1,45.0236317560333
"213","PH041001000",0.600765973054071,1,45.6995718408517
"214","PH041009000",0.644116011964975,1,45.751300996141
"215","PH174002000",0.559161063874867,1,46.0249502963157
"216","PH051737000",9.79047350047612,1,46.4128679021565
"217","PH051720000",10.5651751348799,1,46.5127496655292
"218","PH037114000",0.613280542418536,1,46.7322469671652
"219","PH031415000",0.483174735447361,1,47.0894442224725
"220","PH030804000",0.528616403224373,1,47.6260597096718
"221","PH031417000",0.493085939295817,1,47.8560353425889
"222","PH045808000",0.418735191852251,1,48.3120776878944
"223","PH050515000",19.8131447512482,2,48.4089157751942
"224","PH041012000",0.464518928970579,1,49.2256006155331
"225","PH035412000",0.78062838798567,1,49.2579918673283
"226","PH050506000",7.91797249929344,1,49.4361353893042
"227","PH050513000",8.44406910905213,1,49.4979258926452
"228","PH052006000",17.3525330044425,1,49.8926043043452
"229","PH045618000",3.38555999627382,1,49.9978633003711
"230","PH050505000",11.6873925022656,2,50.1589025450965
"231","PH045602000",2.78119051843895,1,50.5466769840866
"232","PH045607000",2.03198382914427,1,51.0330003663893
"233","PH041002000",1.00849233697575,1,51.2385931113803
"234","PH041007000",0.521648558639606,1,51.2510780079972
"235","PH041026000",0.491352046589636,1,51.3260703844777
"236","PH041034000",0.534399851297675,1,51.4306152894623
"237","PH031407000",0.420890596486568,1,51.4666095994971
"238","PH041005000",0.422943246591188,1,51.7837576988352
"239","PH031418000",0.484719052956767,1,51.9930041487448
"240","PH037109000",1.05052344779634,1,52.3442976273787
"241","PH031406000",0.748257051838234,1,52.4995306796581
"242","PH041027000",0.854729672497623,1,52.5147087139832
"243","PH045638000",1.11249292386858,1,52.5348896873724
"244","PH035410000",0.872271400748249,1,52.541462900231
"245","PH041029000",0.675205269340708,1,53.2140108439631
"246","PH031401000",0.734609678122789,1,53.4484531367161
"247","PH051712000",4.24055296972078,1,53.468660689001
"248","PH037104000",0.447106155846542,1,53.6872353968177
"249","PH054120000",6.14356869158942,1,54.1782848939544
"250","PH035408000",0.852576501139161,1,55.2364628902312
"251","PH031413000",0.521254410750195,1,55.4938621150307
"252","PH031403000",0.429165720561501,1,55.8323343042716
"253","PH045633000",1.83146637390843,1,56.0670712143223
"254","PH035422000",1.29191741432922,1,56.0930970182251
"255","PH035402000",0.430347586809766,1,56.9322473423487
"256","PH050511000",7.23306177667493,1,57.4803499316104
"257","PH041003000",0.547897824232189,1,57.9340313846533
"258","PH041006000",0.486172910276794,1,57.9944420438871
"259","PH041024000",0.683538649731697,1,58.1328778066851
"260","PH056207000",5.92977970215444,1,58.779825419836
"261","PH041013000",0.720688331465657,1,59.0296610286754
"262","PH031422000",0.637058042226639,1,59.7111148161499
"263","PH035414000",0.617521489198961,1,60.0776784049731
"264","PH035406000",0.441673675314945,1,60.1499071020434
"265","PH051604000",2.066529107708,1,61.1604115535967
"266","PH051601000",2.54006258645775,1,61.4915395272121
"267","PH035418000",0.54147642521131,1,61.4977438863091
"268","PH045620000",0.642351583938833,1,62.1221726056648
"269","PH037111000",1.34440518178139,1,62.4180409108876
"270","PH056213000",6.05903209132535,1,62.6919687571767
"271","PH051607000",2.97251840423668,1,63.0600107188463
"272","PH035421000",0.702084784094784,1,63.501437958315
"273","PH051735000",6.68863487243795,1,64.1348997619566
"274","PH035417000",0.579384912372857,1,64.6414617069061
"275","PH056214000",5.83107425536318,1,64.7118895420862
"276","PH037112000",1.68430859878305,1,65.2866508391953
"277","PH035407000",0.455168997113444,1,65.328603161279
"278","PH051610000",1.2100444008657,1,65.9900919800209
"279","PH045646000",1.2544851327156,1,66.3616793852716
"280","PH056206000",3.16026587385125,1,67.2152541077731
"281","PH041016000",0.654921888576802,1,67.3589752303277
"282","PH031419000",0.439021436184558,1,67.7399312062893
"283","PH051609000",1.61354314426746,1,68.2142099846815
"284","PH035420000",0.672950942216953,1,68.4374402153619
"285","PH035404000",0.569483416055043,1,70.9499223583123
"286","PH045617000",1.62014535406083,1,71.5298360914298
"287","PH041008000",0.780797700958486,1,71.5842282914863
"288","PH056216000",1.42664314849858,1,71.5866257539721
"289","PH035405000",0.498544679658499,1,71.7818119494126
"290","PH037110000",1.32877737864564,1,72.0085149855759
"291","PH051603000",0.899949782606536,1,72.7477342286345
"292","PH035416000",0.478914968124466,1,72.8370255409648
"293","PH035415000",0.585258670404741,1,72.9158351448973
"294","PH035419000",0.686341900422207,1,73.7123267038341
"295","PH051606000",1.317093794728,1,73.9487176777513
"296","PH041033000",1.53513335145929,1,73.9762383593113
"297","PH031424000",1.55140377396151,1,74.7779147856961
"298","PH035413000",0.461280508737589,1,74.9614657954197
"299","PH175104000",0.759158048716509,1,75.1321970872933
"300","PH051611000",1.46754149473529,1,76.0014829358389
"301","PH056208000",2.22181823015848,1,78.0808468822681
"302","PH054107000",2.2146167564346,1,78.8520928117124
"303","PH175103000",0.948338370783872,1,79.790691935175
"304","PH175205000",2.1077195160341,1,80.0108878161523
"305","PH175902000",1.53346829864711,1,80.8214918926728
"306","PH031421000",0.535985826114468,1,81.0485807132712
"307","PH037102000",1.49786287787906,1,81.2561323000189
"308","PH035403000",0.342160310853196,1,81.5655479104672
"309","PH035401000",0.296425574723407,1,82.2582347198098
"310","PH051602000",2.10201550263658,1,83.4927526946598
"311","PH175211000",2.17588223200989,1,84.4045331888456
"312","PH056211000",1.68546334684262,1,84.6498465937225
"313","PH034904000",0.587669788267942,1,86.5316401046115
"314","PH051608000",0.909870765590784,1,86.6651700108491
"315","PH056205000",1.37078664193473,1,87.0784864193002
"316","PH175210000",0.988459642697857,1,87.2559485763313
"317","PH056202000",1.91991862945734,1,87.6763373743729
"318","PH037101000",1.06132433499924,1,87.7333400454319
"319","PH035409000",0.409039468722696,1,87.7966977836921
"320","PH051612000",1.47021792588885,1,87.807506591378
"321","PH051605000",0.87685466580458,1,88.5106358367733
"322","PH036902000",0.571833129159529,1,88.6522022619232
"323","PH056210000",1.09615644464601,1,89.0064809327619
"324","PH035411000",0.468763709754143,1,89.6517244504999
"325","PH175905000",0.49553197248364,1,89.6760397170681
"326","PH175213000",1.84593017558808,1,90.2467664414199
"327","PH034925000",0.598511787627989,1,90.3088719842336
"328","PH034908000",0.471440826490861,1,92.4942627729185
"329","PH175208000",1.70448728490819,1,93.0638616528935
"330","PH175201000",0.720571251750744,1,94.8908898599304
"331","PH175906000",0.521224311410232,1,95.5409541753799
"332","PH045636000",2.22061174455233,1,95.9560269804321
"333","PH056204000",1.22850057024604,1,96.1532249901115
"334","PH054114000",2.29558728584883,1,97.0815723111484
"335","PH034924000",0.574071967767047,1,97.2382053710081
"336","PH036904000",0.484377433251182,1,98.1265266034233
"337","PH175209000",1.9689796255578,1,98.4425125293722
"338","PH056203000",0.900331549074437,1,99.1195176011045
"339","PH034927000",NA,NA,100.303842392679
"340","PH175215000",NA,NA,100.465896426957
"341","PH036905000",NA,NA,100.883561260554
"342","PH056209000",NA,NA,101.259804821255
"343","PH175214000",NA,NA,101.920466902301
"344","PH034910000",NA,NA,102.150812708486
"345","PH034912000",NA,NA,102.596121197606
"346","PH034921000",NA,NA,102.810479355553
"347","PH037705000",NA,NA,103.328188282998
"348","PH084802000",NA,NA,104.833809371907
"349","PH175101000",NA,NA,105.671734027302
"350","PH037105000",NA,NA,105.798048786444
"351","PH054119000",NA,NA,105.906720612471
"352","PH056215000",NA,NA,107.486492467779
"353","PH045631000",NA,NA,108.166792489592
"354","PH034928000",NA,NA,108.419595517012
"355","PH175206000",NA,NA,108.450815944781
"356","PH036918000",NA,NA,108.754931579799
"357","PH034932000",NA,NA,110.302110479893
"358","PH036907000",NA,NA,111.658820262267
"359","PH045606000",NA,NA,112.554136736796
"360","PH037108000",NA,NA,113.657209943607
"361","PH056212000",NA,NA,113.806817610999
"362","PH175908000",NA,NA,114.777967519385
"363","PH054118000",NA,NA,114.981657268703
"364","PH034903000",NA,NA,115.314693546779
"365","PH175910000",NA,NA,115.680500981508
"366","PH045632000",NA,NA,116.329092189567
"367","PH034901000",NA,NA,116.539424004171
"368","PH175904000",NA,NA,117.156545849049
"369","PH034919000",NA,NA,117.220810295744
"370","PH036916000",NA,NA,117.278750123343
"371","PH175107000",NA,NA,117.449780274831
"372","PH084811000",NA,NA,118.385692646433
"373","PH175903000",NA,NA,118.474938567841
"374","PH175202000",NA,NA,118.733381931333
"375","PH054102000",NA,NA,119.884784787688
"376","PH054101000",NA,NA,120.169344374954
"377","PH034914000",NA,NA,120.295327565498
"378","PH175106000",NA,NA,120.79602462311
"379","PH084801000",NA,NA,120.802336522919
"380","PH175111000",NA,NA,120.803309808536
"381","PH045621000",NA,NA,121.067293877311
"382","PH084816000",NA,NA,121.879769554108
"383","PH036908000",NA,NA,122.336844270311
"384","PH034907000",NA,NA,122.600152107837
"385","PH037106000",NA,NA,123.474969967363
"386","PH034922000",NA,NA,123.548584411889
"387","PH175911000",NA,NA,123.794618557884
"388","PH175913000",NA,NA,123.90294478218
"389","PH034913000",NA,NA,124.079077807833
"390","PH084819000",NA,NA,124.357182861873
"391","PH054104000",NA,NA,124.388794096595
"392","PH175912000",NA,NA,125.134586058731
"393","PH036915000",NA,NA,125.437247724503
"394","PH036917000",NA,NA,126.038543001653
"395","PH034909000",NA,NA,126.959130572082
"396","PH175203000",NA,NA,127.111488036623
"397","PH036906000",NA,NA,128.930506814613
"398","PH034930000",NA,NA,129.305199810476
"399","PH054111000",NA,NA,129.324464143592
"400","PH034929000",NA,NA,129.413899758008
"401","PH084823000",NA,NA,130.218030474082
"402","PH084804000",NA,NA,131.110001955198
"403","PH084803000",NA,NA,131.197811135585
"404","PH084808000",NA,NA,131.197847964215
"405","PH175212000",NA,NA,132.228962111898
"406","PH084817000",NA,NA,132.248996134975
"407","PH036911000",NA,NA,132.348959765823
"408","PH037103000",NA,NA,132.891129645737
"409","PH034911000",NA,NA,134.12631565226
"410","PH175109000",NA,NA,134.17011825834
"411","PH036913000",NA,NA,134.242590541442
"412","PH084814000",NA,NA,134.720974391929
"413","PH084805000",NA,NA,134.966803141128
"414","PH034915000",NA,NA,135.351650643111
"415","PH036910000",NA,NA,136.076208474697
"416","PH036903000",NA,NA,136.472524426074
"417","PH054113000",NA,NA,136.844785935053
"418","PH034902000",NA,NA,137.759550137392
"419","PH036912000",NA,NA,138.233469793176
"420","PH034923000",NA,NA,138.361658869291
"421","PH084818000",NA,NA,139.133765309566
"422","PH175917000",NA,NA,140.146137667319
"423","PH084820000",NA,NA,140.296043837769
"424","PH084821000",NA,NA,140.306180238354
"425","PH084815000",NA,NA,140.363301369027
"426","PH175909000",NA,NA,140.735727605027
"427","PH084813000",NA,NA,141.209004794871
"428","PH037708000",NA,NA,141.256448023773
"429","PH034917000",NA,NA,141.735149783174
"430","PH015527000",NA,NA,142.102469287385
"431","PH034918000",NA,NA,142.298316122306
"432","PH084812000",NA,NA,143.70597287584
"433","PH036909000",NA,NA,143.866318476427
"434","PH054110000",NA,NA,144.074086375919
"435","PH054112000",NA,NA,144.277314540737
"436","PH175207000",NA,NA,145.136316993995
"437","PH036901000",NA,NA,145.288169842544
"438","PH034931000",NA,NA,145.389673261075
"439","PH084824000",NA,NA,147.368263644917
"440","PH084806000",NA,NA,147.926065688735
"441","PH037113000",NA,NA,147.933081005903
"442","PH034926000",NA,NA,148.025756362574
"443","PH015511000",NA,NA,148.488774558311
"444","PH175916000",NA,NA,149.105875787393
"445","PH034906000",NA,NA,149.180167410007
"446","PH054121000",NA,NA,149.528146455398
"447","PH015510000",NA,NA,150.208326871252
"448","PH084807000",NA,NA,150.584123858016
"449","PH175901000",NA,NA,151.749713611225
"450","PH015545000",NA,NA,151.974855331388
"451","PH054108000",NA,NA,153.166545277468
"452","PH036914000",NA,NA,153.57878032416
"453","PH015502000",NA,NA,153.739519594385
"454","PH034920000",NA,NA,154.118571763893
"455","PH015504000",NA,NA,154.765998037971
"456","PH034916000",NA,NA,155.201131786575
"457","PH175907000",NA,NA,155.448261380971
"458","PH037707000",NA,NA,155.764479257954
"459","PH015509000",NA,NA,156.683181541035
"460","PH084810000",NA,NA,157.691071495858
"461","PH084822000",NA,NA,158.368050875202
"462","PH015540000",NA,NA,158.671174383639
"463","PH084809000",NA,NA,159.189404461879
"464","PH086003000",NA,NA,159.334648804134
"465","PH015531000",NA,NA,159.521132573263
"466","PH015520000",NA,NA,160.147184502928
"467","PH037701000",NA,NA,160.189299671367
"468","PH054115000",NA,NA,160.206074359493
"469","PH015507000",NA,NA,160.791984516795
"470","PH015544000",NA,NA,160.832245661485
"471","PH015532000",NA,NA,161.181915814374
"472","PH175102000",NA,NA,161.489032371531
"473","PH082611000",NA,NA,161.82670380049
"474","PH015524000",NA,NA,161.889698168969
"475","PH175108000",NA,NA,162.128496813136
"476","PH015547000",NA,NA,163.218183145066
"477","PH015515000",NA,NA,163.544249467589
"478","PH175204000",NA,NA,163.65286965404
"479","PH054106000",NA,NA,166.129280975667
"480","PH175110000",NA,NA,166.36029769974
"481","PH175915000",NA,NA,166.911577837083
"482","PH082601000",NA,NA,166.912116930988
"483","PH025015000",NA,NA,167.528705581921
"484","PH054103000",NA,NA,168.152222410716
"485","PH015539000",NA,NA,168.701773599455
"486","PH086011000",NA,NA,169.598149599083
"487","PH015537000",NA,NA,169.998675423536
"488","PH015546000",NA,NA,170.036779906653
"489","PH015538000",NA,NA,170.421141535254
"490","PH015517000",NA,NA,170.696098948877
"491","PH086024000",NA,NA,171.35683771391
"492","PH015519000",NA,NA,171.869374715706
"493","PH015522000",NA,NA,172.097851524159
"494","PH015513000",NA,NA,172.146882396531
"495","PH054105000",NA,NA,172.256283981735
"496","PH015521000",NA,NA,172.690744187894
"497","PH015506000",NA,NA,173.095767308036
"498","PH034905000",NA,NA,173.606494607618
"499","PH082621000",NA,NA,173.631492918252
"500","PH015543000",NA,NA,173.747686887889
"501","PH015528000",NA,NA,174.203566190775
"502","PH175105000",NA,NA,174.233672425236
"503","PH015525000",NA,NA,175.930528313581
"504","PH015523000",NA,NA,176.702106940132
"505","PH086016000",NA,NA,176.864176111296
"506","PH015529000",NA,NA,176.954675706555
"507","PH015518000",NA,NA,177.446579565677
"508","PH082617000",NA,NA,177.656193145983
"509","PH015548000",NA,NA,177.776143202302
"510","PH175914000",NA,NA,178.460945905333
"511","PH082614000",NA,NA,178.468392284977
"512","PH015526000",NA,NA,178.528028943123
"513","PH054117000",NA,NA,178.680170452123
"514","PH086007000",NA,NA,178.926351840882
"515","PH015512000",NA,NA,180.214458579135
"516","PH015534000",NA,NA,181.528069642762
"517","PH015516000",NA,NA,182.017166785273
"518","PH015542000",NA,NA,183.427089114482
"519","PH086014000",NA,NA,183.454439586783
"520","PH015535000",NA,NA,184.682819629208
"521","PH015530000",NA,NA,185.241941375468
"522","PH015536000",NA,NA,185.778640117653
"523","PH086001000",NA,NA,185.811783309078
"524","PH086018000",NA,NA,186.521072226165
"525","PH025008000",NA,NA,187.030212425089
"526","PH082606000",NA,NA,187.217071626503
"527","PH037706000",NA,NA,187.804083442914
"528","PH015533000",NA,NA,187.930992603646
"529","PH086026000",NA,NA,188.087129793797
"530","PH015501000",NA,NA,189.410035503713
"531","PH054116000",NA,NA,190.116479067391
"532","PH086025000",NA,NA,190.911199206738
"533","PH015541000",NA,NA,191.711358491064
"534","PH025012000",NA,NA,191.825259821782
"535","PH015503000",NA,NA,192.072025534457
"536","PH054109000",NA,NA,194.264937632228
"537","PH086020000",NA,NA,194.84775305917
"538","PH060412000",NA,NA,197.294983838694
"539","PH025007000",NA,NA,197.487186108432
"540","PH082605000",NA,NA,197.650502869874
"541","PH025706000",NA,NA,197.710812650337
"542","PH025002000",NA,NA,198.258788942137
"543","PH060414000",NA,NA,198.301196941345
"544","PH060605000",NA,NA,199.113653394357
"545","PH013313000",NA,NA,199.180294539793
"546","PH015508000",NA,NA,201.14120233485
"547","PH060416000",NA,NA,201.220402127942
"548","PH087807000",NA,NA,201.290486820165
"549","PH060417000",NA,NA,201.579165593927
"550","PH013317000",NA,NA,201.950324737581
"551","PH086012000",NA,NA,202.437413359171
"552","PH060407000",NA,NA,202.860552776988
"553","PH060406000",NA,NA,203.471757157091
"554","PH060411000",NA,NA,203.702533014163
"555","PH060405000",NA,NA,204.373043030807
"556","PH086005000",NA,NA,205.512322511496
"557","PH086022000",NA,NA,205.570709517326
"558","PH060408000",NA,NA,206.061407537662
"559","PH060611000",NA,NA,206.358037448494
"560","PH013312000",NA,NA,206.973114782054
"561","PH086009000",NA,NA,207.326412882605
"562","PH015505000",NA,NA,207.483882030545
"563","PH060610000",NA,NA,207.675456121133
"564","PH013301000",NA,NA,207.780676656077
"565","PH141106000",NA,NA,207.848004982351
"566","PH060415000",NA,NA,208.443469363145
"567","PH082623000",NA,NA,208.552174649945
"568","PH141113000",NA,NA,208.612682560573
"569","PH013320000",NA,NA,209.987464173682
"570","PH015514000",NA,NA,212.154163724139
"571","PH025009000",NA,NA,213.380167562791
"572","PH061914000",NA,NA,213.692883630661
"573","PH087806000",NA,NA,214.222524467858
"574","PH060403000",NA,NA,214.366460367379
"575","PH060404000",NA,NA,214.44787148068
"576","PH025004000",NA,NA,215.727547540607
"577","PH025010000",NA,NA,215.992775251633
"578","PH061909000",NA,NA,216.138542501894
"579","PH060413000",NA,NA,216.422072789199
"580","PH013302000",NA,NA,217.230761051086
"581","PH082622000",NA,NA,217.454638732971
"582","PH061905000",NA,NA,217.872640205823
"583","PH141102000",NA,NA,217.874965134988
"584","PH087801000",NA,NA,218.666884779058
"585","PH037704000",NA,NA,219.100956990528
"586","PH087805000",NA,NA,219.332246556308
"587","PH013309000",NA,NA,220.467200131839
"588","PH061915000",NA,NA,220.809849657326
"589","PH060401000",NA,NA,220.823015205493
"590","PH060402000",NA,NA,221.071693621409
"591","PH060615000",NA,NA,221.668819207733
"592","PH063014000",NA,NA,222.352347976739
"593","PH141104000",NA,NA,223.02778977308
"594","PH086008000",NA,NA,223.133056363324
"595","PH086023000",NA,NA,223.489339029404
"596","PH082620000",NA,NA,224.467237871897
"597","PH141110000",NA,NA,224.827514578031
"598","PH086015000",NA,NA,224.926850129664
"599","PH086006000",NA,NA,224.95859889062
"600","PH061911000",NA,NA,225.743947674577
"601","PH025005000",NA,NA,226.0303732218
"602","PH087808000",NA,NA,226.065987707812
"603","PH061910000",NA,NA,226.369937327587
"604","PH061912000",NA,NA,227.058744915638
"605","PH063005000",NA,NA,227.544782723407
"606","PH141112000",NA,NA,227.877801276807
"607","PH061916000",NA,NA,228.09086117903
"608","PH087804000",NA,NA,228.100939705964
"609","PH061908000",NA,NA,228.460941842945
"610","PH013307000",NA,NA,228.539539000124
"611","PH025011000",NA,NA,228.646069136648
"612","PH063019000",NA,NA,228.650018046153
"613","PH025701000",NA,NA,229.466113266812
"614","PH025702000",NA,NA,229.571515121665
"615","PH141114000",NA,NA,229.609004277231
"616","PH061913000",NA,NA,229.735828913629
"617","PH013311000",NA,NA,230.176512977147
"618","PH025704000",NA,NA,231.063084354359
"619","PH013308000",NA,NA,231.200172010645
"620","PH060410000",NA,NA,231.351724089702
"621","PH025001000",NA,NA,232.572401319751
"622","PH037702000",NA,NA,233.595631527729
"623","PH087802000",NA,NA,233.666305831828
"624","PH063009000",NA,NA,233.709767515532
"625","PH061902000",NA,NA,233.927414237986
"626","PH025013000",NA,NA,233.929010675813
"627","PH087803000",NA,NA,234.530028144267
"628","PH060409000",NA,NA,234.95769173783
"629","PH086004000",NA,NA,235.290008980017
"630","PH083713000",NA,NA,236.00782207402
"631","PH061907000",NA,NA,236.424250099246
"632","PH061906000",NA,NA,238.011956973582
"633","PH141101000",NA,NA,238.334557477767
"634","PH013314000",NA,NA,239.126138899089
"635","PH086021000",NA,NA,239.247772538949
"636","PH060606000",NA,NA,239.579917219712
"637","PH086019000",NA,NA,239.588019845178
"638","PH082604000",NA,NA,239.600015242099
"639","PH013304000",NA,NA,239.751734673911
"640","PH025703000",NA,NA,240.054380830542
"641","PH025014000",NA,NA,240.30830154488
"642","PH141107000",NA,NA,240.44530783377
"643","PH141108000",NA,NA,240.732248723063
"644","PH061901000",NA,NA,240.951750845438
"645","PH083742000",NA,NA,240.962070170399
"646","PH025003000",NA,NA,241.142202031054
"647","PH061903000",NA,NA,241.414103748748
"648","PH063038000",NA,NA,241.48757716619
"649","PH086013000",NA,NA,241.867231750447
"650","PH023127000",NA,NA,242.068300011415
"651","PH063044000",NA,NA,243.208563691452
"652","PH025705000",NA,NA,243.327455208678
"653","PH013316000",NA,NA,246.064042949839
"654","PH142711000",NA,NA,247.23290598937
"655","PH025006000",NA,NA,247.677708592453
"656","PH061904000",NA,NA,247.865978662995
"657","PH013315000",NA,NA,248.08250814701
"658","PH142710000",NA,NA,249.10231264543
"659","PH072228000",NA,NA,249.303649956433
"660","PH061917000",NA,NA,249.927840929579
"661","PH142705000",NA,NA,250.54174716091
"662","PH063027000",NA,NA,250.589869627306
"663","PH141109000",NA,NA,250.810305963341
"664","PH037703000",NA,NA,250.929217378108
"665","PH060617000",NA,NA,251.921486198286
"666","PH083729000",NA,NA,251.951547392928
"667","PH086017000",NA,NA,252.339176934059
"668","PH023115000",NA,NA,252.453115160263
"669","PH063010000",NA,NA,253.288573035851
"670","PH082615000",NA,NA,253.734823038514
"671","PH083745000",NA,NA,253.7458908213
"672","PH063015000",NA,NA,254.230782304546
"673","PH013303000",NA,NA,254.299833551004
"674","PH141105000",NA,NA,254.466849287471
"675","PH083705000",NA,NA,254.47316697176
"676","PH013318000",NA,NA,255.557844653345
"677","PH072244000",NA,NA,255.564899346443
"678","PH023135000",NA,NA,256.590303346973
"679","PH060602000",NA,NA,256.989991184247
"680","PH063035000",NA,NA,257.225634593952
"681","PH175307000",NA,NA,257.744536153606
"682","PH072209000",NA,NA,257.881520897344
"683","PH072221000",NA,NA,257.972747865409
"684","PH023109000",NA,NA,258.277909060462
"685","PH142703000",NA,NA,258.45163365689
"686","PH063042000",NA,NA,258.614257196965
"687","PH083714000",NA,NA,258.776520084712
"688","PH012931000",NA,NA,259.308300362358
"689","PH086002000",NA,NA,259.548433887295
"690","PH175309000",NA,NA,259.700336946551
"691","PH083743000",NA,NA,259.946938077569
"692","PH083706000",NA,NA,259.992478652041
"693","PH023112000",NA,NA,260.342764443862
"694","PH063013000",NA,NA,260.46051241586
"695","PH063001000",NA,NA,260.602245983157
"696","PH082603000",NA,NA,260.837622593189
"697","PH142704000",NA,NA,260.970708652872
"698","PH013305000",NA,NA,261.284945324628
"699","PH141103000",NA,NA,262.678639334967
"700","PH063039000",NA,NA,263.946354294335
"701","PH083715000",NA,NA,264.161092304243
"702","PH013310000",NA,NA,264.872977063531
"703","PH083750000",NA,NA,265.270154578995
"704","PH023129000",NA,NA,265.535834236165
"705","PH083751000",NA,NA,265.636183354514
"706","PH063008000",NA,NA,266.141563056475
"707","PH072231000",NA,NA,266.162864690398
"708","PH013319000",NA,NA,266.329393657687
"709","PH063025000",NA,NA,266.54360183218
"710","PH141111000",NA,NA,267.001444624197
"711","PH082613000",NA,NA,267.451824968686
"712","PH023124000",NA,NA,267.680292520144
"713","PH060609000",NA,NA,267.793926660423
"714","PH142709000",NA,NA,268.162147089988
"715","PH083747000",NA,NA,268.246106786268
"716","PH142702000",NA,NA,268.66292039108
"717","PH013306000",NA,NA,269.638779834101
"718","PH063017000",NA,NA,270.072690870526
"719","PH083726000",NA,NA,270.750138713066
"720","PH063006000",NA,NA,271.135003259704
"721","PH083702000",NA,NA,271.394508647268
"722","PH023128000",NA,NA,271.651046323126
"723","PH012901000",NA,NA,272.145638062907
"724","PH082610000",NA,NA,273.671523218337
"725","PH060604000",NA,NA,273.901980453465
"726","PH142706000",NA,NA,274.191394519401
"727","PH063016000",NA,NA,274.464948872087
"728","PH083733000",NA,NA,274.488125530431
"729","PH023101000",NA,NA,274.879417626101
"730","PH144402000",NA,NA,274.887831337834
"731","PH063003000",NA,NA,275.372695573674
"732","PH142701000",NA,NA,275.596939234624
"733","PH023102000",NA,NA,275.732410444736
"734","PH083723000",NA,NA,275.760084449499
"735","PH012933000",NA,NA,276.24426531654
"736","PH082607000",NA,NA,276.577531201508
"737","PH083744000",NA,NA,276.912940091952
"738","PH063004000",NA,NA,277.732980268904
"739","PH063023000",NA,NA,278.52799211695
"740","PH144407000",NA,NA,278.551822835083
"741","PH023132000",NA,NA,278.574189091592
"742","PH060618000",NA,NA,279.035946241983
"743","PH072211000",NA,NA,280.136992781181
"744","PH142708000",NA,NA,280.359254058728
"745","PH086010000",NA,NA,280.429936474095
"746","PH083739000",NA,NA,280.855382002531
"747","PH012932000",NA,NA,281.478829692149
"748","PH144410000",NA,NA,281.712123023964
"749","PH082612000",NA,NA,282.119982895642
"750","PH083741000",NA,NA,282.299761711368
"751","PH012908000",NA,NA,282.470166271359
"752","PH082602000",NA,NA,283.158242101066
"753","PH072243000",NA,NA,283.394050121212
"754","PH063037000",NA,NA,283.733590079288
"755","PH063031000",NA,NA,284.062999260992
"756","PH142707000",NA,NA,285.313076275184
"757","PH083738000",NA,NA,285.566591443873
"758","PH063007000",NA,NA,285.740323170193
"759","PH083740000",NA,NA,286.156637209136
"760","PH063029000",NA,NA,286.696412274956
"761","PH023108000",NA,NA,286.699265517932
"762","PH023107000",NA,NA,287.335644780649
"763","PH023110000",NA,NA,287.661988980599
"764","PH082618000",NA,NA,287.682298268817
"765","PH083717000",NA,NA,288.041808432815
"766","PH184518000",NA,NA,288.079945978287
"767","PH082608000",NA,NA,288.371562100918
"768","PH012924000",NA,NA,289.479785526555
"769","PH083748000",NA,NA,289.485389752035
"770","PH072248000",NA,NA,289.977124222943
"771","PH063012000",NA,NA,290.342574743184
"772","PH012929000",NA,NA,290.520859251251
"773","PH063032000",NA,NA,290.580759973251
"774","PH023103000",NA,NA,291.978057509263
"775","PH175322000",NA,NA,291.998968180262
"776","PH144401000",NA,NA,292.056394031025
"777","PH082619000",NA,NA,292.55100987962
"778","PH023116000",NA,NA,292.724440926231
"779","PH144409000",NA,NA,293.237361197781
"780","PH144404000",NA,NA,293.252778229384
"781","PH083746000",NA,NA,293.369825321482
"782","PH063018000",NA,NA,293.996245716722
"783","PH060614000",NA,NA,294.091450619306
"784","PH175302000",NA,NA,294.241304324217
"785","PH083736000",NA,NA,294.659693591326
"786","PH023104000",NA,NA,294.662337398828
"787","PH184531000",NA,NA,294.69827082417
"788","PH184508000",NA,NA,294.708076749393
"789","PH063002000",NA,NA,294.785489603313
"790","PH060612000",NA,NA,295.12288181565
"791","PH063047000",NA,NA,295.240648828026
"792","PH184523000",NA,NA,295.262780965415
"793","PH083749000",NA,NA,295.60214799985
"794","PH144403000",NA,NA,296.225258104067
"795","PH063043000",NA,NA,296.271065218782
"796","PH184504000",NA,NA,296.44677595103
"797","PH023130000",NA,NA,296.771312856074
"798","PH012916000",NA,NA,297.030847606893
"799","PH012915000",NA,NA,297.15971571611
"800","PH012925000",NA,NA,297.199262797615
"801","PH023125000",NA,NA,297.861888000111
"802","PH083722000",NA,NA,298.210859427842
"803","PH072249000",NA,NA,298.500803810884
"804","PH063028000",NA,NA,298.621879866815
"805","PH072213000",NA,NA,298.804307217465
"806","PH144405000",NA,NA,299.253392381846
"807","PH023120000",NA,NA,299.362895403512
"808","PH063026000",NA,NA,299.541355593712
"809","PH184509000",NA,NA,300.326222000685
"810","PH083725000",NA,NA,300.61981329946
"811","PH083703000",NA,NA,300.804560480376
"812","PH063041000",NA,NA,301.198300507758
"813","PH012910000",NA,NA,301.260257927341
"814","PH083710000",NA,NA,301.784225490406
"815","PH082616000",NA,NA,301.973748633579
"816","PH063036000",NA,NA,302.241108372133
"817","PH063046000",NA,NA,302.328728918306
"818","PH023105000",NA,NA,302.512913856647
"819","PH083718000",NA,NA,302.580267819479
"820","PH023131000",NA,NA,303.198003709865
"821","PH184526000",NA,NA,303.476248598194
"822","PH144408000",NA,NA,303.864117822443
"823","PH012909000",NA,NA,304.346368230834
"824","PH060603000",NA,NA,304.542106817401
"825","PH012906000",NA,NA,304.592696901231
"826","PH023126000",NA,NA,306.076178775134
"827","PH023113000",NA,NA,306.580773324266
"828","PH063022000",NA,NA,307.283277770163
"829","PH063034000",NA,NA,307.955754795732
"830","PH072247000",NA,NA,307.991150305244
"831","PH063021000",NA,NA,308.257217520198
"832","PH144406000",NA,NA,308.605074887335
"833","PH184529000",NA,NA,308.893598314167
"834","PH083728000",NA,NA,308.985756056848
"835","PH060616000",NA,NA,310.258721211909
"836","PH063045000",NA,NA,310.260779451799
"837","PH067901000",NA,NA,310.394885226012
"838","PH012902000",NA,NA,310.656406733357
"839","PH184528000",NA,NA,310.77729586457
"840","PH012917000",NA,NA,310.900588711628
"841","PH083735000",NA,NA,311.018821626573
"842","PH140126000",NA,NA,311.34219134257
"843","PH012911000",NA,NA,312.378988388795
"844","PH143215000",NA,NA,312.641005207287
"845","PH023123000",NA,NA,313.040332465486
"846","PH012927000",NA,NA,313.39321065729
"847","PH063020000",NA,NA,313.646943578499
"848","PH060613000",NA,NA,313.688997481596
"849","PH072252000",NA,NA,314.130017408725
"850","PH072236000",NA,NA,315.662280443966
"851","PH023119000",NA,NA,315.721949415764
"852","PH184501000",NA,NA,315.835526960594
"853","PH083730000",NA,NA,315.977180708932
"854","PH143214000",NA,NA,316.328172773533
"855","PH063030000",NA,NA,317.052884594
"856","PH072216000",NA,NA,318.173475579153
"857","PH012904000",NA,NA,318.342453906982
"858","PH184505000",NA,NA,318.766296607156
"859","PH012918000",NA,NA,319.221645465825
"860","PH067902000",NA,NA,320.011046993837
"861","PH140114000",NA,NA,320.038720497051
"862","PH067904000",NA,NA,320.927439547088
"863","PH143208000",NA,NA,322.471684009312
"864","PH023114000",NA,NA,322.619847805134
"865","PH060608000",NA,NA,323.314386688421
"866","PH143206000",NA,NA,323.478778501268
"867","PH083724000",NA,NA,323.907206086396
"868","PH012926000",NA,NA,324.103773140427
"869","PH184520000",NA,NA,324.51754939265
"870","PH140102000",NA,NA,324.990953600847
"871","PH023118000",NA,NA,325.514987276044
"872","PH184532000",NA,NA,325.562071032813
"873","PH140119000",NA,NA,325.782851635938
"874","PH072238000",NA,NA,325.908475636452
"875","PH072206000",NA,NA,325.948056820992
"876","PH072215000",NA,NA,325.9983877694
"877","PH023122000",NA,NA,326.271846897971
"878","PH175314000",NA,NA,327.061166240689
"879","PH023121000",NA,NA,327.207580919227
"880","PH072253000",NA,NA,327.290563400415
"881","PH140127000",NA,NA,327.904569483869
"882","PH175310000",NA,NA,328.229956372203
"883","PH082609000",NA,NA,328.25661756107
"884","PH072242000",NA,NA,328.422052998615
"885","PH184522000",NA,NA,329.045039483724
"886","PH063040000",NA,NA,329.303186154023
"887","PH140116000",NA,NA,329.484534242142
"888","PH067905000",NA,NA,330.093905567186
"889","PH083708000",NA,NA,330.256158739552
"890","PH140104000",NA,NA,331.481163038167
"891","PH072223000",NA,NA,332.071484545719
"892","PH184502000",NA,NA,332.073069144829
"893","PH012913000",NA,NA,332.629388818407
"894","PH140105000",NA,NA,332.910951545879
"895","PH012914000",NA,NA,333.055503667331
"896","PH143213000",NA,NA,333.285904402759
"897","PH023137000",NA,NA,333.671604332005
"898","PH184530000",NA,NA,335.595478072688
"899","PH067903000",NA,NA,335.673424031118
"900","PH023136000",NA,NA,335.93618497663
"901","PH184524000",NA,NA,336.153346967819
"902","PH072208000",NA,NA,336.551912473092
"903","PH140120000",NA,NA,336.744642435488
"904","PH140121000",NA,NA,337.043794327354
"905","PH175313000",NA,NA,337.700133600537
"906","PH083701000",NA,NA,338.571490115875
"907","PH072218000",NA,NA,340.004143133065
"908","PH060607000",NA,NA,340.037840354084
"909","PH184525000",NA,NA,340.559175498193
"910","PH012922000",NA,NA,340.645368897081
"911","PH140123000",NA,NA,341.452517598124
"912","PH184516000",NA,NA,341.623219733051
"913","PH140103000",NA,NA,341.645123231603
"914","PH023106000",NA,NA,342.230457651254
"915","PH012907000",NA,NA,342.378949443098
"916","PH083731000",NA,NA,343.113744746739
"917","PH140117000",NA,NA,343.509142845685
"918","PH143201000",NA,NA,343.683755816278
"919","PH140118000",NA,NA,343.779880377282
"920","PH023111000",NA,NA,344.572960637665
"921","PH012934000",NA,NA,345.473879270198
"922","PH072227000",NA,NA,345.74187664432
"923","PH023134000",NA,NA,345.868912864412
"924","PH143211000",NA,NA,346.49812558243
"925","PH140113000",NA,NA,346.573804902805
"926","PH083721000",NA,NA,347.465552734205
"927","PH184521000",NA,NA,347.6822512324
"928","PH012923000",NA,NA,347.990148451056
"929","PH072219000",NA,NA,348.112204623686
"930","PH184608000",NA,NA,348.191229168108
"931","PH140115000",NA,NA,348.245172462895
"932","PH060601000",NA,NA,348.286379731549
"933","PH072217000",NA,NA,348.90938019526
"934","PH012903000",NA,NA,349.585418486062
"935","PH072251000",NA,NA,349.837904736912
"936","PH184517000",NA,NA,350.307840601213
"937","PH143209000",NA,NA,350.415740787512
"938","PH012921000",NA,NA,350.895504903524
"939","PH140124000",NA,NA,351.203532977579
"940","PH140112000",NA,NA,351.472500110931
"941","PH012919000",NA,NA,351.751777046057
"942","PH140101000",NA,NA,352.028681040099
"943","PH083720000",NA,NA,353.040237522632
"944","PH023133000",NA,NA,353.299719689449
"945","PH072230000",NA,NA,353.614257072836
"946","PH140110000",NA,NA,353.803592378478
"947","PH021512000",NA,NA,354.026547251839
"948","PH086416000",NA,NA,354.471929754708
"949","PH012928000",NA,NA,354.591542329408
"950","PH140107000",NA,NA,355.316271632838
"951","PH023117000",NA,NA,356.504093257803
"952","PH184511000",NA,NA,357.258173013229
"953","PH140108000",NA,NA,357.797491459586
"954","PH086417000",NA,NA,358.278182812681
"955","PH083719000",NA,NA,358.631917143223
"956","PH184519000",NA,NA,358.720298919863
"957","PH012912000",NA,NA,359.040253778392
"958","PH072250000",NA,NA,359.055937890799
"959","PH072232000",NA,NA,359.504302864986
"960","PH072237000",NA,NA,359.920759325946
"961","PH140109000",NA,NA,360.44186929501
"962","PH072226000",NA,NA,360.706807263614
"963","PH175312000",NA,NA,361.096730719931
"964","PH140122000",NA,NA,361.718520866286
"965","PH021529000",NA,NA,362.020205652452
"966","PH072234000",NA,NA,362.890392382186
"967","PH072220000",NA,NA,363.250045507042
"968","PH021528000",NA,NA,364.068636417198
"969","PH086402000",NA,NA,364.102529632195
"970","PH012920000",NA,NA,364.689432836928
"971","PH184514000",NA,NA,365.119745403706
"972","PH021527000",NA,NA,365.376440197092
"973","PH140106000",NA,NA,366.9258280165
"974","PH083707000",NA,NA,367.770250184981
"975","PH072204000",NA,NA,367.884409790792
"976","PH184611000",NA,NA,368.671902584631
"977","PH148102000",NA,NA,369.061313286318
"978","PH072241000",NA,NA,369.107698334222
"979","PH086403000",NA,NA,369.197997921375
"980","PH140111000",NA,NA,370.157648676673
"981","PH012905000",NA,NA,370.904317307164
"982","PH184503000",NA,NA,372.906779174265
"983","PH086405000",NA,NA,372.9618802876
"984","PH021520000",NA,NA,374.664863489896
"985","PH140125000",NA,NA,375.391183035736
"986","PH086412000",NA,NA,375.497461920678
"987","PH083734000",NA,NA,375.686954685445
"988","PH086404000",NA,NA,375.752037009543
"989","PH072214000",NA,NA,376.325712912877
"990","PH021519000",NA,NA,376.410143982997
"991","PH086418000",NA,NA,376.414801776507
"992","PH072210000",NA,NA,376.902599671975
"993","PH021515000",NA,NA,377.061012873855
"994","PH168505000",NA,NA,378.663641210284
"995","PH012930000",NA,NA,378.749074506753
"996","PH184510000",NA,NA,380.596822322311
"997","PH071226000",NA,NA,381.538407345395
"998","PH086401000",NA,NA,381.764534485394
"999","PH086414000",NA,NA,382.471556459313
"1000","PH021504000",NA,NA,382.615526895461
"1001","PH012803000",NA,NA,384.076485510047
"1002","PH071243000",NA,NA,384.510429030826
"1003","PH086407000",NA,NA,384.825163030474
"1004","PH072224000",NA,NA,385.012101143607
"1005","PH071248000",NA,NA,385.576343141587
"1006","PH072246000",NA,NA,386.697136834905
"1007","PH168507000",NA,NA,387.451878019874
"1008","PH021521000",NA,NA,388.07682153369
"1009","PH086409000",NA,NA,388.543344327236
"1010","PH012819000",NA,NA,388.980153520318
"1011","PH071235000",NA,NA,389.841872188394
"1012","PH071209000",NA,NA,390.037214400107
"1013","PH021526000",NA,NA,390.270388127935
"1014","PH072239000",NA,NA,390.298237738413
"1015","PH012811000",NA,NA,391.328933555522
"1016","PH012814000",NA,NA,392.297091430215
"1017","PH021502000",NA,NA,393.457136787934
"1018","PH071244000",NA,NA,393.486537592049
"1019","PH072201000",NA,NA,393.557273169728
"1020","PH071224000",NA,NA,393.765922077974
"1021","PH148104000",NA,NA,394.334481102815
"1022","PH012808000",NA,NA,395.750657692968
"1023","PH086408000",NA,NA,396.561213947969
"1024","PH072233000",NA,NA,396.63406143856
"1025","PH086406000",NA,NA,396.692475908229
"1026","PH168504000",NA,NA,397.231330814329
"1027","PH012813000",NA,NA,397.506808906924
"1028","PH184507000",NA,NA,397.810933167128
"1029","PH072205000",NA,NA,398.60472086174
"1030","PH071214000",NA,NA,399.168331858375
"1031","PH012805000",NA,NA,399.254594396548
"1032","PH071218000",NA,NA,400.004054019059
"1033","PH086410000",NA,NA,400.075461859773
"1034","PH071245000",NA,NA,400.323350428774
"1035","PH071238000",NA,NA,400.899509839709
"1036","PH071246000",NA,NA,400.965407089481
"1037","PH021506000",NA,NA,402.141626392818
"1038","PH175320000",NA,NA,402.625965797479
"1039","PH184515000",NA,NA,402.969324006098
"1040","PH012809000",NA,NA,403.120991416943
"1041","PH086413000",NA,NA,403.624081089928
"1042","PH071236000",NA,NA,403.676744942043
"1043","PH012816000",NA,NA,404.030721739974
"1044","PH071210000",NA,NA,404.091729304593
"1045","PH184602000",NA,NA,404.637176447948
"1046","PH012822000",NA,NA,405.504965185334
"1047","PH184513000",NA,NA,405.842865641276
"1048","PH021517000",NA,NA,406.46279034275
"1049","PH072207000",NA,NA,406.463842567716
"1050","PH071217000",NA,NA,407.430755268647
"1051","PH071237000",NA,NA,407.939038379491
"1052","PH168501000",NA,NA,408.082285228326
"1053","PH071213000",NA,NA,409.622711261602
"1054","PH012821000",NA,NA,410.059185615483
"1055","PH071230000",NA,NA,410.670471381029
"1056","PH012820000",NA,NA,411.321753649131
"1057","PH071231000",NA,NA,411.611908056359
"1058","PH072222000",NA,NA,411.811605191849
"1059","PH071202000",NA,NA,412.513149762161
"1060","PH148106000",NA,NA,412.570890254022
"1061","PH148103000",NA,NA,412.62890946012
"1062","PH184506000",NA,NA,413.345712135892
"1063","PH021513000",NA,NA,413.376573701899
"1064","PH071212000",NA,NA,413.634566068786
"1065","PH175303000",NA,NA,413.826293315421
"1066","PH012818000",NA,NA,414.438193024065
"1067","PH086415000",NA,NA,414.513017235075
"1068","PH071204000",NA,NA,414.700832567212
"1069","PH184607000",NA,NA,414.848870083671
"1070","PH071234000",NA,NA,415.836169060982
"1071","PH086411000",NA,NA,415.863475900485
"1072","PH071207000",NA,NA,415.941261495237
"1073","PH184527000",NA,NA,416.060834941642
"1074","PH086419000",NA,NA,416.521927828536
"1075","PH168502000",NA,NA,416.598927881313
"1076","PH012812000",NA,NA,416.62103298655
"1077","PH168506000",NA,NA,416.82165333942
"1078","PH071232000",NA,NA,418.241424864093
"1079","PH071206000",NA,NA,418.268353870007
"1080","PH072203000",NA,NA,418.388680143566
"1081","PH012807000",NA,NA,418.49312489272
"1082","PH071211000",NA,NA,420.011025012981
"1083","PH071240000",NA,NA,421.520530158828
"1084","PH168503000",NA,NA,421.662473142354
"1085","PH072202000",NA,NA,421.763087825676
"1086","PH021503000",NA,NA,421.938888809811
"1087","PH071216000",NA,NA,422.470833247173
"1088","PH021516000",NA,NA,423.583708311138
"1089","PH071239000",NA,NA,424.034886233923
"1090","PH012802000",NA,NA,424.908768596859
"1091","PH071223000",NA,NA,425.69537120531
"1092","PH071215000",NA,NA,426.101750663953
"1093","PH071241000",NA,NA,426.564277049647
"1094","PH071208000",NA,NA,426.57618114504
"1095","PH071203000",NA,NA,427.090862531246
"1096","PH148101000",NA,NA,427.498340858931
"1097","PH166721000",NA,NA,427.568230259268
"1098","PH148107000",NA,NA,427.947596714856
"1099","PH071242000",NA,NA,428.069399301656
"1100","PH071221000",NA,NA,428.172034379859
"1101","PH072229000",NA,NA,428.27597307482
"1102","PH072212000",NA,NA,429.609342245198
"1103","PH166704000",NA,NA,429.652430401974
"1104","PH148105000",NA,NA,430.175936174436
"1105","PH012823000",NA,NA,430.905978285382
"1106","PH021525000",NA,NA,431.574535786506
"1107","PH071205000",NA,NA,431.771552937241
"1108","PH021508000",NA,NA,431.983236378613
"1109","PH071201000",NA,NA,432.188962931074
"1110","PH021510000",NA,NA,432.259935337411
"1111","PH071225000",NA,NA,432.291512048926
"1112","PH071229000",NA,NA,432.402223988019
"1113","PH071247000",NA,NA,432.880046686122
"1114","PH184604000",NA,NA,433.328205767633
"1115","PH071220000",NA,NA,433.383494102817
"1116","PH184512000",NA,NA,433.6002654806
"1117","PH071219000",NA,NA,433.955854885519
"1118","PH166718000",NA,NA,434.242674648694
"1119","PH071222000",NA,NA,434.321267905532
"1120","PH175311000",NA,NA,434.523860385329
"1121","PH071228000",NA,NA,435.660558174004
"1122","PH012817000",NA,NA,436.342085155343
"1123","PH166720000",NA,NA,436.736954398154
"1124","PH072225000",NA,NA,436.94724251023
"1125","PH071233000",NA,NA,436.992349719928
"1126","PH071227000",NA,NA,437.227231775544
"1127","PH021507000",NA,NA,437.884333169631
"1128","PH072235000",NA,NA,441.101045674794
"1129","PH021501000",NA,NA,441.267559224358
"1130","PH184606000",NA,NA,441.579068740543
"1131","PH021514000",NA,NA,441.701355386998
"1132","PH166724000",NA,NA,442.560359514671
"1133","PH166708000",NA,NA,442.721940193718
"1134","PH175319000",NA,NA,444.220886720637
"1135","PH012801000",NA,NA,444.522023696516
"1136","PH072240000",NA,NA,444.958526067565
"1137","PH166716000",NA,NA,445.512066209885
"1138","PH021518000",NA,NA,445.894424024461
"1139","PH012810000",NA,NA,447.253826847426
"1140","PH184605000",NA,NA,447.590354606571
"1141","PH166719000",NA,NA,447.802707157397
"1142","PH012806000",NA,NA,448.382486924268
"1143","PH012804000",NA,NA,448.92311599567
"1144","PH166725000",NA,NA,450.90973025726
"1145","PH072245000",NA,NA,452.183012618635
"1146","PH184601000",NA,NA,452.637045777478
"1147","PH021524000",NA,NA,453.552939396902
"1148","PH166710000",NA,NA,454.152238933716
"1149","PH021522000",NA,NA,455.301099321915
"1150","PH166707000",NA,NA,455.714980498215
"1151","PH166722000",NA,NA,456.145284652996
"1152","PH012815000",NA,NA,456.785227369775
"1153","PH175318000",NA,NA,457.404820009356
"1154","PH166717000",NA,NA,458.257667251938
"1155","PH021505000",NA,NA,458.455120160436
"1156","PH021511000",NA,NA,458.552215349387
"1157","PH021523000",NA,NA,459.972819763602
"1158","PH166723000",NA,NA,463.361116693496
"1159","PH175308000",NA,NA,463.912513569679
"1160","PH166715000",NA,NA,464.413459223919
"1161","PH166727000",NA,NA,465.142206813597
"1162","PH166714000",NA,NA,465.670885245121
"1163","PH166702000",NA,NA,466.141243438402
"1164","PH184610000",NA,NA,467.893150276776
"1165","PH076101000",NA,NA,471.818254729117
"1166","PH184603000",NA,NA,473.606909951852
"1167","PH076102000",NA,NA,474.107486406419
"1168","PH166711000",NA,NA,474.379005098276
"1169","PH166701000",NA,NA,475.540385269376
"1170","PH184609000",NA,NA,478.109235177049
"1171","PH076106000",NA,NA,479.315092218744
"1172","PH166706000",NA,NA,479.688144197933
"1173","PH076104000",NA,NA,481.100274336478
"1174","PH076105000",NA,NA,483.77425899235
"1175","PH160206000",NA,NA,484.040534840107
"1176","PH076103000",NA,NA,485.238762818643
"1177","PH101804000",NA,NA,489.254584360553
"1178","PH160205000",NA,NA,490.87778522277
"1179","PH166807000",NA,NA,491.117969208854
"1180","PH101801000",NA,NA,494.539741941723
"1181","PH101803000",NA,NA,495.535871434967
"1182","PH101805000",NA,NA,499.653118548912
"1183","PH166805000",NA,NA,500.630341774784
"1184","PH101802000",NA,NA,500.962215574401
"1185","PH160210000",NA,NA,501.061711379633
"1186","PH160211000",NA,NA,504.784569691552
"1187","PH166813000",NA,NA,507.287946079676
"1188","PH175316000",NA,NA,508.602194532748
"1189","PH166806000",NA,NA,513.836239620575
"1190","PH160203000",NA,NA,513.894242034257
"1191","PH166808000",NA,NA,516.703132507924
"1192","PH166810000",NA,NA,518.83749108063
"1193","PH104312000",NA,NA,519.911854543723
"1194","PH104325000",NA,NA,520.26359458036
"1195","PH104303000",NA,NA,522.518961055822
"1196","PH160212000",NA,NA,522.609404257659
"1197","PH104323000",NA,NA,522.784303905113
"1198","PH104304000",NA,NA,523.445158975111
"1199","PH104317000",NA,NA,524.145763771258
"1200","PH160208000",NA,NA,525.234553981461
"1201","PH160204000",NA,NA,527.154510410293
"1202","PH104319000",NA,NA,529.320543495273
"1203","PH104322000",NA,NA,530.322811525815
"1204","PH166819000",NA,NA,530.921762895027
"1205","PH160209000",NA,NA,531.651775483076
"1206","PH021509000",NA,NA,532.26623637196
"1207","PH160314000",NA,NA,535.077043431362
"1208","PH104313000",NA,NA,536.073836509039
"1209","PH160202000",NA,NA,539.429566780978
"1210","PH160201000",NA,NA,541.610926859135
"1211","PH104302000",NA,NA,543.168832949197
"1212","PH104202000",NA,NA,543.578922201283
"1213","PH166816000",NA,NA,543.58311757603
"1214","PH104308000",NA,NA,543.646759845411
"1215","PH097217000",NA,NA,544.932152474701
"1216","PH166818000",NA,NA,544.974137451054
"1217","PH097201000",NA,NA,546.236170125168
"1218","PH104212000",NA,NA,546.868194348904
"1219","PH166802000",NA,NA,547.491884118199
"1220","PH097212000",NA,NA,550.447572548026
"1221","PH104311000",NA,NA,552.48893425341
"1222","PH104306000",NA,NA,553.663237578307
"1223","PH166804000",NA,NA,554.183050211994
"1224","PH104204000",NA,NA,554.201268515753
"1225","PH104314000",NA,NA,554.772825213349
"1226","PH104213000",NA,NA,555.015778313356
"1227","PH097202000",NA,NA,556.375656667163
"1228","PH160207000",NA,NA,556.733103789096
"1229","PH104208000",NA,NA,556.914050825177
"1230","PH104309000",NA,NA,557.538101718405
"1231","PH160301000",NA,NA,558.516063558192
"1232","PH097207000",NA,NA,559.313758665401
"1233","PH175301000",NA,NA,559.328999263757
"1234","PH166814000",NA,NA,559.916830711361
"1235","PH104315000",NA,NA,560.299735393189
"1236","PH097204000",NA,NA,560.917083221107
"1237","PH104326000",NA,NA,561.448691661045
"1238","PH097210000",NA,NA,561.850537967109
"1239","PH104209000",NA,NA,562.248243353555
"1240","PH097211000",NA,NA,564.284325582263
"1241","PH104307000",NA,NA,564.292860344282
"1242","PH104310000",NA,NA,564.957166744367
"1243","PH097209000",NA,NA,565.690120484919
"1244","PH104301000",NA,NA,565.99143450867
"1245","PH104324000",NA,NA,565.99299692484
"1246","PH097222000",NA,NA,566.427806057073
"1247","PH104206000",NA,NA,566.48864612905
"1248","PH166815000",NA,NA,567.362251603104
"1249","PH097203000",NA,NA,567.822213259661
"1250","PH104201000",NA,NA,568.711801710962
"1251","PH101313000",NA,NA,568.885999142538
"1252","PH160303000",NA,NA,569.184956737014
"1253","PH097208000",NA,NA,569.718743599731
"1254","PH166811000",NA,NA,571.072978471237
"1255","PH104320000",NA,NA,572.000574677343
"1256","PH104211000",NA,NA,572.411292962232
"1257","PH160306000",NA,NA,572.758877442467
"1258","PH104321000",NA,NA,574.017839110406
"1259","PH104207000",NA,NA,575.719442425034
"1260","PH104318000",NA,NA,578.108939084699
"1261","PH104214000",NA,NA,579.681880296436
"1262","PH104316000",NA,NA,579.80152277811
"1263","PH097214000",NA,NA,580.24385642741
"1264","PH104305000",NA,NA,581.985209390263
"1265","PH104217000",NA,NA,582.538258854485
"1266","PH104216000",NA,NA,584.687825132738
"1267","PH101314000",NA,NA,584.931275984321
"1268","PH101305000",NA,NA,586.111269360099
"1269","PH175315000",NA,NA,587.819066259245
"1270","PH101311000",NA,NA,588.009823566279
"1271","PH097337000",NA,NA,588.184591553644
"1272","PH097218000",NA,NA,588.716182807738
"1273","PH104205000",NA,NA,589.222276026269
"1274","PH160309000",NA,NA,590.07890222
"1275","PH166801000",NA,NA,590.719396588564
"1276","PH160308000",NA,NA,592.813630355686
"1277","PH103504000",NA,NA,593.187468237821
"1278","PH097215000",NA,NA,593.44869389811
"1279","PH097319000",NA,NA,593.685631233363
"1280","PH097308000",NA,NA,594.189507779754
"1281","PH097315000",NA,NA,595.143171718423
"1282","PH101319000",NA,NA,595.155642530156
"1283","PH104210000",NA,NA,595.228706150374
"1284","PH103510000",NA,NA,597.010535238612
"1285","PH175317000",NA,NA,597.019283857671
"1286","PH101301000",NA,NA,597.243976345577
"1287","PH103501000",NA,NA,597.505924428536
"1288","PH160311000",NA,NA,597.719496378464
"1289","PH103507000",NA,NA,598.547239851468
"1290","PH103520000",NA,NA,600.172150355843
"1291","PH097206000",NA,NA,600.377125782824
"1292","PH104215000",NA,NA,600.590364550577
"1293","PH103512000",NA,NA,601.058058964457
"1294","PH097213000",NA,NA,601.300119725937
"1295","PH103513000",NA,NA,602.220928565155
"1296","PH104203000",NA,NA,603.111825064436
"1297","PH103508000",NA,NA,603.344260531386
"1298","PH103502000",NA,NA,603.53339670401
"1299","PH097226000",NA,NA,603.718020399257
"1300","PH166817000",NA,NA,603.956941097289
"1301","PH103517000",NA,NA,604.632641557066
"1302","PH097328000",NA,NA,605.211955276153
"1303","PH097205000",NA,NA,606.058613584119
"1304","PH103523000",NA,NA,607.563535438774
"1305","PH097340000",NA,NA,608.539825067217
"1306","PH097318000",NA,NA,608.745872597221
"1307","PH166809000",NA,NA,609.357526025424
"1308","PH160307000",NA,NA,609.677999069551
"1309","PH153638000",NA,NA,610.015683559264
"1310","PH097323000",NA,NA,610.098882461086
"1311","PH103516000",NA,NA,610.188284102145
"1312","PH097225000",NA,NA,610.353696001529
"1313","PH103521000",NA,NA,610.687555405799
"1314","PH160304000",NA,NA,611.048140830053
"1315","PH153610000",NA,NA,611.354557881262
"1316","PH103511000",NA,NA,611.996391567021
"1317","PH153625000",NA,NA,612.087825271719
"1318","PH103514000",NA,NA,612.209654247152
"1319","PH101312000",NA,NA,612.753463981341
"1320","PH097221000",NA,NA,614.050406386919
"1321","PH153617000",NA,NA,615.101957111836
"1322","PH103503000",NA,NA,615.154041247478
"1323","PH103522000",NA,NA,615.3449020733
"1324","PH097227000",NA,NA,615.401450467443
"1325","PH153621000",NA,NA,616.60732713892
"1326","PH097223000",NA,NA,616.783804716026
"1327","PH103509000",NA,NA,617.6566518041
"1328","PH097302000",NA,NA,617.79910499663
"1329","PH175324000",NA,NA,617.831309534516
"1330","PH101320000",NA,NA,618.267235160148
"1331","PH153624000",NA,NA,618.753000715837
"1332","PH153606000",NA,NA,619.620803663503
"1333","PH101310000",NA,NA,620.561177184671
"1334","PH153616000",NA,NA,620.66640951621
"1335","PH097303000",NA,NA,621.459789465308
"1336","PH097330000",NA,NA,622.359446022792
"1337","PH097312000",NA,NA,622.409017576754
"1338","PH097333000",NA,NA,622.991630414012
"1339","PH153613000",NA,NA,623.715740548309
"1340","PH103518000",NA,NA,623.901427657233
"1341","PH103505000",NA,NA,624.331281689779
"1342","PH153633000",NA,NA,624.340831381956
"1343","PH153603000",NA,NA,624.703049297252
"1344","PH101322000",NA,NA,624.855213147101
"1345","PH160302000",NA,NA,624.901308970194
"1346","PH098306000",NA,NA,624.92368978149
"1347","PH097322000",NA,NA,625.341795073803
"1348","PH153629000",NA,NA,626.008661111292
"1349","PH098309000",NA,NA,627.145823624388
"1350","PH098315000",NA,NA,627.395429890926
"1351","PH153619000",NA,NA,627.504776072209
"1352","PH153601000",NA,NA,627.670794364878
"1353","PH153614000",NA,NA,628.54718669295
"1354","PH097344000",NA,NA,629.264911640107
"1355","PH153627000",NA,NA,629.406013309833
"1356","PH160305000",NA,NA,629.587701350001
"1357","PH153634000",NA,NA,630.54397254194
"1358","PH103519000",NA,NA,631.27214952331
"1359","PH166803000",NA,NA,631.541758554983
"1360","PH097224000",NA,NA,632.062682274217
"1361","PH153626000",NA,NA,632.125365885677
"1362","PH098303000",NA,NA,633.682908116678
"1363","PH098305000",NA,NA,634.149615548949
"1364","PH103506000",NA,NA,635.381294790189
"1365","PH097311000",NA,NA,635.845248525668
"1366","PH153609000",NA,NA,636.434692031737
"1367","PH103515000",NA,NA,636.728778975105
"1368","PH153622000",NA,NA,636.834805277698
"1369","PH153623000",NA,NA,636.847905977934
"1370","PH097307000",NA,NA,637.54674131571
"1371","PH098302000",NA,NA,637.635063863535
"1372","PH153605000",NA,NA,638.302449446963
"1373","PH101321000",NA,NA,638.502626109954
"1374","PH098313000",NA,NA,639.137310292953
"1375","PH160313000",NA,NA,639.796373559759
"1376","PH097343000",NA,NA,640.272357816815
"1377","PH153604000",NA,NA,640.758004519211
"1378","PH160312000",NA,NA,640.918767799619
"1379","PH153618000",NA,NA,641.286112042258
"1380","PH153636000",NA,NA,642.34754670828
"1381","PH153620000",NA,NA,642.849513451013
"1382","PH098312000",NA,NA,643.735033939998
"1383","PH153611000",NA,NA,643.93541810094
"1384","PH153612000",NA,NA,644.235529846486
"1385","PH160310000",NA,NA,645.245741653587
"1386","PH153628000",NA,NA,645.50224643599
"1387","PH153632000",NA,NA,646.002925194126
"1388","PH097324000",NA,NA,646.218442775915
"1389","PH153641000",NA,NA,646.31048187892
"1390","PH097313000",NA,NA,646.396748937793
"1391","PH175306000",NA,NA,646.539808080249
"1392","PH166812000",NA,NA,646.666475534273
"1393","PH101316000",NA,NA,647.040698210822
"1394","PH153635000",NA,NA,647.133045787387
"1395","PH097219000",NA,NA,647.326664888853
"1396","PH101315000",NA,NA,647.960851178444
"1397","PH097325000",NA,NA,648.006094222999
"1398","PH153640000",NA,NA,648.028893396432
"1399","PH153637000",NA,NA,648.963303115681
"1400","PH101307000",NA,NA,649.222706605188
"1401","PH098304000",NA,NA,649.305903107408
"1402","PH098308000",NA,NA,652.347191679503
"1403","PH101318000",NA,NA,653.931492445797
"1404","PH097306000",NA,NA,654.043829363783
"1405","PH153607000",NA,NA,654.411180526082
"1406","PH098311000",NA,NA,655.448279781431
"1407","PH112305000",NA,NA,655.943196013178
"1408","PH175323000",NA,NA,656.082788636834
"1409","PH153615000",NA,NA,656.095107556357
"1410","PH153631000",NA,NA,656.802306277162
"1411","PH118202000",NA,NA,657.42547384545
"1412","PH097317000",NA,NA,658.423292337411
"1413","PH098316000",NA,NA,659.024533913096
"1414","PH020905000",NA,NA,659.123683063822
"1415","PH112503000",NA,NA,660.243759610883
"1416","PH101304000",NA,NA,660.781790282702
"1417","PH101317000",NA,NA,661.647534243531
"1418","PH118207000",NA,NA,661.731390426425
"1419","PH098301000",NA,NA,663.186315068657
"1420","PH097220000",NA,NA,663.372144771556
"1421","PH153630000",NA,NA,663.418728703325
"1422","PH097305000",NA,NA,664.550335537441
"1423","PH097341000",NA,NA,664.568412111194
"1424","PH153602000",NA,NA,666.662907192683
"1425","PH020906000",NA,NA,667.194206630063
"1426","PH020903000",NA,NA,667.940246647156
"1427","PH112324000",NA,NA,668.623024718792
"1428","PH112322000",NA,NA,670.537789598886
"1429","PH020904000",NA,NA,671.14370903093
"1430","PH101303000",NA,NA,672.470862709431
"1431","PH153639000",NA,NA,672.637001439541
"1432","PH118208000",NA,NA,673.259493615139
"1433","PH097338000",NA,NA,673.951377231059
"1434","PH153802000",NA,NA,673.953560819125
"1435","PH153809000",NA,NA,674.446387806755
"1436","PH153818000",NA,NA,675.259443856355
"1437","PH097327000",NA,NA,676.855287493753
"1438","PH101306000",NA,NA,677.098230693179
"1439","PH098307000",NA,NA,677.577926770975
"1440","PH101309000",NA,NA,677.7045397618
"1441","PH020901000",NA,NA,677.781164610298
"1442","PH112505000",NA,NA,679.168228449424
"1443","PH124701000",NA,NA,679.938298550346
"1444","PH098314000",NA,NA,680.062409629694
"1445","PH101308000",NA,NA,680.643672395482
"1446","PH124716000",NA,NA,681.561644929694
"1447","PH118201000",NA,NA,682.577947972181
"1448","PH112301000",NA,NA,682.681393252075
"1449","PH098310000",NA,NA,683.363837402739
"1450","PH112314000",NA,NA,686.952724297556
"1451","PH101302000",NA,NA,687.034154440175
"1452","PH153811000",NA,NA,687.402352075829
"1453","PH175305000",NA,NA,688.252965328794
"1454","PH097216000",NA,NA,690.961160359721
"1455","PH112318000",NA,NA,692.816470111565
"1456","PH153824000",NA,NA,694.50699722357
"1457","PH118209000",NA,NA,695.167159410841
"1458","PH124711000",NA,NA,695.825282842002
"1459","PH118206000",NA,NA,698.863293948562
"1460","PH124705000",NA,NA,699.790921423555
"1461","PH153812000",NA,NA,700.101343941401
"1462","PH124702000",NA,NA,701.181787860026
"1463","PH118210000",NA,NA,701.350928117098
"1464","PH124718000",NA,NA,701.497299217022
"1465","PH112323000",NA,NA,701.7018475811
"1466","PH112501000",NA,NA,701.963228901896
"1467","PH129804000",NA,NA,704.098547579454
"1468","PH124713000",NA,NA,704.767686498962
"1469","PH112319000",NA,NA,705.000229164466
"1470","PH097332000",NA,NA,706.781913370492
"1471","PH112303000",NA,NA,708.869733384299
"1472","PH020902000",NA,NA,709.380582754496
"1473","PH124715000",NA,NA,709.817650863642
"1474","PH118204000",NA,NA,710.1491924948
"1475","PH153834000",NA,NA,711.008762193649
"1476","PH112315000",NA,NA,711.880269246118
"1477","PH124717000",NA,NA,714.266164176709
"1478","PH124709000",NA,NA,714.427060265506
"1479","PH112402000",NA,NA,715.281437588822
"1480","PH124708000",NA,NA,715.609500061934
"1481","PH153814000",NA,NA,715.683888673279
"1482","PH153807000",NA,NA,716.720619727005
"1483","PH124703000",NA,NA,717.610097162847
"1484","PH118205000",NA,NA,721.230139756617
"1485","PH118203000",NA,NA,721.457503819736
"1486","PH112504000",NA,NA,724.571958589186
"1487","PH153821000",NA,NA,724.854602973048
"1488","PH124706000",NA,NA,725.88596827166
"1489","PH153806000",NA,NA,726.313713396944
"1490","PH124712000",NA,NA,727.256748625769
"1491","PH153831000",NA,NA,727.595311353035
"1492","PH153822000",NA,NA,728.539374397209
"1493","PH153836000",NA,NA,730.435117884904
"1494","PH153815000",NA,NA,730.453204088882
"1495","PH118211000",NA,NA,734.015478214987
"1496","PH153816000",NA,NA,734.037930919373
"1497","PH153826000",NA,NA,734.770294251234
"1498","PH153830000",NA,NA,734.837597822898
"1499","PH124704000",NA,NA,734.924740392006
"1500","PH153837000",NA,NA,735.813160737004
"1501","PH153825000",NA,NA,736.569089632298
"1502","PH153810000",NA,NA,738.253626074398
"1503","PH153820000",NA,NA,739.715601143308
"1504","PH153829000",NA,NA,740.732609435851
"1505","PH112508000",NA,NA,741.006054003547
"1506","PH153827000",NA,NA,741.390143799272
"1507","PH153808000",NA,NA,742.158014680901
"1508","PH153813000",NA,NA,742.24403342091
"1509","PH124710000",NA,NA,743.810400342467
"1510","PH112317000",NA,NA,745.200132684761
"1511","PH153835000",NA,NA,745.392773091066
"1512","PH153817000",NA,NA,746.848350277267
"1513","PH124707000",NA,NA,747.166892586372
"1514","PH112507000",NA,NA,750.010323473613
"1515","PH175304000",NA,NA,750.39630452909
"1516","PH112502000",NA,NA,750.417811123225
"1517","PH153828000",NA,NA,751.378620200387
"1518","PH153819000",NA,NA,752.479831006748
"1519","PH153801000",NA,NA,753.289088393853
"1520","PH112511000",NA,NA,753.625452599423
"1521","PH112412000",NA,NA,754.363488024208
"1522","PH126508000",NA,NA,755.988073615732
"1523","PH112401000",NA,NA,757.067656814936
"1524","PH124714000",NA,NA,758.052748739833
"1525","PH153823000",NA,NA,759.192941469882
"1526","PH112403000",NA,NA,760.305928592738
"1527","PH126503000",NA,NA,762.243315932747
"1528","PH150708000",NA,NA,763.065717618052
"1529","PH126506000",NA,NA,763.088257707513
"1530","PH150710000",NA,NA,763.283292459902
"1531","PH153833000",NA,NA,763.392380880862
"1532","PH150702000",NA,NA,764.377151972781
"1533","PH099701000",NA,NA,764.526866482969
"1534","PH153805000",NA,NA,765.771203867514
"1535","PH126510000",NA,NA,765.787672388411
"1536","PH112407000",NA,NA,766.628642541954
"1537","PH150707000",NA,NA,767.63689586353
"1538","PH150712000",NA,NA,767.854734792414
"1539","PH153803000",NA,NA,769.418509587799
"1540","PH150703000",NA,NA,769.535507895227
"1541","PH126511000",NA,NA,771.522272570826
"1542","PH126504000",NA,NA,772.78317401075
"1543","PH153832000",NA,NA,774.807563956553
"1544","PH112404000",NA,NA,776.240165128848
"1545","PH150706000",NA,NA,776.747018817952
"1546","PH112410000",NA,NA,777.775737560225
"1547","PH112509000",NA,NA,777.972115405003
"1548","PH126502000",NA,NA,778.630438020109
"1549","PH150711000",NA,NA,779.013278643266
"1550","PH112510000",NA,NA,780.47191137208
"1551","PH150704000",NA,NA,780.476890145421
"1552","PH126505000",NA,NA,780.834031087688
"1553","PH150709000",NA,NA,780.887249886664
"1554","PH126507000",NA,NA,781.035013018274
"1555","PH150705000",NA,NA,782.208640516792
"1556","PH112411000",NA,NA,782.264459205105
"1557","PH126315000",NA,NA,782.36624394383
"1558","PH126311000",NA,NA,785.266916444456
"1559","PH112414000",NA,NA,788.809534095874
"1560","PH126501000",NA,NA,789.563633529043
"1561","PH126512000",NA,NA,791.617896194989
"1562","PH112406000",NA,NA,792.675471185327
"1563","PH126318000",NA,NA,793.237996375919
"1564","PH112408000",NA,NA,794.529757973571
"1565","PH126306000",NA,NA,794.876827492098
"1566","PH126314000",NA,NA,797.133238874774
"1567","PH118604000",NA,NA,800.87298422594
"1568","PH126302000",NA,NA,801.03031546925
"1569","PH150713000",NA,NA,801.045100376759
"1570","PH126509000",NA,NA,805.783810041163
"1571","PH126313000",NA,NA,807.287952148157
"1572","PH112506000",NA,NA,808.475773144
"1573","PH126317000",NA,NA,810.124896425454
"1574","PH128007000",NA,NA,812.635448297841
"1575","PH126319000",NA,NA,815.576331198425
"1576","PH126312000",NA,NA,821.051844076945
"1577","PH118603000",NA,NA,821.407219614772
"1578","PH128005000",NA,NA,827.767056674805
"1579","PH156606000",NA,NA,831.957144336531
"1580","PH126316000",NA,NA,832.044139528303
"1581","PH157003000",NA,NA,833.677113628214
"1582","PH156615000",NA,NA,834.28695584626
"1583","PH128001000",NA,NA,834.888924573651
"1584","PH126303000",NA,NA,836.022940468981
"1585","PH118601000",NA,NA,842.49593479407
"1586","PH128003000",NA,NA,843.209600224189
"1587","PH156608000",NA,NA,845.768441780608
"1588","PH156619000",NA,NA,846.879195949845
"1589","PH156611000",NA,NA,847.052312263693
"1590","PH156602000",NA,NA,848.57184666284
"1591","PH156604000",NA,NA,850.793306231932
"1592","PH156607000",NA,NA,850.936464556135
"1593","PH156616000",NA,NA,853.780684978684
"1594","PH128006000",NA,NA,854.020363202725
"1595","PH128004000",NA,NA,855.513817771767
"1596","PH156601000",NA,NA,855.973773806118
"1597","PH156613000",NA,NA,856.384935264567
"1598","PH156603000",NA,NA,857.523282489538
"1599","PH156605000",NA,NA,859.608910999138
"1600","PH156609000",NA,NA,863.276481756991
"1601","PH156610000",NA,NA,870.365305647642
"1602","PH118602000",NA,NA,873.062167345523
"1603","PH128002000",NA,NA,877.00653905026
"1604","PH156614000",NA,NA,886.671534942721
"1605","PH156617000",NA,NA,892.664342711802
"1606","PH156612000",NA,NA,908.031995592843
"1607","PH156618000",NA,NA,909.960954300725
"1608","PH118605000",NA,NA,918.665758186422
"1609","PH157008000",NA,NA,931.284305852983
"1610","PH157006000",NA,NA,943.803235801542
"1611","PH157009000",NA,NA,959.370079084426
"1612","PH157007000",NA,NA,959.587126257
"1613","PH157010000",NA,NA,974.30474436463
"1614","PH157001000",NA,NA,974.725666171563
"1615","PH157002000",NA,NA,985.206466723563
"1616","PH157004000",NA,NA,1009.13687515986
"1617","PH157011000",NA,NA,1028.05760988024
"1618","PH157005000",NA,NA,1033.60835395982
"1619","PH133902000",NA,NA,NA
"1620","PH133903000",NA,NA,NA
"1621","PH133904000",NA,NA,NA
"1622","PH133909000",NA,NA,NA
"1623","PH133901000",NA,NA,NA
"1624","PH133905000",NA,NA,NA
"1625","PH133906000",NA,NA,NA
"1626","PH133907000",NA,NA,NA
"1627","PH133908000",NA,NA,NA
"1628","PH133910000",NA,NA,NA
"1629","PH133911000",NA,NA,NA
"1630","PH133912000",NA,NA,NA
"1631","PH133913000",NA,NA,NA
"1632","PH133914000",NA,NA,NA
"1633","PH175321000",NA,NA,NA
"1634","PH184612000",NA,NA,NA
"1635","PH184613000",NA,NA,NA
"1636","PH184614000",NA,NA,NA
"1637","PH184615000",NA,NA,NA
"1638","PH184616000",NA,NA,NA
"1639","PH184617000",NA,NA,NA
"1640","PH184618000",NA,NA,NA
"1641","PH184619000",NA,NA,NA
"1642","PH184620000",NA,NA,NA
"1643","PH184621000",NA,NA,NA
"1644","PH184622000",NA,NA,NA
"1645","PH184623000",NA,NA,NA
"1646","PH184624000",NA,NA,NA
"1647","PH184625000",NA,NA,NA
