,adm3_pcode,storm_id,value_count,v_max,dis_track_min
0,PH012901000,2010191N12138,179,9.523517169735024,255.9902582378209
1,PH012902000,2010191N12138,21,8.709519869273208,284.6617043895052
2,PH012904000,2010191N12138,13,8.278566299421014,296.89877627782784
3,PH012906000,2010191N12138,108,9.019851531921931,276.9163742344972
4,PH012908000,2010191N12138,245,8.816796250739156,269.3785202697965
5,PH012909000,2010191N12138,22,8.67929571883327,283.45701650401145
6,PH012910000,2010191N12138,61,8.512593427992174,285.2787678772186
7,PH012911000,2010191N12138,16,8.412097177666704,292.41255713921726
8,PH012914000,2010191N12138,5,7.901038143046544,302.4273013641294
9,PH012915000,2010191N12138,117,8.441418143877776,283.64418606122103
10,PH012916000,2010191N12138,47,8.815557529557854,278.9380766758059
11,PH012917000,2010191N12138,72,8.384154718555779,291.19357968513157
12,PH012918000,2010191N12138,15,8.432033796657022,293.55076188969946
13,PH012924000,2010191N12138,81,9.28359406645229,266.69687922687535
14,PH012925000,2010191N12138,25,8.987121866720035,275.72680239844254
15,PH012926000,2010191N12138,33,8.432033796657022,293.55076188969946
16,PH012927000,2010191N12138,37,8.731170958404062,285.786904051913
17,PH012929000,2010191N12138,102,8.919882382062468,272.95367371467523
18,PH012931000,2010191N12138,123,9.719041264533526,244.58359320179267
19,PH012932000,2010191N12138,147,9.431471277401986,262.1229377244213
20,PH012933000,2010191N12138,67,9.777348232143732,254.40843187083496
21,PH013301000,2010191N12138,49,11.750102684833767,195.01314782601096
22,PH013302000,2010191N12138,95,11.622508905966152,199.83981027603284
23,PH013303000,2010191N12138,85,10.61117118508131,232.93254265473809
24,PH013304000,2010191N12138,178,10.67238146494241,224.63709152854966
25,PH013305000,2010191N12138,81,10.232673330982793,240.6258585517417
26,PH013306000,2010191N12138,37,9.930291217023017,249.83876969370604
27,PH013307000,2010191N12138,138,11.475495395860346,209.44526273430296
28,PH013308000,2010191N12138,46,10.699188635055798,219.7944060804433
29,PH013309000,2010191N12138,48,11.48973535919272,204.7031429101957
30,PH013310000,2010191N12138,39,10.297689134148593,242.11452159620896
31,PH013311000,2010191N12138,185,11.210618541119421,212.23777663456477
32,PH013312000,2010191N12138,48,11.183658963826034,200.28781165626265
33,PH013313000,2010191N12138,147,11.71481129388054,187.88971771554768
34,PH013314000,2010191N12138,135,11.166011400646072,218.94480412131418
35,PH013315000,2010191N12138,172,10.528145933987341,231.28668488559637
36,PH013316000,2010191N12138,44,10.765078889171008,228.3186948030236
37,PH013317000,2010191N12138,97,11.88227065953151,190.17998705365792
38,PH013318000,2010191N12138,169,10.15618535113952,238.95312807196746
39,PH013319000,2010191N12138,116,9.870410666938591,248.3289112848607
40,PH013320000,2010191N12138,96,11.46296412456503,197.65552435516014
41,PH015501000,2010191N12138,303,17.49034173432524,131.27023216254895
42,PH015502000,2010191N12138,257,14.840547257258013,130.74915407580642
43,PH015503000,2010191N12138,352,15.59303884583183,148.27942966940526
44,PH015504000,2010191N12138,51,12.35247039578863,152.45771303028394
45,PH015505000,2010191N12138,98,14.553342446555057,166.65981602832377
46,PH015506000,2010191N12138,99,10.995425575789627,177.23753392030008
47,PH015507000,2010191N12138,101,12.101969108548627,163.88797834911554
48,PH015508000,2010191N12138,347,16.389891483893056,147.96539686024704
49,PH015509000,2010191N12138,51,12.9161662843405,150.5874594752931
50,PH015510000,2010191N12138,51,12.35247039578863,152.45771303028394
51,PH015511000,2010191N12138,255,12.798603903806812,142.88680322322656
52,PH015512000,2010191N12138,100,11.266051196356077,174.94999527271003
53,PH015513000,2010191N12138,102,13.378475312763522,155.54696795885056
54,PH015514000,2010191N12138,290,15.726988890726743,156.9633887042082
55,PH015515000,2010191N12138,358,14.914131032165582,137.88293757041805
56,PH015516000,2010191N12138,204,17.77140309724326,126.63883074142441
57,PH015517000,2010191N12138,151,13.014571754561983,158.0876567577327
58,PH015518000,2010191N12138,50,12.873093312470074,163.09904375432583
59,PH015519000,2010191N12138,309,17.258731824680385,128.270388163894
60,PH015520000,2010191N12138,311,17.05633425366674,121.94386700364458
61,PH015521000,2010191N12138,152,14.764428409825433,147.5671486657859
62,PH015522000,2010191N12138,101,13.970138377222913,155.09703568676477
63,PH015523000,2010191N12138,460,16.05981209921291,138.91866900129264
64,PH015524000,2010191N12138,203,12.556739687669202,152.9421725910008
65,PH015525000,2010191N12138,149,11.878222479933031,170.35391806124346
66,PH015526000,2010191N12138,50,12.405724502641865,170.49647992316523
67,PH015527000,2010191N12138,519,14.805377506336036,123.34668876762584
68,PH015528000,2010191N12138,50,12.19922496116911,168.0598916850312
69,PH015529000,2010191N12138,194,11.256147708047523,183.3763565316327
70,PH015530000,2010191N12138,49,11.353169906168805,182.76112906013483
71,PH015531000,2010191N12138,100,12.465203665849197,156.70488189477908
72,PH015532000,2010191N12138,204,13.526831149553354,148.16266575631226
73,PH015533000,2010191N12138,98,11.957284897635203,177.92534604620798
74,PH015534000,2010191N12138,150,12.08189794458904,172.97989888451158
75,PH015535000,2010191N12138,195,10.882102946517298,182.29591512003603
76,PH015536000,2010191N12138,386,10.807273089532588,186.57660673668371
77,PH015537000,2010191N12138,146,11.584723991104607,178.21682356066208
78,PH015538000,2010191N12138,101,12.321706035494763,162.98747144410038
79,PH015539000,2010191N12138,99,11.36914117253371,174.18524413129117
80,PH015540000,2010191N12138,51,12.016010452668331,159.70552328184726
81,PH015541000,2010191N12138,341,11.535478629878805,185.15067832956785
82,PH015542000,2010191N12138,201,14.980927655152655,151.27372524909688
83,PH015543000,2010191N12138,49,11.014805301943493,181.4341387204591
84,PH015544000,2010191N12138,446,12.638701216828077,164.38670774299814
85,PH015545000,2010191N12138,103,13.431921277186998,143.2648497589332
86,PH015546000,2010191N12138,150,11.672511644427292,167.64966752842412
87,PH015547000,2010191N12138,201,11.95484150063391,157.48894622294392
88,PH015548000,2010191N12138,50,11.567294073753617,172.77337741208876
89,PH023101000,2010191N12138,90,8.700360542405894,257.075355695154
90,PH023102000,2010191N12138,163,9.087502013292436,249.9884683514316
91,PH023103000,2010191N12138,38,7.770923722826987,279.8204303340633
92,PH023104000,2010191N12138,87,8.923314150044744,258.4276754151617
93,PH023105000,2010191N12138,17,7.4948967484006435,289.23269082934604
94,PH023107000,2010191N12138,46,8.041691487156772,273.59285668429834
95,PH023108000,2010191N12138,227,8.804810740627254,259.3118249588277
96,PH023109000,2010191N12138,183,8.846865775120975,249.94833194040223
97,PH023110000,2010191N12138,798,10.784816021740161,224.43409303339624
98,PH023111000,2010191N12138,21,7.880897664074153,291.04223871252697
99,PH023112000,2010191N12138,399,10.16005934275491,231.27411631361812
100,PH023113000,2010191N12138,27,7.667226696061104,287.40086682247573
101,PH023114000,2010191N12138,173,7.974746113165069,281.0041693956084
102,PH023115000,2010191N12138,499,10.679474748206195,220.57013508741298
103,PH023116000,2010191N12138,24,7.895961202604384,278.2438408941471
104,PH023120000,2010191N12138,77,8.290702143810666,270.80951622316655
105,PH023121000,2010191N12138,152,9.062651125609392,268.757744475368
106,PH023123000,2010191N12138,13,7.256796077908599,294.7302396579156
107,PH023124000,2010191N12138,155,8.550093898271255,258.75128153859254
108,PH023125000,2010191N12138,26,8.016987439475542,276.86429142477914
109,PH023126000,2010191N12138,18,7.3012395231745115,291.61155008612764
110,PH023127000,2010191N12138,170,10.724270502843106,217.0556632804704
111,PH023128000,2010191N12138,327,10.233028746342516,230.76270824096767
112,PH023129000,2010191N12138,53,8.857645352482402,252.37000355469863
113,PH023130000,2010191N12138,30,7.573456239607115,285.31747079344564
114,PH023131000,2010191N12138,758,9.801794561235894,241.20348200595927
115,PH023132000,2010191N12138,55,8.183749654890075,268.8328782293633
116,PH023135000,2010191N12138,149,9.265851930388543,242.36616507874803
117,PH025001000,2010191N12138,207,8.962733274485133,243.7072691014888
118,PH025002000,2010191N12138,459,11.228881104284712,200.55303295249084
119,PH025003000,2010191N12138,152,9.042414896117805,243.75670945514827
120,PH025004000,2010191N12138,305,9.834508329318279,226.1858178405946
121,PH025005000,2010191N12138,166,9.3926270343636,235.6144783202682
122,PH025006000,2010191N12138,313,9.195028234152534,241.2936914349804
123,PH025007000,2010191N12138,489,12.187179931191661,188.5231441661181
124,PH025008000,2010191N12138,641,13.07962796481763,175.07904311277463
125,PH025009000,2010191N12138,879,11.239905408155257,203.42774109711715
126,PH025010000,2010191N12138,759,9.980725096939809,211.30397357886994
127,PH025011000,2010191N12138,318,9.923187554630513,226.29931317745837
128,PH025012000,2010191N12138,377,10.748082244539557,197.6207983367509
129,PH025013000,2010191N12138,120,9.213902117156191,239.65949077098477
130,PH025014000,2010191N12138,119,8.805788301680272,247.69563542844057
131,PH025015000,2010191N12138,797,14.54276201568351,157.55017460034122
132,PH025701000,2010191N12138,409,11.346469297869927,202.22419872712206
133,PH025702000,2010191N12138,225,10.472057571116878,217.2343826161469
134,PH025703000,2010191N12138,318,9.80777603995725,229.24375402280654
135,PH025704000,2010191N12138,899,11.796053284028124,199.75533716060974
136,PH025705000,2010191N12138,67,9.78134093660165,231.46375776721996
137,PH025706000,2010191N12138,1703,13.46646107466259,172.6572575178846
138,PH030801000,2010191N12138,153,36.06779186929849,34.57326778933683
139,PH030802000,2010191N12138,306,41.0099771503746,12.728552010695541
140,PH030803000,2010191N12138,153,38.328332038358845,29.603584180358826
141,PH030804000,2010191N12138,103,30.09430633588466,48.575375475481266
142,PH030805000,2010191N12138,309,34.4455320862846,38.0615853957372
143,PH030806000,2010191N12138,151,40.0776757441763,17.772881143919218
144,PH030807000,2010191N12138,303,39.05143352051215,6.7644609443698736
145,PH030808000,2010191N12138,257,40.79564225524983,23.758187648964576
146,PH030809000,2010191N12138,52,30.67771548761475,48.53679472586109
147,PH030810000,2010191N12138,204,40.38449677132001,20.312825433350845
148,PH030811000,2010191N12138,51,40.05960818227058,25.653561003463338
149,PH030812000,2010191N12138,103,33.09259454720637,42.002596793249765
150,PH031401000,2010191N12138,103,26.29133807682607,69.42227331332113
151,PH031402000,2010191N12138,51,28.8269222155706,58.00340514527474
152,PH031403000,2010191N12138,102,25.837151090344776,68.41928047056135
153,PH031404000,2010191N12138,51,28.8269222155706,58.00340514527474
154,PH031405000,2010191N12138,206,32.38932254759758,46.60329333575976
155,PH031406000,2010191N12138,52,25.88562759498655,69.09011434893698
156,PH031407000,2010191N12138,104,27.38655694461338,61.019580083416486
157,PH031408000,2010191N12138,52,28.82851162509157,57.474537361549075
158,PH031409000,2010191N12138,102,31.01675297622895,49.11622523137045
159,PH031410000,2010191N12138,102,28.828379946088017,56.72852035342319
160,PH031411000,2010191N12138,103,30.702557121644244,52.46215838388406
161,PH031412000,2010191N12138,52,30.702557121644244,52.896364786725016
162,PH031413000,2010191N12138,457,30.35046768602421,59.06523446217989
163,PH031414000,2010191N12138,51,32.38686433819023,46.92298068265261
164,PH031415000,2010191N12138,51,27.285480362590448,63.546179701049184
165,PH031416000,2010191N12138,103,30.66883767303602,50.20895309317988
166,PH031417000,2010191N12138,52,27.265631874247738,62.940111951892156
167,PH031418000,2010191N12138,51,25.87973803856699,67.7285917077313
168,PH031419000,2010191N12138,255,23.857777743596902,80.51956098561706
169,PH031420000,2010191N12138,153,29.958616423471888,57.60830688977961
170,PH031421000,2010191N12138,410,21.794534924708838,91.61750580889856
171,PH031422000,2010191N12138,207,25.008475622126607,74.63495057210355
172,PH031423000,2010191N12138,102,29.00100970289934,58.43271123535001
173,PH031424000,2010191N12138,1732,28.868732298718463,64.4936189966813
174,PH034901000,2010191N12138,204,16.028021126439516,127.10282777683949
175,PH034902000,2010191N12138,344,16.054451113940242,141.3986511828494
176,PH034903000,2010191N12138,355,16.93165942376413,129.64623565618825
177,PH034904000,2010191N12138,259,19.553540017968754,98.85473217908861
178,PH034905000,2010191N12138,1244,12.883953385028537,174.21590782970392
179,PH034906000,2010191N12138,355,13.400933106098888,150.2260300495901
180,PH034907000,2010191N12138,545,18.737882830676803,118.52791468132759
181,PH034908000,2010191N12138,357,19.85032493952496,102.17703679937303
182,PH034909000,2010191N12138,251,15.816955657835749,140.73748363657631
183,PH034910000,2010191N12138,959,21.613951163342634,98.23904662291855
184,PH034911000,2010191N12138,353,14.378579571108558,139.7404301046804
185,PH034912000,2010191N12138,103,17.262784885421937,117.61728549512658
186,PH034913000,2010191N12138,301,17.380780795608484,127.70447242381151
187,PH034914000,2010191N12138,102,15.44967308020024,130.89561032492458
188,PH034915000,2010191N12138,150,14.898289837500288,146.9057393476404
189,PH034916000,2010191N12138,197,12.982187226050504,165.99371274958958
190,PH034917000,2010191N12138,250,14.021924910506742,149.98575975302683
191,PH034918000,2010191N12138,51,13.370162259254114,148.32927439675294
192,PH034919000,2010191N12138,251,18.025054699047292,122.31129264228716
193,PH034920000,2010191N12138,678,14.840012319096921,153.45676278235618
194,PH034921000,2010191N12138,102,17.871723413899538,119.28486994325735
195,PH034922000,2010191N12138,102,14.896377313736005,137.88363477425676
196,PH034923000,2010191N12138,199,14.974401258318386,150.58633978120764
197,PH034924000,2010191N12138,308,18.74597123724207,105.67653606484426
198,PH034925000,2010191N12138,51,18.80552023764633,107.66207362248352
199,PH034926000,2010191N12138,247,13.985175355262916,157.8940522896989
200,PH034927000,2010191N12138,154,18.090154006532728,113.15344601153645
201,PH034928000,2010191N12138,153,16.999968750901658,123.05896326015349
202,PH034929000,2010191N12138,150,14.94714009685563,139.25710114389486
203,PH034930000,2010191N12138,202,15.382865609058237,140.48322534261266
204,PH034931000,2010191N12138,151,13.413176957461364,153.74188125698393
205,PH034932000,2010191N12138,102,16.649632635948855,120.3598652881814
206,PH035401000,2010191N12138,208,21.006317992875175,83.43807041352967
207,PH035402000,2010191N12138,103,24.636996998190977,71.91842139813572
208,PH035403000,2010191N12138,310,21.34048854309983,88.19274439832141
209,PH035404000,2010191N12138,156,24.940704407290003,69.24802408075942
210,PH035405000,2010191N12138,361,23.332250912500232,79.40713718107826
211,PH035406000,2010191N12138,311,27.438383057207275,57.23539687096989
212,PH035407000,2010191N12138,51,25.151475417629214,67.7154662326202
213,PH035408000,2010191N12138,311,30.136758900573987,50.17084244929315
214,PH035409000,2010191N12138,104,19.886464618172276,90.62079100813968
215,PH035410000,2010191N12138,155,29.85884339246252,51.82760841589716
216,PH035411000,2010191N12138,155,19.677664919722663,94.30326581017417
217,PH035412000,2010191N12138,155,29.470946172670942,53.10672720618299
218,PH035413000,2010191N12138,103,22.437628870503442,81.3374773964712
219,PH035414000,2010191N12138,52,24.793018627186534,70.64784016181804
220,PH035415000,2010191N12138,468,23.510278577906927,71.04837284007877
221,PH035416000,2010191N12138,207,23.682356027088613,74.67811121028217
222,PH035417000,2010191N12138,52,23.413350151664623,78.4808404488377
223,PH035418000,2010191N12138,103,23.563975127169115,75.97794926408336
224,PH035419000,2010191N12138,103,22.342571885086887,82.87067949065688
225,PH035420000,2010191N12138,52,24.04926221464338,71.42003005013622
226,PH035421000,2010191N12138,52,23.563975127169115,75.97794926408336
227,PH035422000,2010191N12138,102,28.135924123161434,57.29587636957311
228,PH036901000,2010191N12138,51,13.32326946787923,146.34289255541432
229,PH036902000,2010191N12138,417,21.375672198996543,79.58501996480842
230,PH036903000,2010191N12138,155,13.79520075530242,130.51356171614515
231,PH036904000,2010191N12138,730,19.561162231044516,87.59499366398796
232,PH036905000,2010191N12138,414,18.825576191723105,99.47008010684478
233,PH036906000,2010191N12138,257,14.803843461741069,126.8406671298216
234,PH036907000,2010191N12138,206,16.624676001030803,116.99958545438002
235,PH036908000,2010191N12138,520,15.919287529554428,108.32805692074814
236,PH036909000,2010191N12138,205,13.267565384662067,140.05029638992337
237,PH036910000,2010191N12138,155,13.7437089394757,135.01306362768528
238,PH036911000,2010191N12138,51,14.271427769043992,135.96250708175737
239,PH036912000,2010191N12138,51,13.784321844711966,141.13901043553207
240,PH036913000,2010191N12138,156,14.518723365680794,120.73117166971939
241,PH036914000,2010191N12138,51,12.412046043265658,154.54475342633103
242,PH036915000,2010191N12138,258,15.489989598746403,117.47237158886576
243,PH036916000,2010191N12138,517,16.69007068612994,111.25797818465117
244,PH036917000,2010191N12138,204,15.385001101857117,127.42266397747316
245,PH036918000,2010191N12138,941,18.44898153945795,90.89550964851611
246,PH037101000,2010191N12138,1208,23.496793170405677,68.063381941632
247,PH037102000,2010191N12138,367,24.719570921389145,61.110690846886484
248,PH037103000,2010191N12138,732,18.263773254622073,102.84543778413749
249,PH037104000,2010191N12138,52,30.63131171927299,45.44977266145585
250,PH037105000,2010191N12138,263,20.54924513589071,76.31981025553328
251,PH037106000,2010191N12138,472,18.557461512263437,95.86917293666991
252,PH037107000,2010191N12138,362,36.52222993724589,32.579271144551605
253,PH037108000,2010191N12138,577,19.626754425442822,83.46045078200066
254,PH037109000,2010191N12138,311,35.98649630207966,33.269143762357224
255,PH037110000,2010191N12138,157,26.29394723124925,56.25117945733035
256,PH037111000,2010191N12138,782,29.232581377815674,48.1848045994099
257,PH037112000,2010191N12138,158,28.044925736072543,51.298035154681344
258,PH037113000,2010191N12138,779,17.614952936502696,112.36051791709906
259,PH037114000,2010191N12138,416,37.76324679933808,29.94431113932143
260,PH037701000,2010191N12138,140,16.189785878193337,143.22351621283315
261,PH037702000,2010191N12138,398,13.73989243247364,175.5133348300058
262,PH037703000,2010191N12138,619,12.043555441186495,202.23556411052098
263,PH037704000,2010191N12138,419,12.90141216900613,183.29694637626682
264,PH037705000,2010191N12138,600,24.26101130655888,84.81369023197404
265,PH037706000,2010191N12138,610,14.831521087284791,156.45772671559462
266,PH037707000,2010191N12138,571,15.71465919680897,145.39355934989433
267,PH037708000,2010191N12138,966,18.743738558431698,119.88348925576938
268,PH041001000,2010191N12138,95,27.156484413585225,36.56072925801125
269,PH041002000,2010191N12138,47,25.238615898204703,47.17636064869654
270,PH041003000,2010191N12138,143,25.994212270857407,38.33811374525092
271,PH041004000,2010191N12138,48,28.78297736654445,31.03958235859126
272,PH041005000,2010191N12138,368,24.200624991982185,53.1873602441502
273,PH041006000,2010191N12138,93,24.00810116861891,52.84131952405978
274,PH041007000,2010191N12138,190,27.58217208250244,31.899565756590636
275,PH041008000,2010191N12138,142,24.292769236089203,45.91871892095565
276,PH041009000,2010191N12138,48,26.502114321712696,42.21638259097976
277,PH041010000,2010191N12138,93,24.33513732499394,53.237763230919654
278,PH041011000,2010191N12138,144,29.145702058465446,25.44783937577041
279,PH041012000,2010191N12138,144,28.023226248825008,30.976613480880843
280,PH041013000,2010191N12138,144,26.68191857966083,34.355185775964216
281,PH041014000,2010191N12138,335,28.894061338412495,31.623321583661088
282,PH041015000,2010191N12138,274,22.243462400082183,65.84970560337437
283,PH041016000,2010191N12138,45,21.568645503791554,64.22619330021975
284,PH041017000,2010191N12138,48,28.78297736654445,31.03958235859126
285,PH041018000,2010191N12138,48,27.630976982407592,36.58892063459497
286,PH041019000,2010191N12138,486,29.80915682372273,18.044170642741786
287,PH041020000,2010191N12138,94,25.57339687061513,48.99743146401081
288,PH041021000,2010191N12138,374,25.5122694474128,48.070050848843614
289,PH041022000,2010191N12138,94,25.472078640213304,47.68805923522717
290,PH041023000,2010191N12138,370,24.31192129371173,56.65750337601645
291,PH041024000,2010191N12138,47,23.798086472066093,53.1695973788052
292,PH041025000,2010191N12138,48,28.341658960695277,30.745412465890404
293,PH041026000,2010191N12138,94,24.13839673899113,52.72331239017896
294,PH041027000,2010191N12138,48,25.119139387572208,47.30820630405749
295,PH041028000,2010191N12138,98,30.91945370270917,20.83896800625718
296,PH041029000,2010191N12138,47,24.907225717380527,47.630116854521404
297,PH041030000,2010191N12138,48,30.582290042564466,19.46768289687632
298,PH041031000,2010191N12138,195,31.006596139394706,19.942010745607746
299,PH041032000,2010191N12138,140,23.275598830262304,59.92274579837051
300,PH041033000,2010191N12138,45,21.568645503791554,64.22619330021975
301,PH041034000,2010191N12138,144,28.499954159958826,26.741426367423625
302,PH042101000,2010191N12138,196,31.09136932583511,16.325536251909824
303,PH042102000,2010191N12138,98,32.62797480255181,9.215294603712863
304,PH042103000,2010191N12138,100,37.27280835632352,9.217089038422326
305,PH042104000,2010191N12138,49,34.92701149353468,3.253615838927621
306,PH042105000,2010191N12138,50,35.012313989663326,8.193460389558899
307,PH042106000,2010191N12138,149,35.61017237622739,3.9307183739717995
308,PH042107000,2010191N12138,49,30.479876922078947,15.647024616505329
309,PH042108000,2010191N12138,100,36.28893645693018,3.4463400370027273
310,PH042109000,2010191N12138,100,37.50884150530265,8.55116910642119
311,PH042110000,2010191N12138,196,32.519370389713494,9.019332976910647
312,PH042111000,2010191N12138,50,37.50884150530265,13.870812493785163
313,PH042112000,2010191N12138,98,30.488557297889034,15.647024616505329
314,PH042113000,2010191N12138,295,32.93244582044349,4.5798334614606855
315,PH042114000,2010191N12138,49,30.237322643006568,19.930867393220367
316,PH042115000,2010191N12138,100,34.330556345736845,1.2062844305192737
317,PH042116000,2010191N12138,50,36.85514596937688,13.741402837880674
318,PH042117000,2010191N12138,50,36.85514596937688,13.741402837880674
319,PH042118000,2010191N12138,245,33.932975569985366,3.206194218044283
320,PH042119000,2010191N12138,97,30.707791011672885,19.78504629827065
321,PH042120000,2010191N12138,100,35.012313989663326,5.004752297833598
322,PH042121000,2010191N12138,49,31.801883715199146,7.037206621073649
323,PH042122000,2010191N12138,50,33.79712987957354,3.976218492426824
324,PH042123000,2010191N12138,49,34.92701149353468,3.253615838927621
325,PH043401000,2010191N12138,96,29.98705792543302,26.798616791667083
326,PH043402000,2010191N12138,48,31.936722623431024,16.527273361703667
327,PH043403000,2010191N12138,50,35.90234183716903,5.515998255475015
328,PH043404000,2010191N12138,148,33.95738374585606,3.3261797833543936
329,PH043405000,2010191N12138,246,33.44909880720172,8.850531744483312
330,PH043406000,2010191N12138,97,32.16128575496063,17.667626793030482
331,PH043407000,2010191N12138,195,33.86472008640582,11.937536685011391
332,PH043408000,2010191N12138,100,40.075448084108814,13.158144995815494
333,PH043409000,2010191N12138,99,35.05131350234991,5.099170159693727
334,PH043410000,2010191N12138,49,31.871490392189024,20.125486415417544
335,PH043411000,2010191N12138,98,32.23890459246563,15.70046648621383
336,PH043412000,2010191N12138,98,31.53223591131879,22.12268188708462
337,PH043413000,2010191N12138,147,34.32300749072081,6.9183856690285115
338,PH043414000,2010191N12138,100,37.89835634883213,7.896837945728373
339,PH043415000,2010191N12138,49,33.05013240194298,14.604457287894697
340,PH043416000,2010191N12138,97,31.745817818413006,20.406411459812148
341,PH043417000,2010191N12138,146,31.724400126203697,18.184304447276276
342,PH043418000,2010191N12138,99,36.27733402765752,2.45199763860577
343,PH043419000,2010191N12138,98,34.186979908490656,9.11866996281402
344,PH043420000,2010191N12138,98,36.62878555948563,4.367093488156692
345,PH043421000,2010191N12138,100,37.55710742340632,5.493045382717918
346,PH043422000,2010191N12138,49,32.81930784630861,12.874219738057846
347,PH043423000,2010191N12138,97,30.950693840628947,23.605027485657946
348,PH043424000,2010191N12138,290,30.988521907625962,23.20933930264375
349,PH043425000,2010191N12138,50,36.37631685699452,8.514537608750256
350,PH043426000,2010191N12138,49,34.11430276144029,7.901084703783806
351,PH043427000,2010191N12138,150,40.233238895874116,13.365628259004088
352,PH043428000,2010191N12138,50,34.6388564870841,6.007468432152848
353,PH043429000,2010191N12138,49,40.04082747157065,16.22686223181625
354,PH043430000,2010191N12138,49,33.25817733131084,12.133492577587665
355,PH045601000,2010191N12138,94,25.165772467217923,59.317674518005305
356,PH045602000,2010191N12138,96,29.70573453550881,38.814601297741326
357,PH045603000,2010191N12138,286,27.795220926697635,45.8787410708092
358,PH045605000,2010191N12138,326,23.572839663974072,79.08273886703266
359,PH045606000,2010191N12138,293,39.55449569703792,38.447711662249226
360,PH045607000,2010191N12138,429,30.858126377671738,36.56075120674196
361,PH045608000,2010191N12138,191,27.71972456466676,41.06752241655686
362,PH045610000,2010191N12138,414,21.730515793533087,86.40780704756291
363,PH045615000,2010191N12138,96,28.800705200499802,34.56977164132768
364,PH045616000,2010191N12138,232,21.457074261712908,85.97537045846352
365,PH045617000,2010191N12138,2161,41.545256433562884,28.28542991014157
366,PH045618000,2010191N12138,284,29.70445140557817,46.8557332994879
367,PH045619000,2010191N12138,235,24.86086924248916,62.43074565212692
368,PH045620000,2010191N12138,249,41.86264945069469,23.01052563599219
369,PH045621000,2010191N12138,48,44.089742193412064,25.59381375226872
370,PH045622000,2010191N12138,516,25.39311302715181,64.36416499129562
371,PH045623000,2010191N12138,242,30.57784505249748,27.253680203971708
372,PH045624000,2010191N12138,142,27.246530259664837,45.83582984052913
373,PH045625000,2010191N12138,93,22.081240572980104,80.46486220642048
374,PH045627000,2010191N12138,727,37.158218170960396,3.6667894227212288
375,PH045628000,2010191N12138,411,20.702475058256052,96.24993265653916
376,PH045629000,2010191N12138,141,26.639815183760923,51.36589184800495
377,PH045630000,2010191N12138,335,28.23437344794786,41.950716028803875
378,PH045631000,2010191N12138,294,34.57990817665898,50.795674416175736
379,PH045632000,2010191N12138,145,43.114169825288876,30.329271383731143
380,PH045633000,2010191N12138,96,31.663792153883094,26.608176219971128
381,PH045634000,2010191N12138,140,22.652648177627228,73.38290800604778
382,PH045635000,2010191N12138,47,24.936719401510686,61.66378696605806
383,PH045636000,2010191N12138,390,43.49539795348832,21.79779367685234
384,PH045637000,2010191N12138,190,28.53480833024981,46.13518966651504
385,PH045638000,2010191N12138,496,41.970168881986524,5.88060971151445
386,PH045639000,2010191N12138,145,32.21862139082375,19.328206666792433
387,PH045640000,2010191N12138,268,19.332193066963,114.65547289699298
388,PH045641000,2010191N12138,96,26.655556915197444,44.7503342648408
389,PH045642000,2010191N12138,490,19.01759447903038,115.57830444231958
390,PH045644000,2010191N12138,367,21.4977220713008,90.75132260209868
391,PH045645000,2010191N12138,331,28.72885882535745,36.89561926593468
392,PH045646000,2010191N12138,813,31.062294316500978,40.54331893425093
393,PH045647000,2010191N12138,335,29.31741151347742,35.0024400218564
394,PH045648000,2010191N12138,238,27.831502462430176,38.24778677121437
395,PH045649000,2010191N12138,188,23.87049937656066,65.76987202557551
396,PH045801000,2010191N12138,50,40.10736193984348,23.899932673134774
397,PH045802000,2010191N12138,354,39.78898642982324,29.30902036488837
398,PH045803000,2010191N12138,150,40.704368386418544,22.236622589601602
399,PH045804000,2010191N12138,150,40.10736193984348,1.0248545223058492
400,PH045805000,2010191N12138,51,39.22618760795381,30.01929097593353
401,PH045806000,2010191N12138,50,36.80732735136875,6.514769355928876
402,PH045807000,2010191N12138,100,36.73428306278987,1.4798153248000672
403,PH045808000,2010191N12138,559,34.58073687846966,45.10022078648028
404,PH045809000,2010191N12138,50,40.169894545900455,23.157026982497946
405,PH045810000,2010191N12138,50,39.454821352673896,15.706039293635856
406,PH045811000,2010191N12138,101,35.91625416132414,40.242483281820206
407,PH045812000,2010191N12138,556,41.2983859784022,20.16788443949142
408,PH045813000,2010191N12138,51,39.22618760795381,30.01929097593353
409,PH045814000,2010191N12138,51,40.17990903075169,28.70644164011284
410,PH050501000,2010191N12138,270,22.37105983062182,104.27342797907552
411,PH050502000,2010191N12138,177,20.96763039950241,117.86733979477643
412,PH050503000,2010191N12138,175,20.251531795646226,123.3597036595811
413,PH050504000,2010191N12138,312,21.737558853451006,112.90657610750337
414,PH050505000,2010191N12138,87,18.924647754942853,135.5553283145352
415,PH050506000,2010191N12138,265,20.92577853884514,117.17985833532465
416,PH050507000,2010191N12138,316,22.279447408573155,110.24692981093682
417,PH050508000,2010191N12138,357,21.723734637751438,113.5284301896634
418,PH050509000,2010191N12138,45,22.492016132118597,106.14198418214161
419,PH050510000,2010191N12138,184,24.23441316588678,95.91994560809822
420,PH050511000,2010191N12138,131,19.388261085143473,126.70057358893068
421,PH050512000,2010191N12138,404,22.517863660347302,108.0327789055074
422,PH050513000,2010191N12138,175,18.894140559369383,136.29989569868073
423,PH050514000,2010191N12138,91,22.47003444955376,108.87384730709445
424,PH050515000,2010191N12138,178,21.50596487734132,109.15957741971754
425,PH050516000,2010191N12138,45,21.66793871989677,111.21075447992357
426,PH050517000,2010191N12138,183,23.29367381484485,99.62930270162397
427,PH050518000,2010191N12138,186,25.189694356122235,90.37603566309762
428,PH051601000,2010191N12138,383,33.43146804005992,36.62323114009955
429,PH051602000,2010191N12138,434,35.04265663393069,17.780994858816914
430,PH051603000,2010191N12138,97,34.3543822253097,31.10535606193596
431,PH051604000,2010191N12138,192,31.902766338953086,44.49170707572709
432,PH051605000,2010191N12138,337,36.2844635749435,15.963575708273849
433,PH051606000,2010191N12138,960,34.27892802414542,28.728589268206413
434,PH051607000,2010191N12138,287,34.08345738204802,34.45547404759301
435,PH051608000,2010191N12138,242,36.00104757142055,18.197189515462668
436,PH051609000,2010191N12138,96,33.69860954799462,33.40191406839814
437,PH051610000,2010191N12138,383,32.57229862704342,30.205800009955112
438,PH051611000,2010191N12138,49,34.109931124274254,32.22724512011072
439,PH051612000,2010191N12138,145,35.61294465337824,22.322269784970562
440,PH051701000,2010191N12138,140,25.58135195795714,89.03981495245853
441,PH051702000,2010191N12138,92,22.53812942606968,107.35858401801383
442,PH051703000,2010191N12138,136,21.96966216958056,111.80423129693285
443,PH051704000,2010191N12138,95,27.906743592043004,74.36522790641253
444,PH051705000,2010191N12138,324,25.098407855084822,92.27700399287905
445,PH051706000,2010191N12138,279,25.336634631398606,89.93160559979994
446,PH051707000,2010191N12138,95,27.92019890820511,68.21479227661536
447,PH051708000,2010191N12138,237,29.309916812560267,68.27064695473379
448,PH051709000,2010191N12138,47,26.153583437735815,81.91585990933842
449,PH051710000,2010191N12138,47,25.805599975236515,82.61746169910337
450,PH051711000,2010191N12138,479,36.4381629188754,33.342953792820936
451,PH051712000,2010191N12138,333,30.113112021413396,51.61137139186551
452,PH051713000,2010191N12138,47,25.805599975236515,82.61746169910337
453,PH051714000,2010191N12138,432,35.05643217610625,40.338319246350416
454,PH051715000,2010191N12138,287,31.993492866628106,55.31274656503738
455,PH051716000,2010191N12138,233,25.94756733035569,87.43606443966631
456,PH051717000,2010191N12138,574,34.05406071969192,43.88335297704718
457,PH051718000,2010191N12138,565,26.93223874319719,73.69546901032452
458,PH051719000,2010191N12138,285,29.867391302911585,55.0976770284279
459,PH051720000,2010191N12138,94,27.11378894135472,76.39170116510766
460,PH051721000,2010191N12138,47,25.24217235292127,87.33425824610312
461,PH051722000,2010191N12138,233,25.62267506500746,86.18611051578958
462,PH051723000,2010191N12138,184,23.777271866602693,100.05560889744312
463,PH051724000,2010191N12138,142,28.270933120082486,73.65579982698523
464,PH051725000,2010191N12138,188,27.548890379045996,78.04788544027326
465,PH051726000,2010191N12138,46,24.559266951697673,89.09998848656775
466,PH051727000,2010191N12138,279,24.179211669319294,90.18838591848437
467,PH051728000,2010191N12138,142,27.257741543211754,79.0637556702686
468,PH051729000,2010191N12138,239,31.90728960854546,56.772136968593095
469,PH051730000,2010191N12138,665,30.485028885854554,50.52702357650415
470,PH051731000,2010191N12138,187,27.075449134379564,81.22453052005916
471,PH051732000,2010191N12138,140,24.910390122232346,88.1008857809617
472,PH051733000,2010191N12138,95,30.392333685813604,64.22618036293908
473,PH051734000,2010191N12138,332,29.62295237235856,58.628891686265895
474,PH051735000,2010191N12138,146,34.83566285638584,35.126910347058946
475,PH051736000,2010191N12138,141,28.124877557452702,75.70350919445629
476,PH051737000,2010191N12138,671,35.34568840945836,34.77366131741021
477,PH052001000,2010191N12138,95,37.73541309072911,29.294342078082646
478,PH052002000,2010191N12138,92,30.73095033219279,56.31187633700177
479,PH052003000,2010191N12138,138,28.079499136199956,67.96368486973054
480,PH052004000,2010191N12138,380,37.594737813531566,30.05932049911084
481,PH052005000,2010191N12138,141,33.888639818074836,45.25186301286925
482,PH052006000,2010191N12138,96,38.755839698577475,24.510805272382065
483,PH052007000,2010191N12138,95,36.74486025379523,34.8279929641594
484,PH052008000,2010191N12138,234,31.057278751905173,58.13196147016927
485,PH052009000,2010191N12138,470,32.50539020271653,51.45008204350102
486,PH052010000,2010191N12138,284,35.497833560786624,39.73022087663669
487,PH052011000,2010191N12138,140,28.242600717539464,68.51039178618996
488,PH054101000,2010191N12138,499,13.60572991580348,195.05628767848924
489,PH054102000,2010191N12138,208,13.01692256459017,203.01573539969178
490,PH054103000,2010191N12138,189,10.522943982902861,245.28179841906322
491,PH054104000,2010191N12138,101,12.667386013728317,205.04166352821224
492,PH054105000,2010191N12138,168,10.28416113967988,242.03169969797494
493,PH054106000,2010191N12138,216,10.413183006207582,243.74843446453679
494,PH054107000,2010191N12138,169,16.89519054585295,153.70212659951966
495,PH054108000,2010191N12138,80,10.933778379802662,231.76308327188406
496,PH054109000,2010191N12138,58,9.23282460091131,264.1410349676126
497,PH054110000,2010191N12138,339,11.8872269918346,220.95890921698674
498,PH054111000,2010191N12138,196,12.32468140384354,212.17351207139052
499,PH054112000,2010191N12138,468,11.919766050669203,220.27381320242466
500,PH054113000,2010191N12138,213,11.978312224862028,217.178717489952
501,PH054114000,2010191N12138,115,14.696810351827033,179.10375217904866
502,PH054115000,2010191N12138,106,10.63634676149213,236.86395580259173
503,PH054116000,2010191N12138,42,9.449503977530584,258.18153856023685
504,PH054117000,2010191N12138,133,9.821666349950807,253.87967544124282
505,PH054118000,2010191N12138,35,13.038744739925166,200.1264231951655
506,PH054119000,2010191N12138,146,13.844621290956994,189.53017397546057
507,PH054120000,2010191N12138,347,18.105694610718157,139.19328181097052
508,PH054121000,2010191N12138,194,11.308451850588499,226.75269338204657
509,PH056202000,2010191N12138,120,16.046921367984798,152.27813007263853
510,PH056203000,2010191N12138,228,14.997054265336388,170.46133008712178
511,PH056204000,2010191N12138,116,15.168543489354212,163.369612370094
512,PH056205000,2010191N12138,81,16.228547491180215,153.13061924953146
513,PH056206000,2010191N12138,254,18.1618545776594,138.21631046409667
514,PH056207000,2010191N12138,214,18.307420518329103,141.07053263436865
515,PH056208000,2010191N12138,122,17.125308173295654,141.18798656714415
516,PH056209000,2010191N12138,154,14.85473683239524,169.20967686980913
517,PH056210000,2010191N12138,159,16.30845197148409,153.4292638689637
518,PH056211000,2010191N12138,199,15.999640117321205,159.41023692925268
519,PH056212000,2010191N12138,182,13.929155339822517,180.28462522888796
520,PH056213000,2010191N12138,255,18.305947797268832,139.28523247715918
521,PH056214000,2010191N12138,84,17.7031375656011,135.32180965471179
522,PH056215000,2010191N12138,75,14.278205215889772,174.4621781174651
523,PH056216000,2010191N12138,467,19.311580975842073,126.30842959260424
524,PH060405000,2010191N12138,22,5.810171763150844,285.9957707770692
525,PH060406000,2010191N12138,29,6.531620016820569,290.82786069331786
526,PH060412000,2010191N12138,59,7.323524579038889,269.6606308121748
527,PH060414000,2010191N12138,47,6.752799072438892,282.88315383211926
528,PH060417000,2010191N12138,4,5.520325856214719,298.8462553660328
529,PH060605000,2010191N12138,44,7.065813209607026,243.5813321580192
530,PH060610000,2010191N12138,32,5.920209929367777,287.0906082190427
531,PH060611000,2010191N12138,16,5.608761701567518,293.69855938286975
532,PH082601000,2010191N12138,61,12.70616760380889,212.89169700704204
533,PH082604000,2010191N12138,249,9.891841189305747,279.2261340996352
534,PH082605000,2010191N12138,179,11.54201921446668,240.4129834378103
535,PH082606000,2010191N12138,302,11.918683937842255,229.5406304572279
536,PH082611000,2010191N12138,126,12.707344480698886,207.6499598991504
537,PH082614000,2010191N12138,318,12.1505831154927,218.7499098314521
538,PH082615000,2010191N12138,8,8.182070625614505,295.87598975509644
539,PH082617000,2010191N12138,237,12.54680265196206,218.39821106419507
540,PH082620000,2010191N12138,74,10.198836869003527,268.30639322243513
541,PH082621000,2010191N12138,124,12.973198850226195,212.66812648643776
542,PH082622000,2010191N12138,81,10.520824782809134,262.6096515195943
543,PH082623000,2010191N12138,228,11.018577988018544,251.51124396009774
544,PH084801000,2010191N12138,70,13.12221298827418,184.44135912236334
545,PH084802000,2010191N12138,37,13.711939459886846,172.75197879157943
546,PH084803000,2010191N12138,171,12.25491897118964,188.1156461342626
547,PH084804000,2010191N12138,33,12.206915449515463,201.6973712315367
548,PH084805000,2010191N12138,301,11.807814069581775,193.13441366603885
549,PH084806000,2010191N12138,302,12.954550627603068,196.89928806896262
550,PH084807000,2010191N12138,100,13.453177158315832,196.3921302618453
551,PH084808000,2010191N12138,245,13.431576560749749,180.55477064928849
552,PH084809000,2010191N12138,64,12.85592027321919,207.48329590490226
553,PH084810000,2010191N12138,287,12.402416739537363,202.944111113851
554,PH084811000,2010191N12138,106,12.932466850593125,183.84877613643417
555,PH084812000,2010191N12138,137,13.762262811754475,190.84693265388836
556,PH084813000,2010191N12138,334,12.200887330947518,187.14427742135777
557,PH084814000,2010191N12138,176,13.714604522566537,180.33648253071308
558,PH084815000,2010191N12138,101,12.516580597009039,191.99615074472456
559,PH084816000,2010191N12138,104,12.830255806714035,183.43943270222076
560,PH084817000,2010191N12138,33,11.72235937286617,206.5723301311707
561,PH084818000,2010191N12138,128,11.554201954757131,205.59930683833736
562,PH084819000,2010191N12138,69,12.364390501763369,188.71707520013268
563,PH084820000,2010191N12138,207,12.773552660021295,186.4511177680384
564,PH084821000,2010191N12138,33,12.206915449515463,201.6973712315367
565,PH084822000,2010191N12138,253,11.846634265450936,203.38135829311204
566,PH084823000,2010191N12138,235,12.307090502966675,194.92996458946934
567,PH084824000,2010191N12138,286,11.339575434803553,204.0291337956069
568,PH086001000,2010191N12138,24,9.267885520843794,249.94042085462945
569,PH086002000,2010191N12138,7,6.929227531835599,296.513594102975
570,PH086003000,2010191N12138,883,11.06191910273021,210.90662382766632
571,PH086004000,2010191N12138,91,8.34968458734325,280.60879822396834
572,PH086005000,2010191N12138,109,9.507985117999196,258.55317230092555
573,PH086006000,2010191N12138,51,7.940189276799317,276.1175457345857
574,PH086007000,2010191N12138,249,10.775004147084141,225.71245778706833
575,PH086008000,2010191N12138,198,10.159925199706413,263.1497517989844
576,PH086009000,2010191N12138,88,10.076586143675751,252.89118310125386
577,PH086011000,2010191N12138,418,12.134716636769225,213.52197299057724
578,PH086012000,2010191N12138,119,10.41096015666373,247.08197960749962
579,PH086013000,2010191N12138,30,7.451231615968315,291.45192446632336
580,PH086014000,2010191N12138,222,11.23408116069019,230.27524620214376
581,PH086015000,2010191N12138,34,8.793400774169818,274.8120574401485
582,PH086016000,2010191N12138,135,10.280662988070143,231.77377062940866
583,PH086018000,2010191N12138,24,9.267885520843794,249.94042085462945
584,PH086019000,2010191N12138,5,5.642424112438629,297.5880639851553
585,PH086020000,2010191N12138,45,9.310520417619818,253.64839078344167
586,PH086021000,2010191N12138,27,6.9913079383659325,291.6926593999075
587,PH086022000,2010191N12138,389,10.754101606770611,246.57668495762164
588,PH086023000,2010191N12138,16,7.953544257230586,280.9563632931501
589,PH086024000,2010191N12138,53,10.095382111166565,240.21256262155927
590,PH086025000,2010191N12138,228,10.608680323333951,236.36480823403406
591,PH086026000,2010191N12138,50,9.587892604838766,248.10441655831235
592,PH087801000,2010191N12138,12,7.4688954552569,288.75374128485475
593,PH087802000,2010191N12138,1,5.558674839058841,299.5543520667564
594,PH087803000,2010191N12138,7,5.908825297747698,299.05296500474026
595,PH087804000,2010191N12138,19,6.837411016387257,293.50497338247203
596,PH087805000,2010191N12138,40,7.724715045135313,282.620303457639
597,PH087806000,2010191N12138,44,7.945959653662618,282.9401092254187
598,PH087807000,2010191N12138,18,8.474361583329681,272.7761384442413
599,PH087808000,2010191N12138,17,6.872882885928298,294.01582162232944
600,PH133901000,2010191N12138,51,36.55507452957298,36.31234505866759
601,PH133902000,2010191N12138,51,36.55507452957298,36.31234505866759
602,PH133903000,2010191N12138,51,36.55507452957298,36.31234505866759
603,PH133904000,2010191N12138,51,36.55507452957298,36.31234505866759
604,PH133905000,2010191N12138,51,36.55507452957298,36.31234505866759
605,PH133906000,2010191N12138,51,36.62318537469557,36.14040708138687
606,PH133907000,2010191N12138,51,36.55507452957298,36.31234505866759
607,PH133908000,2010191N12138,51,36.55507452957298,36.31234505866759
608,PH133909000,2010191N12138,51,36.55507452957298,36.31234505866759
609,PH133910000,2010191N12138,50,38.53064837525577,30.597266043632846
610,PH133911000,2010191N12138,50,38.53064837525577,30.597266043632846
611,PH133912000,2010191N12138,50,38.53064837525577,30.597266043632846
612,PH133913000,2010191N12138,51,36.55507452957298,36.31234505866759
613,PH133914000,2010191N12138,50,38.53064837525577,30.597266043632846
614,PH137401000,2010191N12138,50,38.53064837525577,30.597266043632846
615,PH137402000,2010191N12138,51,37.0930987174643,35.91866639368704
616,PH137403000,2010191N12138,51,38.99245946450648,30.433271853513908
617,PH137404000,2010191N12138,305,36.62318537469557,36.14040708138687
618,PH137405000,2010191N12138,51,36.62318537469557,36.14040708138687
619,PH137501000,2010191N12138,102,31.1944829407953,52.45646075436557
620,PH137502000,2010191N12138,51,34.52109465752498,41.83452806382848
621,PH137503000,2010191N12138,51,34.52109465752498,41.83452806382848
622,PH137504000,2010191N12138,51,32.548649142444745,47.36321434390583
623,PH137601000,2010191N12138,51,38.63234951818909,19.839163280471634
624,PH137602000,2010191N12138,50,38.53064837525577,30.597266043632846
625,PH137603000,2010191N12138,100,37.934933406615464,8.514537608750256
626,PH137604000,2010191N12138,50,38.74436977601752,19.522679632105618
627,PH137605000,2010191N12138,50,39.52335034787735,25.057161744326482
628,PH137606000,2010191N12138,51,39.5735319038394,24.976438415410282
629,PH137607000,2010191N12138,101,39.5735319038394,24.976438415410282
630,PH140114000,2010191N12138,7,7.0827457877921445,302.1407210362752
631,PH140119000,2010191N12138,9,7.916015990686431,300.1685046760468
632,PH140126000,2010191N12138,35,7.881062651406525,295.99401622326945
633,PH141101000,2010191N12138,262,9.747118147055334,230.04829205142224
634,PH141102000,2010191N12138,187,10.545199799815453,210.20713060982158
635,PH141103000,2010191N12138,354,9.3835322592879,252.14813339973662
636,PH141104000,2010191N12138,629,9.717926173914098,216.45273237613247
637,PH141105000,2010191N12138,240,8.897834171988388,254.85216787151978
638,PH141106000,2010191N12138,563,10.332674339018833,199.747348750764
639,PH141107000,2010191N12138,340,9.207258069769768,239.79875433363745
640,PH141108000,2010191N12138,265,10.327661568549528,227.3708381867081
641,PH141109000,2010191N12138,296,9.628553701502286,242.3756579464534
642,PH141110000,2010191N12138,91,10.326809281653938,220.13329928556612
643,PH141111000,2010191N12138,154,8.680213986609747,264.79658399409146
644,PH141112000,2010191N12138,138,10.826806270540823,214.9859158133472
645,PH141113000,2010191N12138,570,11.069461623326404,195.16871724703643
646,PH141114000,2010191N12138,136,10.211616406276889,225.0043451365628
647,PH142701000,2010191N12138,145,7.554563895556966,278.7066413346226
648,PH142702000,2010191N12138,345,8.136764651624235,271.8757250850697
649,PH142703000,2010191N12138,182,8.115090844394134,263.90302768982997
650,PH142704000,2010191N12138,200,8.32766366238978,260.02257693343876
651,PH142705000,2010191N12138,181,8.558372825304733,254.5951030130088
652,PH142706000,2010191N12138,288,8.167060916842033,264.1740357741976
653,PH142707000,2010191N12138,193,8.099484998971594,267.3226699125395
654,PH142708000,2010191N12138,258,8.01784524788381,268.39689404678666
655,PH142709000,2010191N12138,65,7.4883315542609985,280.0503509605614
656,PH142710000,2010191N12138,361,8.552556399619416,248.3247977620252
657,PH142711000,2010191N12138,234,8.406942647463685,255.51258982660073
658,PH144401000,2010191N12138,32,6.980412912316252,294.92488710641305
659,PH144402000,2010191N12138,127,8.21193358955582,274.62890764886185
660,PH144403000,2010191N12138,69,7.976728817607214,289.3279166548558
661,PH144404000,2010191N12138,42,6.8066352672917345,294.4372791682481
662,PH144405000,2010191N12138,22,7.034545933089936,293.7541265848411
663,PH144406000,2010191N12138,14,7.07966032101485,294.6117180828778
664,PH144407000,2010191N12138,84,7.701308237785036,282.0282139564807
665,PH144409000,2010191N12138,29,7.1010474384213484,294.59098617674323
666,PH144410000,2010191N12138,114,8.280324157397365,277.20676099615514
667,PH174001000,2010191N12138,351,17.19642585512888,105.14793311145785
668,PH174002000,2010191N12138,130,14.63011036969688,129.21459049948916
669,PH174003000,2010191N12138,131,15.915463540154704,115.80311017972679
670,PH174004000,2010191N12138,180,17.816175655522734,100.94236488054578
671,PH174005000,2010191N12138,492,17.98634343121906,103.59945494984527
672,PH174006000,2010191N12138,307,16.013559263782888,121.09119623693981
673,PH175101000,2010191N12138,853,17.334186393530775,91.96205290815153
674,PH175102000,2010191N12138,331,9.894743276404006,180.35497490264234
675,PH175103000,2010191N12138,135,18.89530707039569,72.72287732802323
676,PH175104000,2010191N12138,181,19.30989720026083,69.41450289476869
677,PH175105000,2010191N12138,285,8.728287322833674,203.41740316268135
678,PH175106000,2010191N12138,406,14.579230783484315,114.93123951262156
679,PH175107000,2010191N12138,762,16.539475227927646,93.89332488005124
680,PH175108000,2010191N12138,350,9.919092903979772,180.98705023737224
681,PH175109000,2010191N12138,2518,13.481030348217487,130.40787546810125
682,PH175110000,2010191N12138,601,9.935190845712084,181.25809264309544
683,PH175111000,2010191N12138,871,14.258532739029627,119.70446710263643
684,PH175201000,2010191N12138,672,16.317058524621405,102.66070649192474
685,PH175202000,2010191N12138,521,11.382175986047795,159.61146945869828
686,PH175203000,2010191N12138,391,10.305756502823868,176.1739523976001
687,PH175204000,2010191N12138,357,8.745037025680743,204.35220209096002
688,PH175205000,2010191N12138,257,16.40060636318137,103.18653204615352
689,PH175206000,2010191N12138,387,12.18672815107159,148.58068280347572
690,PH175207000,2010191N12138,498,9.652091567632397,187.22423289683897
691,PH175208000,2010191N12138,746,15.788930371588464,110.08256092989669
692,PH175209000,2010191N12138,161,13.064003154925716,140.488998099512
693,PH175210000,2010191N12138,248,14.582553096919726,123.09633686273531
694,PH175211000,2010191N12138,86,17.469349288026223,91.98147890943314
695,PH175212000,2010191N12138,104,9.659675096740171,188.45013748073566
696,PH175213000,2010191N12138,215,16.9218803082894,97.11146684138072
697,PH175214000,2010191N12138,279,13.08481960079462,137.56103162570844
698,PH175215000,2010191N12138,242,14.078951742245518,125.92254264635619
699,PH175307000,2010191N12138,266,6.810064965693638,238.19209856979222
700,PH175309000,2010191N12138,353,6.648965989139912,244.83676180204168
701,PH175322000,2010191N12138,117,5.597554923994863,275.47336688198334
702,PH175901000,2010191N12138,96,9.371948693691383,234.25117088504555
703,PH175902000,2010191N12138,40,12.283517772696818,171.02365136107005
704,PH175903000,2010191N12138,142,11.541757817341296,218.21719316778876
705,PH175904000,2010191N12138,37,10.725423297872297,203.2587275317128
706,PH175905000,2010191N12138,39,11.661700238273795,161.90330300614002
707,PH175906000,2010191N12138,39,11.724154389214922,181.72978274320042
708,PH175907000,2010191N12138,62,8.910555248693159,238.44113959325523
709,PH175908000,2010191N12138,109,11.418723062225096,219.31418072012244
710,PH175909000,2010191N12138,135,9.881638718435315,218.06763819165198
711,PH175910000,2010191N12138,73,11.126442610209475,213.81899653155472
712,PH175911000,2010191N12138,107,10.650338635031424,209.979840237496
713,PH175912000,2010191N12138,107,10.489386295357502,207.3196622050085
714,PH175913000,2010191N12138,280,11.130541368525785,224.7837036569183
715,PH175914000,2010191N12138,26,7.94390648586358,258.79283364972343
716,PH175915000,2010191N12138,58,8.637193087819542,249.2076686462453
717,PH175916000,2010191N12138,64,9.110616949052401,231.7196702797089
718,PH175917000,2010191N12138,68,9.806298705502735,224.83857897240614
